{
"type": "FeatureCollection",
"name": "cabrera",
"crs": { "type": "name", "properties": { "name": "urn:ogc:def:crs:OGC:1.3:CRS84" } },
"features": [
{ "type": "Feature", "properties": { "OBJECTID": 5643, "DPTOMPIO": "25120", "CODIGO_VER": "25120012", "NOM_DEP": "CUNDINAMARCA", "NOMB_MPIO": "CABRERA", "NOMBRE_VER": "QUEBRADA NEGRA", "VIGENCIA": "2010", "FUENTE": "EOT CABRERA", "DESCRIPCIO": "NULL", "SEUDONIMOS": "NULL", "AREA_HA": 2062.0530263700002, "COD_DPTO": "25", "ShapeSTAre": 20854654.297851562, "ShapeSTLen": 23432.571554166592 }, "geometry": { "type": "Polygon", "coordinates": [ [ [ -74.486560579928806, 3.949909331544231, 0.0 ], [ -74.486525984010598, 3.949873290709278, 0.0 ], [ -74.486461423887761, 3.949808002091138, 0.0 ], [ -74.486394473347929, 3.949733645005646, 0.0 ], [ -74.486311596576471, 3.949659477007832, 0.0 ], [ -74.486217191724933, 3.949574059232924, 0.0 ], [ -74.486118117430578, 3.949479572984187, 0.0 ], [ -74.486041689664518, 3.949375714452876, 0.0 ], [ -74.485994923370825, 3.949276052729648, 0.0 ], [ -74.485962030658371, 3.949194448170716, 0.0 ], [ -74.485950222303984, 3.949160421922481, 0.0 ], [ -74.485912576605358, 3.949062928934761, 0.0 ], [ -74.485865744734653, 3.948958709189788, 0.0 ], [ -74.485803180668356, 3.948870622510941, 0.0 ], [ -74.48573577558102, 3.948759814902688, 0.0 ], [ -74.485677649192255, 3.948662567421996, 0.0 ], [ -74.485605803732469, 3.948560926841218, 0.0 ], [ -74.485517915260004, 3.948450380877071, 0.0 ], [ -74.485432695682263, 3.948371675389405, 0.0 ], [ -74.485361486229692, 3.94832014037665, 0.0 ], [ -74.485306346739236, 3.948279809443594, 0.0 ], [ -74.485203034193361, 3.948210446650769, 0.0 ], [ -74.485106494046391, 3.948136431764234, 0.0 ], [ -74.485037413601049, 3.948073491906302, 0.0 ], [ -74.484945174587693, 3.947978931999697, 0.0 ], [ -74.484873219533426, 3.947868171770156, 0.0 ], [ -74.484830653761989, 3.94774112876227, 0.0 ], [ -74.48479894772403, 3.947572944617222, 0.0 ], [ -74.484781509627751, 3.947452423992236, 0.0 ], [ -74.484754912308816, 3.947327462756762, 0.0 ], [ -74.484725603874352, 3.947168364045774, 0.0 ], [ -74.484682688658296, 3.947013989093326, 0.0 ], [ -74.484649691741282, 3.946923275490809, 0.0 ], [ -74.484604672670812, 3.946782577169884, 0.0 ], [ -74.484552833590712, 3.946641979197862, 0.0 ], [ -74.48449865709425, 3.946496846505159, 0.0 ], [ -74.484468014661587, 3.946412934892212, 0.0 ], [ -74.484425532433477, 3.946292711632434, 0.0 ], [ -74.484404254039362, 3.9462291891142, 0.0 ], [ -74.484359724550714, 3.946127227401135, 0.0 ], [ -74.48430804716736, 3.946000282707299, 0.0 ], [ -74.484263780885101, 3.945918819423745, 0.0 ], [ -74.484226397494552, 3.945841817345444, 0.0 ], [ -74.484180180969815, 3.94578770832976, 0.0 ], [ -74.484118073247714, 3.945736058444835, 0.0 ], [ -74.484044756347473, 3.945698225056693, 0.0 ], [ -74.483966743054935, 3.945649054913083, 0.0 ], [ -74.483893192592745, 3.945592985029574, 0.0 ], [ -74.483814836143765, 3.945516488370076, 0.0 ], [ -74.483749883457151, 3.945419318477781, 0.0 ], [ -74.483707606044945, 3.945315039127192, 0.0 ], [ -74.483706569389085, 3.945233050611137, 0.0 ], [ -74.483728130752539, 3.945137121007972, 0.0 ], [ -74.483787459985493, 3.944965561296095, 0.0 ], [ -74.483802647801994, 3.944906157551276, 0.0 ], [ -74.483817645175662, 3.944830804363117, 0.0 ], [ -74.483821049790592, 3.944739647805754, 0.0 ], [ -74.483811182695518, 3.944678263471229, 0.0 ], [ -74.48371817292761, 3.944522210393414, 0.0 ], [ -74.483662916656186, 3.944472763258337, 0.0 ], [ -74.483607521145885, 3.944411927370812, 0.0 ], [ -74.483512970767279, 3.944315114928119, 0.0 ], [ -74.483462298598724, 3.944267892118247, 0.0 ], [ -74.48340917941934, 3.944207032914851, 0.0 ], [ -74.48337416219124, 3.94413683095023, 0.0 ], [ -74.483398138226178, 3.944052262193237, 0.0 ], [ -74.483429210053558, 3.943988103210338, 0.0 ], [ -74.483496550462206, 3.943912128880688, 0.0 ], [ -74.483548525187899, 3.943881885225489, 0.0 ], [ -74.483596211356442, 3.943872197433417, 0.0 ], [ -74.483657557307197, 3.94386234743116, 0.0 ], [ -74.483723394834371, 3.943847887437672, 0.0 ], [ -74.483809314199718, 3.943801291932861, 0.0 ], [ -74.483862716348412, 3.943702695108398, 0.0 ], [ -74.483850246833967, 3.943616284640402, 0.0 ], [ -74.483822161904925, 3.943555119789023, 0.0 ], [ -74.483737271110556, 3.943319241194442, 0.0 ], [ -74.48371840559129, 3.943267073159094, 0.0 ], [ -74.483690174236855, 3.943194523100618, 0.0 ], [ -74.483659819265085, 3.943133392273425, 0.0 ], [ -74.483634181346872, 3.943085859315019, 0.0 ], [ -74.483628777980442, 3.943017588542807, 0.0 ], [ -74.4836008340869, 3.942967817794001, 0.0 ], [ -74.483563932193334, 3.942929533496727, 0.0 ], [ -74.483525043226379, 3.94291406527435, 0.0 ], [ -74.483465688840596, 3.942901108173379, 0.0 ], [ -74.483413451806825, 3.94291085154053, 0.0 ], [ -74.483356751942736, 3.942927476742965, 0.0 ], [ -74.483261353554511, 3.942944578717633, 0.0 ], [ -74.483202378257786, 3.942961239766967, 0.0 ], [ -74.483168517161474, 3.942984420590586, 0.0 ], [ -74.483132323140367, 3.943003078348029, 0.0 ], [ -74.483064271266016, 3.943022118777737, 0.0 ], [ -74.48302345002287, 3.943034005827307, 0.0 ], [ -74.48295971545177, 3.943034775653571, 0.0 ], [ -74.482893622803047, 3.943028737132781, 0.0 ], [ -74.482818111318593, 3.942997763051494, 0.0 ], [ -74.482790368647684, 3.942963923852927, 0.0 ], [ -74.48276485200202, 3.942925507815704, 0.0 ], [ -74.482739135032062, 3.942871146780958, 0.0 ], [ -74.482745098947248, 3.942802746939903, 0.0 ], [ -74.482771707045956, 3.942745471489826, 0.0 ], [ -74.482793701397384, 3.942683706127611, 0.0 ], [ -74.482845185642944, 3.942614740775601, 0.0 ], [ -74.482894492372253, 3.942552650983094, 0.0 ], [ -74.482926076239323, 3.942529485382666, 0.0 ], [ -74.482975637191871, 3.942487881579412, 0.0 ], [ -74.483029781348989, 3.942448509285969, 0.0 ], [ -74.483104238211311, 3.942395216478018, 0.0 ], [ -74.483163048218017, 3.942364894799156, 0.0 ], [ -74.483224192047828, 3.942339097980711, 0.0 ], [ -74.483262135987118, 3.942279424295066, 0.0 ], [ -74.483281660869821, 3.942201732709596, 0.0 ], [ -74.483285695203762, 3.942160680942865, 0.0 ], [ -74.483271267361985, 3.942099353774053, 0.0 ], [ -74.483245608782525, 3.942049550707414, 0.0 ], [ -74.483212718765031, 3.941967938269026, 0.0 ], [ -74.483188308843808, 3.941836114976712, 0.0 ], [ -74.483186539162688, 3.9416949022774, 0.0 ], [ -74.483180843843797, 3.941603859192318, 0.0 ], [ -74.483179555659675, 3.941501366366977, 0.0 ], [ -74.483178056371472, 3.941380659349883, 0.0 ], [ -74.483178871143437, 3.941264477182672, 0.0 ], [ -74.483190959772216, 3.941139037346884, 0.0 ], [ -74.48319810317534, 3.940981787189518, 0.0 ], [ -74.483208344867904, 3.940890541487161, 0.0 ], [ -74.483196561666333, 3.940858795705565, 0.0 ], [ -74.483141172444221, 3.940797952384052, 0.0 ], [ -74.483046990374888, 3.940730755957438, 0.0 ], [ -74.482962146292934, 3.940681676931516, 0.0 ], [ -74.4828772213626, 3.940625744726382, 0.0 ], [ -74.482819752540621, 3.94058087779448, 0.0 ], [ -74.482681506309987, 3.940448157194437, 0.0 ], [ -74.482557105812802, 3.940328680495865, 0.0 ], [ -74.482496018576839, 3.940293746042239, 0.0 ], [ -74.482339638055549, 3.940230329712382, 0.0 ], [ -74.482235368803899, 3.940188038414856, 0.0 ], [ -74.482149512320618, 3.940130011775814, 0.0 ], [ -74.482063764533478, 3.940060585569294, 0.0 ], [ -74.481951152627786, 3.939949780370985, 0.0 ], [ -74.481872277850883, 3.939875876772744, 0.0 ], [ -74.481775584990331, 3.939767546833279, 0.0 ], [ -74.481689838999841, 3.93969811701174, 0.0 ], [ -74.48156325290158, 3.939616810840501, 0.0 ], [ -74.481445654447739, 3.939544712144691, 0.0 ], [ -74.4812692405973, 3.939440002780882, 0.0 ], [ -74.481074332231785, 3.939360161859723, 0.0 ], [ -74.480945105086576, 3.939310738614836, 0.0 ], [ -74.480840882547326, 3.939266180798613, 0.0 ], [ -74.480686519642163, 3.939225575191099, 0.0 ], [ -74.480529823812205, 3.939189513280327, 0.0 ], [ -74.48041874443237, 3.939147145753455, 0.0 ], [ -74.480275829657188, 3.939099832134586, 0.0 ], [ -74.48013323288562, 3.939025179243285, 0.0 ], [ -74.479999668674225, 3.938957459296619, 0.0 ], [ -74.479822989820789, 3.938875545433896, 0.0 ], [ -74.479673661972797, 3.938791672484166, 0.0 ], [ -74.479411043092739, 3.93865857609356, 0.0 ], [ -74.479218786553957, 3.938544558750231, 0.0 ], [ -74.479031362951389, 3.938405510696564, 0.0 ], [ -74.478811803017848, 3.938291167103946, 0.0 ], [ -74.478605834594561, 3.938181541061464, 0.0 ], [ -74.478446133899979, 3.938006336884682, 0.0 ], [ -74.478290166603713, 3.937904145633659, 0.0 ], [ -74.478104510885615, 3.937810729906818, 0.0 ], [ -74.477918545248784, 3.937746949532746, 0.0 ], [ -74.477775537048814, 3.937708760888032, 0.0 ], [ -74.477596183910748, 3.937663307687527, 0.0 ], [ -74.477462107659662, 3.937641189602566, 0.0 ], [ -74.477321305722015, 3.937609874766664, 0.0 ], [ -74.477209941576248, 3.937592588066207, 0.0 ], [ -74.477041525426785, 3.937588304255272, 0.0 ], [ -74.476866245250235, 3.937586222394822, 0.0 ], [ -74.476736493488914, 3.937584692590372, 0.0 ], [ -74.476424971223096, 3.937551339805368, 0.0 ], [ -74.47627493909593, 3.937531317020902, 0.0 ], [ -74.476172803343061, 3.9375027490181, 0.0 ], [ -74.476016017681587, 3.937475796853651, 0.0 ], [ -74.475859326343212, 3.937439733970889, 0.0 ], [ -74.475689158478929, 3.937387543161867, 0.0 ], [ -74.475573445588864, 3.937351966909124, 0.0 ], [ -74.475462482990025, 3.937298196102734, 0.0 ], [ -74.475362757417074, 3.937258248206423, 0.0 ], [ -74.475233613815206, 3.937201981490395, 0.0 ], [ -74.475024821088667, 3.937142492052489, 0.0 ], [ -74.474859269666652, 3.937083520611207, 0.0 ], [ -74.474707139973276, 3.937047502521189, 0.0 ], [ -74.474530216778064, 3.936988391266705, 0.0 ], [ -74.474366981212839, 3.936927164986715, 0.0 ], [ -74.474299419818635, 3.936860233521399, 0.0 ], [ -74.474243472742742, 3.936772906430649, 0.0 ], [ -74.474170568169228, 3.936571365450211, 0.0 ], [ -74.474128403046421, 3.936472812578634, 0.0 ], [ -74.474051804600464, 3.936398931076535, 0.0 ], [ -74.473995580843464, 3.936336694740187, 0.0 ], [ -74.473869676566494, 3.936193806116756, 0.0 ], [ -74.473782159996574, 3.936078745263245, 0.0 ], [ -74.47371469562043, 3.936002692242131, 0.0 ], [ -74.47368133308909, 3.935931607727744, 0.0 ], [ -74.473688936429639, 3.935861003568689, 0.0 ], [ -74.473685770766593, 3.935735546786867, 0.0 ], [ -74.473659815743076, 3.935612092986225, 0.0 ], [ -74.473698095652281, 3.935443796155766, 0.0 ], [ -74.473683750455507, 3.935299960994873, 0.0 ], [ -74.473691113945904, 3.935252156041207, 0.0 ], [ -74.473707800152312, 3.935183940190496, 0.0 ], [ -74.473720717027774, 3.935044989261083, 0.0 ], [ -74.47371016631476, 3.934969619048127, 0.0 ], [ -74.473681654685947, 3.934871222821578, 0.0 ], [ -74.473648390070977, 3.934791012228798, 0.0 ], [ -74.473569880010089, 3.934685182915912, 0.0 ], [ -74.473489293044281, 3.934561079216031, 0.0 ], [ -74.473422242791472, 3.93444854272708, 0.0 ], [ -74.473371043311843, 3.934343032417289, 0.0 ], [ -74.473390640958087, 3.934217843370171, 0.0 ], [ -74.473448420597151, 3.934138716218408, 0.0 ], [ -74.473504618303025, 3.933997993329961, 0.0 ], [ -74.473610832407275, 3.933862431626512, 0.0 ], [ -74.473744773012768, 3.933690710962589, 0.0 ], [ -74.473806988532715, 3.933623039872995, 0.0 ], [ -74.473924447747677, 3.933501293018687, 0.0 ], [ -74.47404624402887, 3.93339784295104, 0.0 ], [ -74.474191058740871, 3.933271861521622, 0.0 ], [ -74.474333521663453, 3.93315268491626, 0.0 ], [ -74.474469138525265, 3.933035722803214, 0.0 ], [ -74.474538806468814, 3.932911121466725, 0.0 ], [ -74.4745398691758, 3.932815358928594, 0.0 ], [ -74.474527369118604, 3.932710312643577, 0.0 ], [ -74.474503711087294, 3.932584605347516, 0.0 ], [ -74.474459089970495, 3.932501982859754, 0.0 ], [ -74.474405334783896, 3.932421530960962, 0.0 ], [ -74.474365325617782, 3.932334400568982, 0.0 ], [ -74.474327859582218, 3.932222215089939, 0.0 ], [ -74.474294955191681, 3.932110080679267, 0.0 ], [ -74.474280302771078, 3.931993606849301, 0.0 ], [ -74.474279314624269, 3.931877292526862, 0.0 ], [ -74.474271687927498, 3.931742657150321, 0.0 ], [ -74.474284656905255, 3.931599144879186, 0.0 ], [ -74.474313103855351, 3.931496867702971, 0.0 ], [ -74.474355139620769, 3.931401588951124, 0.0 ], [ -74.474442591511988, 3.93131597392927, 0.0 ], [ -74.474504798947109, 3.931248302646872, 0.0 ], [ -74.474562496839482, 3.931178294065064, 0.0 ], [ -74.474634220128408, 3.931074237876745, 0.0 ], [ -74.474651257576085, 3.930974104351041, 0.0 ], [ -74.474636477594714, 3.930869033636552, 0.0 ], [ -74.47461288064882, 3.930738776940811, 0.0 ], [ -74.474543641201663, 3.930617084333572, 0.0 ], [ -74.474451477646767, 3.930511090485669, 0.0 ], [ -74.474323162291597, 3.930379590701121, 0.0 ], [ -74.474213434876262, 3.930214094343614, 0.0 ], [ -74.47416457550797, 3.930108148839468, 0.0 ], [ -74.474140565337052, 3.930010271836677, 0.0 ], [ -74.47412706635329, 3.929952904990167, 0.0 ], [ -74.474075983654657, 3.929879513133087, 0.0 ], [ -74.473959235007072, 3.929732188989049, 0.0 ], [ -74.47384047323493, 3.929559751407796, 0.0 ], [ -74.473703505306929, 3.929387086155199, 0.0 ], [ -74.473593455396411, 3.929251240501599, 0.0 ], [ -74.4734946847326, 3.92912464006497, 0.0 ], [ -74.47342282400146, 3.929034849395124, 0.0 ], [ -74.473373722088041, 3.928945331161655, 0.0 ], [ -74.473338464111436, 3.928840008358247, 0.0 ], [ -74.4732809916962, 3.928684267775743, 0.0 ], [ -74.47323415084233, 3.928597057231063, 0.0 ], [ -74.473151357614185, 3.928466085905472, 0.0 ], [ -74.47308848093418, 3.928387802432604, 0.0 ], [ -74.472998358351617, 3.928302359172713, 0.0 ], [ -74.47289460563124, 3.928214472849651, 0.0 ], [ -74.472795353470445, 3.928131199284141, 0.0 ], [ -74.472770847429487, 3.92808301751333, 0.0 ], [ -74.472771649625031, 3.92801005925501, 0.0 ], [ -74.472800180118469, 3.927900936423567, 0.0 ], [ -74.472840050045733, 3.927794234228377, 0.0 ], [ -74.472880087957932, 3.927673845170431, 0.0 ], [ -74.472917695927322, 3.927567112475185, 0.0 ], [ -74.472952873055519, 3.927474027185838, 0.0 ], [ -74.472988424781207, 3.927346757013818, 0.0 ], [ -74.473014292668111, 3.927271803736926, 0.0 ], [ -74.473017371194601, 3.927198867812804, 0.0 ], [ -74.47300932947617, 3.927102997074035, 0.0 ], [ -74.472989747999605, 3.927020671583696, 0.0 ], [ -74.472954359767314, 3.926926744695765, 0.0 ], [ -74.472916774255822, 3.926825960026411, 0.0 ], [ -74.472863170884509, 3.926731829677723, 0.0 ], [ -74.472811933675629, 3.926630877394219, 0.0 ], [ -74.472771734964994, 3.926559718591858, 0.0 ], [ -74.472676963600833, 3.926483332209722, 0.0 ], [ -74.472564005843751, 3.92640446512026, 0.0 ], [ -74.472455449831557, 3.926339313573163, 0.0 ], [ -74.472367559562471, 3.926258460475475, 0.0 ], [ -74.472329846490211, 3.926169079063884, 0.0 ], [ -74.472333496345229, 3.926043690727955, 0.0 ], [ -74.472378407617839, 3.925893730160935, 0.0 ], [ -74.472419026740056, 3.925720888493148, 0.0 ], [ -74.472430139798419, 3.92553859448689, 0.0 ], [ -74.472408860505979, 3.925403801251048, 0.0 ], [ -74.472385617496315, 3.925241610914388, 0.0 ], [ -74.472343800021534, 3.92511112659954, 0.0 ], [ -74.472254357463626, 3.924964126041141, 0.0 ], [ -74.47218930416571, 3.924876694640474, 0.0 ], [ -74.472089631593349, 3.924832178174464, 0.0 ], [ -74.471967009760434, 3.924803358798177, 0.0 ], [ -74.471835420046034, 3.924763032999414, 0.0 ], [ -74.471690131921875, 3.924724814185105, 0.0 ], [ -74.471517923983612, 3.924652077893026, 0.0 ], [ -74.471393907965364, 3.924543426028465, 0.0 ], [ -74.471238105060806, 3.924427555187049, 0.0 ], [ -74.471050585338503, 3.924297623706001, 0.0 ], [ -74.470910790412304, 3.924175106543256, 0.0 ], [ -74.470903726060925, 3.92399030281332, 0.0 ], [ -74.470940286594654, 3.92377182038226, 0.0 ], [ -74.470947495574805, 3.923737697200668, 0.0 ], [ -74.470972378009861, 3.923546436182006, 0.0 ], [ -74.471023652049666, 3.923232352210915, 0.0 ], [ -74.47106228050518, 3.923032133453634, 0.0 ], [ -74.471061620243447, 3.922886176614647, 0.0 ], [ -74.471046696531644, 3.922794783745442, 0.0 ], [ -74.471020430691055, 3.922698695618063, 0.0 ], [ -74.470998326745175, 3.922639143307092, 0.0 ], [ -74.470929963155413, 3.922439939814773, 0.0 ], [ -74.470887716285915, 3.92234822157209, 0.0 ], [ -74.47080295125572, 3.922189863737894, 0.0 ], [ -74.470745050344064, 3.922072875890636, 0.0 ], [ -74.470696287095507, 3.921953708440488, 0.0 ], [ -74.470699216501643, 3.921894450930067, 0.0 ], [ -74.470704428526915, 3.921835232848766, 0.0 ], [ -74.470723539286269, 3.921753361218517, 0.0 ], [ -74.470733913031182, 3.921639464345007, 0.0 ], [ -74.470755990027598, 3.921496061467117, 0.0 ], [ -74.47077524811067, 3.921400508229076, 0.0 ], [ -74.47078516371478, 3.921327649762733, 0.0 ], [ -74.470756275691869, 3.921263460351632, 0.0 ], [ -74.470690713049166, 3.921221630537718, 0.0 ], [ -74.47062247522355, 3.921216261329534, 0.0 ], [ -74.470556289150053, 3.921231433308292, 0.0 ], [ -74.470464559481442, 3.921291929431079, 0.0 ], [ -74.47040272215223, 3.9213253913079, 0.0 ], [ -74.470306235005864, 3.921404064398894, 0.0 ], [ -74.470221086395043, 3.921487424671541, 0.0 ], [ -74.470186203914238, 3.921553146587942, 0.0 ], [ -74.470139926304071, 3.92162099879487, 0.0 ], [ -74.470054845965194, 3.921697522742065, 0.0 ], [ -74.470009273532526, 3.92170154494075, 0.0 ], [ -74.469950222777314, 3.921689437118843, 0.0 ], [ -74.469893756475187, 3.921647721145149, 0.0 ], [ -74.469855549329509, 3.921603941193304, 0.0 ], [ -74.469810501512981, 3.921560085061132, 0.0 ], [ -74.469767501855259, 3.9215367638326, 0.0 ], [ -74.469713004660221, 3.921524716950719, 0.0 ], [ -74.469660740676986, 3.921514976918456, 0.0 ], [ -74.46956318453546, 3.921484169629351, 0.0 ], [ -74.469488353075661, 3.921458194714728, 0.0 ], [ -74.469438961904714, 3.921396032545556, 0.0 ], [ -74.469435031775348, 3.921338982366305, 0.0 ], [ -74.469438365423372, 3.921243243594347, 0.0 ], [ -74.469453436458878, 3.92111572242963, 0.0 ], [ -74.469488667486004, 3.921018076491732, 0.0 ], [ -74.469549000137121, 3.920913899840731, 0.0 ], [ -74.469629708375507, 3.920821360499716, 0.0 ], [ -74.469726388659637, 3.920724444044756, 0.0 ], [ -74.469790680186222, 3.920675048374311, 0.0 ], [ -74.469855176528668, 3.920607399530942, 0.0 ], [ -74.469919735753194, 3.920532917057361, 0.0 ], [ -74.469975324401304, 3.920446915549298, 0.0 ], [ -74.4699739553688, 3.920364808078998, 0.0 ], [ -74.469931938468022, 3.920252568114814, 0.0 ], [ -74.469752086764984, 3.920047473241734, 0.0 ], [ -74.469689339442382, 3.919957793622684, 0.0 ], [ -74.469663053838858, 3.91986397975981, 0.0 ], [ -74.469663979103601, 3.91977962004677, 0.0 ], [ -74.469669822644519, 3.91966338288955, 0.0 ], [ -74.469693584880417, 3.919572451218204, 0.0 ], [ -74.469765790564637, 3.91942507686037, 0.0 ], [ -74.469856275168269, 3.919271096479992, 0.0 ], [ -74.469873494973953, 3.919154992788044, 0.0 ], [ -74.46986106229042, 3.919043101288967, 0.0 ], [ -74.469846163731432, 3.918949433406492, 0.0 ], [ -74.469838899055731, 3.918782882627617, 0.0 ], [ -74.469835486355962, 3.918680214028094, 0.0 ], [ -74.469861788129151, 3.918566510318398, 0.0 ], [ -74.469895013218277, 3.918443762884511, 0.0 ], [ -74.469930093328429, 3.918359804532703, 0.0 ], [ -74.469958590584184, 3.918252955932064, 0.0 ], [ -74.469958913977692, 3.918223325253796, 0.0 ], [ -74.469935564966832, 3.918070253414918, 0.0 ], [ -74.469918716165353, 3.91794691350952, 0.0 ], [ -74.469939523842271, 3.91789677471204, 0.0 ], [ -74.469887596727276, 3.917807731175773, 0.0 ], [ -74.469828828043077, 3.91771864819653, 0.0 ], [ -74.469788356244578, 3.917611447301014, 0.0 ], [ -74.469749998181939, 3.917540673103641, 0.0 ], [ -74.469718529299229, 3.917454003606667, 0.0 ], [ -74.469687150248049, 3.917349139113631, 0.0 ], [ -74.46966260647784, 3.917239731685481, 0.0 ], [ -74.469622351173342, 3.917082447447811, 0.0 ], [ -74.469581992562581, 3.91695020617036, 0.0 ], [ -74.469544019877191, 3.916792937113909, 0.0 ], [ -74.469490104790481, 3.916637858382888, 0.0 ], [ -74.46943157775307, 3.916498702717953, 0.0 ], [ -74.469368552851066, 3.916345847448183, 0.0 ], [ -74.469300883659031, 3.916213466244379, 0.0 ], [ -74.469219701110177, 3.916051422000632, 0.0 ], [ -74.46914063589044, 3.91592353707608, 0.0 ], [ -74.469077280408399, 3.91584581166835, 0.0 ], [ -74.469004913027419, 3.915745279292679, 0.0 ], [ -74.468934880367868, 3.915633374790592, 0.0 ], [ -74.468862651327456, 3.915503234916483, 0.0 ], [ -74.468790270471743, 3.915407254393808, 0.0 ], [ -74.468672450134036, 3.915297378885652, 0.0 ], [ -74.468547776549016, 3.915189745702515, 0.0 ], [ -74.468432116659528, 3.915104924861692, 0.0 ], [ -74.468259526038949, 3.915031188448647, 0.0 ], [ -74.468155198396815, 3.914953254139032, 0.0 ], [ -74.46809408061813, 3.91488236320838, 0.0 ], [ -74.468053686074754, 3.914759232548481, 0.0 ], [ -74.468061126820245, 3.914622692635695, 0.0 ], [ -74.468098058358208, 3.914506777401103, 0.0 ], [ -74.468153157424467, 3.914397782758723, 0.0 ], [ -74.468203792762083, 3.914268287074567, 0.0 ], [ -74.468281849173763, 3.914113893484146, 0.0 ], [ -74.46835381051622, 3.91380011695949, 0.0 ], [ -74.468331318498144, 3.913740806890747, 0.0 ], [ -74.468315573726159, 3.913699749242713, 0.0 ], [ -74.468272695341014, 3.913619849397669, 0.0 ], [ -74.46821411170977, 3.913492071648205, 0.0 ], [ -74.468171246799358, 3.913409898967616, 0.0 ], [ -74.46812390558388, 3.913314046364559, 0.0 ], [ -74.468092455565781, 3.9132228254202, 0.0 ], [ -74.468081293998381, 3.913174953778826, 0.0 ], [ -74.468068101340108, 3.913074724901416, 0.0 ], [ -74.468061782590411, 3.912960868968897, 0.0 ], [ -74.468050881534424, 3.912853820717958, 0.0 ], [ -74.468033076027183, 3.912764948719818, 0.0 ], [ -74.468006097822581, 3.912694238640658, 0.0 ], [ -74.467967777489193, 3.91261436917121, 0.0 ], [ -74.467918148264687, 3.912518494967811, 0.0 ], [ -74.467859456835598, 3.912413485564925, 0.0 ], [ -74.467832484020889, 3.91234049905258, 0.0 ], [ -74.467796751733815, 3.912192341019596, 0.0 ], [ -74.46776783137156, 3.912044225979074, 0.0 ], [ -74.467754956716917, 3.91187114932762, 0.0 ], [ -74.467744060152512, 3.911766375550085, 0.0 ], [ -74.467730977987017, 3.911638828743317, 0.0 ], [ -74.467715576371489, 3.911520379474171, 0.0 ], [ -74.467697810390106, 3.911424671843024, 0.0 ], [ -74.467650686566927, 3.911278738969796, 0.0 ], [ -74.467614717124647, 3.911180662593413, 0.0 ], [ -74.467540178515634, 3.91105962496682, 0.0 ], [ -74.467483602619026, 3.910988763282018, 0.0 ], [ -74.467402129016037, 3.910892731157285, 0.0 ], [ -74.467343215703053, 3.910837795349465, 0.0 ], [ -74.46729797115546, 3.910778378420445, 0.0 ], [ -74.467209700000708, 3.910675481198568, 0.0 ], [ -74.467091806001136, 3.910579260830977, 0.0 ], [ -74.467021573915574, 3.910512886498196, 0.0 ], [ -74.4669763895551, 3.910442083917946, 0.0 ], [ -74.466931348026748, 3.910337136094289, 0.0 ], [ -74.466904517145849, 3.910232275191222, 0.0 ], [ -74.466882263181319, 3.910120617310514, 0.0 ], [ -74.466873585455673, 3.910027237014137, 0.0 ], [ -74.466828616690876, 3.909906349786675, 0.0 ], [ -74.466806219894195, 3.909826561607967, 0.0 ], [ -74.466724724731634, 3.909735087548642, 0.0 ], [ -74.466645328931889, 3.909680040533096, 0.0 ], [ -74.466520419988242, 3.90962932317571, 0.0 ], [ -74.466443188230016, 3.909599324740183, 0.0 ], [ -74.466272834414482, 3.909532438585405, 0.0 ], [ -74.466229945249566, 3.909457097439259, 0.0 ], [ -74.466207667030503, 3.909349989589941, 0.0 ], [ -74.466192145040708, 3.909261123493778, 0.0 ], [ -74.466167526710365, 3.909167657064036, 0.0 ], [ -74.466129284530382, 3.909071855956832, 0.0 ], [ -74.46608421964585, 3.908973737199634, 0.0 ], [ -74.466027795564543, 3.908870999284426, 0.0 ], [ -74.46594420732734, 3.908738539824015, 0.0 ], [ -74.465851352968016, 3.90864244291328, 0.0 ], [ -74.465758680068348, 3.908505388466273, 0.0 ], [ -74.465654506936417, 3.908393302855755, 0.0 ], [ -74.465588968548232, 3.908295080056965, 0.0 ], [ -74.465496157308039, 3.908187605502644, 0.0 ], [ -74.465359912523837, 3.90812544324443, 0.0 ], [ -74.46527381439374, 3.908045318811324, 0.0 ], [ -74.465139832465766, 3.907985453571138, 0.0 ], [ -74.465064842004139, 3.907964573285619, 0.0 ], [ -74.464946577898687, 3.907950302670371, 0.0 ], [ -74.464867057233107, 3.907924857005785, 0.0 ], [ -74.464798886781139, 3.907906297049419, 0.0 ], [ -74.464739839619199, 3.907880951760862, 0.0 ], [ -74.464655655798964, 3.907878241571542, 0.0 ], [ -74.464564618731444, 3.90788460478058, 0.0 ], [ -74.464466728416625, 3.907895476905646, 0.0 ], [ -74.464350698421256, 3.907892608084241, 0.0 ], [ -74.464177808661688, 3.907882614261246, 0.0 ], [ -74.464043678511658, 3.907856878217183, 0.0 ], [ -74.463904930122766, 3.907844783638456, 0.0 ], [ -74.463777580456522, 3.907830477172111, 0.0 ], [ -74.463636732704799, 3.907779662910412, 0.0 ], [ -74.463539013069877, 3.907751849409542, 0.0 ], [ -74.463386957936692, 3.907664556918393, 0.0 ], [ -74.463253101772821, 3.907579643004502, 0.0 ], [ -74.463153303436329, 3.907508556968843, 0.0 ], [ -74.463069385517443, 3.907448936360308, 0.0 ], [ -74.462949241238078, 3.907348157410939, 0.0 ], [ -74.462881353755435, 3.907265853278877, 0.0 ], [ -74.462831632004452, 3.907188193388906, 0.0 ], [ -74.462768409473085, 3.907080874636372, 0.0 ], [ -74.462709675823177, 3.906987241265294, 0.0 ], [ -74.462653048722601, 3.906930035056986, 0.0 ], [ -74.462584906118408, 3.906902371197983, 0.0 ], [ -74.462507546799415, 3.906904248794942, 0.0 ], [ -74.462468769223534, 3.906924534907962, 0.0 ], [ -74.46243672721566, 3.906965345529018, 0.0 ], [ -74.462422863515883, 3.907010805776705, 0.0 ], [ -74.462411259977372, 3.90706310603019, 0.0 ], [ -74.46238818674928, 3.907133553989661, 0.0 ], [ -74.462362739273914, 3.907226760740179, 0.0 ], [ -74.462344357048252, 3.907267639459838, 0.0 ], [ -74.462268924615543, 3.907342378537987, 0.0 ], [ -74.462236821522225, 3.907396853017852, 0.0 ], [ -74.462218416838695, 3.90744228008173, 0.0 ], [ -74.462218396177448, 3.907446840981367, 0.0 ], [ -74.462138985106307, 3.907394070232575, 0.0 ], [ -74.462123172960688, 3.907371225402384, 0.0 ], [ -74.462114398216983, 3.907298326281338, 0.0 ], [ -74.46211481952686, 3.907204996755608, 0.0 ], [ -74.462117298877047, 3.907159480056154, 0.0 ], [ -74.462117757017836, 3.90705932484637, 0.0 ], [ -74.462113734362006, 3.906940925118982, 0.0 ], [ -74.462107321289182, 3.906849827160553, 0.0 ], [ -74.462087467623093, 3.906710857181717, 0.0 ], [ -74.462076678856533, 3.906581051111313, 0.0 ], [ -74.462072727167595, 3.906446719068648, 0.0 ], [ -74.462080101437749, 3.90632610825967, 0.0 ], [ -74.46209192865679, 3.906226002242965, 0.0 ], [ -74.462087670642347, 3.906162243656493, 0.0 ], [ -74.462076944757854, 3.906016483735799, 0.0 ], [ -74.46207752147626, 3.905889008648987, 0.0 ], [ -74.462100915402885, 3.905745715102791, 0.0 ], [ -74.462112642908934, 3.905668372337213, 0.0 ], [ -74.462113121710985, 3.905563656039552, 0.0 ], [ -74.462072699319833, 3.905445074166606, 0.0 ], [ -74.462036623876315, 3.905372046717432, 0.0 ], [ -74.461955127815443, 3.905278291268484, 0.0 ], [ -74.461884918187778, 3.905205080077736, 0.0 ], [ -74.461808046653957, 3.905095413846224, 0.0 ], [ -74.461769759558237, 3.90500870810917, 0.0 ], [ -74.46174512415989, 3.904922076750228, 0.0 ], [ -74.461704699972103, 3.904803497475312, 0.0 ], [ -74.461664329683231, 3.904673528892279, 0.0 ], [ -74.461630899778257, 3.904518564428779, 0.0 ], [ -74.461588411261928, 3.90435443149985, 0.0 ], [ -74.461559728953233, 3.904156232814307, 0.0 ], [ -74.461514929970008, 3.903998927300558, 0.0 ], [ -74.461490823679384, 3.903793923449228, 0.0 ], [ -74.461471028403764, 3.903641301571601, 0.0 ], [ -74.461405887070939, 3.903454293062471, 0.0 ], [ -74.461347359135232, 3.903315127142969, 0.0 ], [ -74.461254697015377, 3.903175782850288, 0.0 ], [ -74.461125571379782, 3.903047635158245, 0.0 ], [ -74.461032738580016, 3.902947001766211, 0.0 ], [ -74.460955735892171, 3.902866918961629, 0.0 ], [ -74.460831252749998, 3.902720595634998, 0.0 ], [ -74.460795143170515, 3.902654385587229, 0.0 ], [ -74.460765938042314, 3.902572282647158, 0.0 ], [ -74.460750516663836, 3.902460653322807, 0.0 ], [ -74.460750880481513, 3.902380977361383, 0.0 ], [ -74.460783039270382, 3.902312847556711, 0.0 ], [ -74.460835924887789, 3.902190200809339, 0.0 ], [ -74.460872727068349, 3.902101605513566, 0.0 ], [ -74.46090286195286, 3.901978832366499, 0.0 ], [ -74.46093533964364, 3.901842409571952, 0.0 ], [ -74.460949520448722, 3.901724103213296, 0.0 ], [ -74.460966299181607, 3.90153524714023, 0.0 ], [ -74.461005978666023, 3.901312355656809, 0.0 ], [ -74.461015769404298, 3.901162166603028, 0.0 ], [ -74.461102120859294, 3.900682276286947, 0.0 ], [ -74.461132323117468, 3.90054356161037, 0.0 ], [ -74.461150978430979, 3.900443490753679, 0.0 ], [ -74.461162725699936, 3.900361605382543, 0.0 ], [ -74.4611770879647, 3.900204602981761, 0.0 ], [ -74.461182128411764, 3.9000953564315, 0.0 ], [ -74.461182703333535, 3.89996787686097, 0.0 ], [ -74.461183177644017, 3.899863159852533, 0.0 ], [ -74.461190291402758, 3.899799459038305, 0.0 ], [ -74.461195328256537, 3.899690212435374, 0.0 ], [ -74.461195795380505, 3.899587772726708, 0.0 ], [ -74.46119623645329, 3.899489891259742, 0.0 ], [ -74.461183271967116, 3.899337305345894, 0.0 ], [ -74.461165761107281, 3.899184686243581, 0.0 ], [ -74.46113899400676, 3.899063894248236, 0.0 ], [ -74.461112195465205, 3.898954489812149, 0.0 ], [ -74.461058405244316, 3.898772093188271, 0.0 ], [ -74.460993000705116, 3.898642003576418, 0.0 ], [ -74.460923068656868, 3.898509607031335, 0.0 ], [ -74.460839375316795, 3.898399904076298, 0.0 ], [ -74.460755793367809, 3.898265161144923, 0.0 ], [ -74.4607105892444, 3.898198916689138, 0.0 ], [ -74.460642744880886, 3.898105224968723, 0.0 ], [ -74.460581766341079, 3.898004748722553, 0.0 ], [ -74.460561494060059, 3.897959116806132, 0.0 ], [ -74.460559700124435, 3.897854385207676, 0.0 ], [ -74.460560043280879, 3.89777471060206, 0.0 ], [ -74.46057665582542, 3.897624552284511, 0.0 ], [ -74.460600048853735, 3.897483530187456, 0.0 ], [ -74.46062338169493, 3.897353896561295, 0.0 ], [ -74.460623780546925, 3.897265112545784, 0.0 ], [ -74.460610511531854, 3.897180819569713, 0.0 ], [ -74.460545004584702, 3.897075757162464, 0.0 ], [ -74.460483925433593, 3.896995777762091, 0.0 ], [ -74.460409126313152, 3.896931650121179, 0.0 ], [ -74.460343428923153, 3.896869846421486, 0.0 ], [ -74.460243702451891, 3.896782829737111, 0.0 ], [ -74.460173534146733, 3.896700511126248, 0.0 ], [ -74.460123914803702, 3.896602368517727, 0.0 ], [ -74.460085678013641, 3.896506550741121, 0.0 ], [ -74.460042867900455, 3.896412997749187, 0.0 ], [ -74.459982149872076, 3.896253345328513, 0.0 ], [ -74.459955299228241, 3.896153035561557, 0.0 ], [ -74.459958188210194, 3.896016464838369, 0.0 ], [ -74.459975084622371, 3.895802560277915, 0.0 ], [ -74.459991819337802, 3.895622799707706, 0.0 ], [ -74.459999154980423, 3.89551130031152, 0.0 ], [ -74.460008877446739, 3.895372483506785, 0.0 ], [ -74.460023253186222, 3.895213205517039, 0.0 ], [ -74.460024038313776, 3.895037925126292, 0.0 ], [ -74.460032073744003, 3.894771618922885, 0.0 ], [ -74.460046665977472, 3.894562252609587, 0.0 ], [ -74.460081861970309, 3.89432568532777, 0.0 ], [ -74.460123814192386, 3.894105084518683, 0.0 ], [ -74.460136431030548, 3.893831972857566, 0.0 ], [ -74.46015802473336, 3.893583944229519, 0.0 ], [ -74.460192857806817, 3.893427053490124, 0.0 ], [ -74.460221152043317, 3.893208662578978, 0.0 ], [ -74.460231207784602, 3.892997004184865, 0.0 ], [ -74.460298197850278, 3.892774250252583, 0.0 ], [ -74.46034705003207, 3.892537756856477, 0.0 ], [ -74.460361514704786, 3.892357981249114, 0.0 ], [ -74.460341769734825, 3.892196254152189, 0.0 ], [ -74.460372281013463, 3.891989250592724, 0.0 ], [ -74.460395510548381, 3.891884658961574, 0.0 ], [ -74.460450617699507, 3.891773398367375, 0.0 ], [ -74.460491953677291, 3.891689373714462, 0.0 ], [ -74.460542463250775, 3.891589468505931, 0.0 ], [ -74.460604524260489, 3.891448652430044, 0.0 ], [ -74.460659621530127, 3.891339666446203, 0.0 ], [ -74.460723948989312, 3.891203407731397, 0.0 ], [ -74.460792975535739, 3.891035303632526, 0.0 ], [ -74.460857443132113, 3.890867175301531, 0.0 ], [ -74.460887543880645, 3.890751231693401, 0.0 ], [ -74.460901880094255, 3.890598783112978, 0.0 ], [ -74.460913762110522, 3.890487296495141, 0.0 ], [ -74.460932637511277, 3.890339429473076, 0.0 ], [ -74.460949197055214, 3.890198363135804, 0.0 ], [ -74.460967850572104, 3.890098301803717, 0.0 ], [ -74.460981840036013, 3.890023250195358, 0.0 ], [ -74.461011972225577, 3.889900481559399, 0.0 ], [ -74.461042090940438, 3.88978226224984, 0.0 ], [ -74.461092855635457, 3.889625439813239, 0.0 ], [ -74.461118375874364, 3.88951629764667, 0.0 ], [ -74.461146631483302, 3.889304733326889, 0.0 ], [ -74.461190636355823, 3.889131951338177, 0.0 ], [ -74.461241380389595, 3.888979693365394, 0.0 ], [ -74.461280581970271, 3.888866067191998, 0.0 ], [ -74.461317403015471, 3.888772926521053, 0.0 ], [ -74.461381828390998, 3.888616177388883, 0.0 ], [ -74.461430383230436, 3.888443421250207, 0.0 ], [ -74.461483343407991, 3.88830482734237, 0.0 ], [ -74.461538764969447, 3.88812527041248, 0.0 ], [ -74.461580646224633, 3.887918333071476, 0.0 ], [ -74.461606479077261, 3.887740896582291, 0.0 ], [ -74.46160715640697, 3.887590649539314, 0.0 ], [ -74.461608074485198, 3.887388054390884, 0.0 ], [ -74.461582015257122, 3.88711246511319, 0.0 ], [ -74.461542255822636, 3.886845919794562, 0.0 ], [ -74.46151554531599, 3.886716024618681, 0.0 ], [ -74.461473006494032, 3.886563276857435, 0.0 ], [ -74.461409838759877, 3.886442295735266, 0.0 ], [ -74.461360181687596, 3.886353259619589, 0.0 ], [ -74.461260841491907, 3.886182014990569, 0.0 ], [ -74.461136903627107, 3.885915028422867, 0.0 ], [ -74.46101299450838, 3.88564122130572, 0.0 ], [ -74.460962244186405, 3.885496952775613, 0.0 ], [ -74.461077654344223, 3.885537524241069, 0.0 ], [ -74.46137420888077, 3.885570741073861, 0.0 ], [ -74.461579598789015, 3.885569521277058, 0.0 ], [ -74.461887419097536, 3.885579551215188, 0.0 ], [ -74.462137826279616, 3.885578312597161, 0.0 ], [ -74.462343224272672, 3.885600262665084, 0.0 ], [ -74.462514304825277, 3.885622227072461, 0.0 ], [ -74.462833964030935, 3.885701207337508, 0.0 ], [ -74.463142363752823, 3.885779631920073, 0.0 ], [ -74.463381533010676, 3.885801572124015, 0.0 ], [ -74.463621265512245, 3.885834798805166, 0.0 ], [ -74.463803613633445, 3.885891237465504, 0.0 ], [ -74.463906595599312, 3.885913799664075, 0.0 ], [ -74.463986525896658, 3.885970280442858, 0.0 ], [ -74.464215025863894, 3.886060608991293, 0.0 ], [ -74.4643517934676, 3.886117638265141, 0.0 ], [ -74.464569071680316, 3.886253745439685, 0.0 ], [ -74.46486685870542, 3.886504559079854, 0.0 ], [ -74.465015493952322, 3.886675180750141, 0.0 ], [ -74.465061661968022, 3.886732242247409, 0.0 ], [ -74.465175944740167, 3.886868972215818, 0.0 ], [ -74.465381994910146, 3.88705142698568, 0.0 ], [ -74.465554276510275, 3.887268386391249, 0.0 ], [ -74.465623561771508, 3.887428304012169, 0.0 ], [ -74.465634850899704, 3.887496680593942, 0.0 ], [ -74.465704139754195, 3.887667907031028, 0.0 ], [ -74.465796529684525, 3.887885467660346, 0.0 ], [ -74.465923281072804, 3.888193433630825, 0.0 ], [ -74.466130546663351, 3.888604800427375, 0.0 ], [ -74.466382818747974, 3.889004272036486, 0.0 ], [ -74.466543889373355, 3.889289622612001, 0.0 ], [ -74.466670612913859, 3.889541070787549, 0.0 ], [ -74.466763009132407, 3.889803841162553, 0.0 ], [ -74.466854825937617, 3.889998230601084, 0.0 ], [ -74.466946588843882, 3.89008918698609, 0.0 ], [ -74.467049603149079, 3.890180697241018, 0.0 ], [ -74.467186948369502, 3.890259759533588, 0.0 ], [ -74.467358038803553, 3.890328072252265, 0.0 ], [ -74.467643365297363, 3.890372023226212, 0.0 ], [ -74.467848771375287, 3.890405844834097, 0.0 ], [ -74.467985518317732, 3.890405216566155, 0.0 ], [ -74.468167828709696, 3.890392699604817, 0.0 ], [ -74.468406351180562, 3.890219640899363, 0.0 ], [ -74.468485650860586, 3.890128046401554, 0.0 ], [ -74.468542429776448, 3.890024590082591, 0.0 ], [ -74.468586804754835, 3.889840887485811, 0.0 ], [ -74.46860926084031, 3.889714829600516, 0.0 ], [ -74.468619270767519, 3.88945144437283, 0.0 ], [ -74.468618632963668, 3.889291497559583, 0.0 ], [ -74.468629261830117, 3.889142284165275, 0.0 ], [ -74.468651124129181, 3.888970458438611, 0.0 ], [ -74.468672368387345, 3.888661287299642, 0.0 ], [ -74.468660500744136, 3.888547134986232, 0.0 ], [ -74.468682314534149, 3.888260563470212, 0.0 ], [ -74.468633677948048, 3.887711222703807, 0.0 ], [ -74.468563734221718, 3.88734557669386, 0.0 ], [ -74.468378904055371, 3.886773692873813, 0.0 ], [ -74.468228424567187, 3.886259433040042, 0.0 ], [ -74.468181607069525, 3.886007941762012, 0.0 ], [ -74.468122940793265, 3.885698811660582, 0.0 ], [ -74.468121688541771, 3.885424141383986, 0.0 ], [ -74.468246556162882, 3.885297468906623, 0.0 ], [ -74.468405781648684, 3.885251054771098, 0.0 ], [ -74.468508206659052, 3.885261748834795, 0.0 ], [ -74.468576859506328, 3.885261717466028, 0.0 ], [ -74.468580857009343, 3.885261699541007, 0.0 ], [ -74.468605328914308, 3.885261562414661, 0.0 ], [ -74.469470888029917, 3.886213783458452, 0.0 ], [ -74.469691573552495, 3.886874492213475, 0.0 ], [ -74.470206407024989, 3.888195868735548, 0.0 ], [ -74.470794570872428, 3.889223518160606, 0.0 ], [ -74.471970498817001, 3.89039774456942, 0.0 ], [ -74.472484892115006, 3.890764626969366, 0.0 ], [ -74.474468853759319, 3.891791628862307, 0.0 ], [ -74.476012409149078, 3.893626477179012, 0.0 ], [ -74.477129628596586, 3.89490250768358, 0.0 ], [ -74.478452157103959, 3.895342420928999, 0.0 ], [ -74.480212402309931, 3.895905625126537, 0.0 ], [ -74.480289078909308, 3.896111225108582, 0.0 ], [ -74.480289183113896, 3.896331497368266, 0.0 ], [ -74.48050964046439, 3.89647823945445, 0.0 ], [ -74.481538313872662, 3.896918287207918, 0.0 ], [ -74.482052664051508, 3.897138310998319, 0.0 ], [ -74.482273293878549, 3.897652168948484, 0.0 ], [ -74.482640781186561, 3.898019115404165, 0.0 ], [ -74.483449179602303, 3.898679529893417, 0.0 ], [ -74.483963763343155, 3.899413507786464, 0.0 ], [ -74.484184363525785, 3.899853951932233, 0.0 ], [ -74.485360324708026, 3.901028147375281, 0.0 ], [ -74.485727709608085, 3.901174823216617, 0.0 ], [ -74.485801347206873, 3.901541898984479, 0.0 ], [ -74.485948670015162, 3.902377836962706, 0.0 ], [ -74.486463214230113, 3.903038390527322, 0.0 ], [ -74.486830819217417, 3.903625598705458, 0.0 ], [ -74.487418873470389, 3.904359538220571, 0.0 ], [ -74.488007140624092, 3.905534026705017, 0.0 ], [ -74.488595585644219, 3.90707561736594, 0.0 ], [ -74.490211852469727, 3.907221679131261, 0.0 ], [ -74.493752726553765, 3.907073111513913, 0.0 ], [ -74.495443553547844, 3.909471439726868, 0.0 ], [ -74.496399225364542, 3.910792566534954, 0.0 ], [ -74.496987364059137, 3.911673349444984, 0.0 ], [ -74.497796105631338, 3.912994556130398, 0.0 ], [ -74.497830861449685, 3.913237224105266, 0.0 ], [ -74.497876431187422, 3.913476508776911, 0.0 ], [ -74.497899231327636, 3.913624631630161, 0.0 ], [ -74.49791064711826, 3.913749974328743, 0.0 ], [ -74.497928084316257, 3.913895697952197, 0.0 ], [ -74.497975696822934, 3.914180363427149, 0.0 ], [ -74.499720287088465, 3.916574943032912, 0.0 ], [ -74.501586747296997, 3.918127876498998, 0.0 ], [ -74.503449362716111, 3.919739591548639, 0.0 ], [ -74.503854345704084, 3.920076249763825, 0.0 ], [ -74.503936739181952, 3.920200557265711, 0.0 ], [ -74.504698495271512, 3.922632518516655, 0.0 ], [ -74.504949057862135, 3.922960491287149, 0.0 ], [ -74.505207766375747, 3.923127614808315, 0.0 ], [ -74.506145924637664, 3.923704342965636, 0.0 ], [ -74.506734686763096, 3.924156506617814, 0.0 ], [ -74.507278494496745, 3.925242134299863, 0.0 ], [ -74.507369409393391, 3.925966023618469, 0.0 ], [ -74.507370264589539, 3.927666319733483, 0.0 ], [ -74.507597082012254, 3.928571121074463, 0.0 ], [ -74.508276570388119, 3.929385205023893, 0.0 ], [ -74.508684291441057, 3.929927943944574, 0.0 ], [ -74.509875600339939, 3.931224797071496, 0.0 ], [ -74.510872090704822, 3.932219686908242, 0.0 ], [ -74.511551730895945, 3.933305239571617, 0.0 ], [ -74.512729021584832, 3.933711850503275, 0.0 ], [ -74.513134728614901, 3.933954844053714, 0.0 ], [ -74.513181888370681, 3.933983089546732, 0.0 ], [ -74.513176571242511, 3.934050837680173, 0.0 ], [ -74.513135795813469, 3.934214944168388, 0.0 ], [ -74.512949342391394, 3.934965359421036, 0.0 ], [ -74.512827834469448, 3.935454386516448, 0.0 ], [ -74.513148106326128, 3.937217640708552, 0.0 ], [ -74.513148112614317, 3.937217666698213, 0.0 ], [ -74.513178274448293, 3.937383730748435, 0.0 ], [ -74.513179352426647, 3.939489059475265, 0.0 ], [ -74.513179349731701, 3.939489103388674, 0.0 ], [ -74.512468527220406, 3.939935029046982, 0.0 ], [ -74.512407518137906, 3.939973302727782, 0.0 ], [ -74.511743046898644, 3.940317675260375, 0.0 ], [ -74.510928516582752, 3.940705123987498, 0.0 ], [ -74.509937945217274, 3.941041370453011, 0.0 ], [ -74.509841011608231, 3.941117716964248, 0.0 ], [ -74.509723595512398, 3.941194300959094, 0.0 ], [ -74.509615434758928, 3.941282173366008, 0.0 ], [ -74.509495486312289, 3.941338292830852, 0.0 ], [ -74.509414150151528, 3.941387109234163, 0.0 ], [ -74.509273539555039, 3.941429812718396, 0.0 ], [ -74.50911692277684, 3.941465880805385, 0.0 ], [ -74.508930645424584, 3.941497748445736, 0.0 ], [ -74.508855850795698, 3.941523710189351, 0.0 ], [ -74.508763163522985, 3.941574948984606, 0.0 ], [ -74.508709137943512, 3.941623428406431, 0.0 ], [ -74.508658007634168, 3.941722004865102, 0.0 ], [ -74.50861255827067, 3.941909347154389, 0.0 ], [ -74.508480434956994, 3.942084062981833, 0.0 ], [ -74.508388460946634, 3.942192233993942, 0.0 ], [ -74.508314352630649, 3.9422728614978, 0.0 ], [ -74.508194567677407, 3.942342643306949, 0.0 ], [ -74.508097870325287, 3.942437202958842, 0.0 ], [ -74.50799690417891, 3.942554599298859, 0.0 ], [ -74.507878062456726, 3.942699541791849, 0.0 ], [ -74.50774981447519, 3.942819546901363, 0.0 ], [ -74.507625681675947, 3.942905331016109, 0.0 ], [ -74.507464932647451, 3.942975613741756, 0.0 ], [ -74.507297427389673, 3.943050537823663, 0.0 ], [ -74.507193836366056, 3.943140628997812, 0.0 ], [ -74.507094825852064, 3.943232937333029, 0.0 ], [ -74.506955286047415, 3.943359904854356, 0.0 ], [ -74.506849786103814, 3.943479637427253, 0.0 ], [ -74.506728481201108, 3.943608667040101, 0.0 ], [ -74.506595764999346, 3.943735560120418, 0.0 ], [ -74.506493964318096, 3.943786899152419, 0.0 ], [ -74.506351195069982, 3.943838746319835, 0.0 ], [ -74.50617209795179, 3.94389784902182, 0.0 ], [ -74.506013259639886, 3.943938500106775, 0.0 ], [ -74.50585893626058, 3.943976816620308, 0.0 ], [ -74.505741182398211, 3.944026076481641, 0.0 ], [ -74.505641550250047, 3.944068280653736, 0.0 ], [ -74.505473973127053, 3.944138644834127, 0.0 ], [ -74.505284121378267, 3.944247999442678, 0.0 ], [ -74.505148607822719, 3.944333925007606, 0.0 ], [ -74.50494737891087, 3.944443419395683, 0.0 ], [ -74.504728174710181, 3.944571356406652, 0.0 ], [ -74.504542547738183, 3.944655606964352, 0.0 ], [ -74.504343292425006, 3.944740019723394, 0.0 ], [ -74.50414369575202, 3.944799375085972, 0.0 ], [ -74.504027988251863, 3.944830389428551, 0.0 ], [ -74.503851091107791, 3.944882647880668, 0.0 ], [ -74.503710304441526, 3.944911680750938, 0.0 ], [ -74.503276113630434, 3.94496021016462, 0.0 ], [ -74.503021333449524, 3.944974679100644, 0.0 ], [ -74.502766926069484, 3.94501875356628, 0.0 ], [ -74.502571953923592, 3.94508262031278, 0.0 ], [ -74.50242445055396, 3.945120847154874, 0.0 ], [ -74.502300075209604, 3.945186134349219, 0.0 ], [ -74.502200720640857, 3.945251116835026, 0.0 ], [ -74.502056468274219, 3.945366757148439, 0.0 ], [ -74.501889560396123, 3.945489500617954, 0.0 ], [ -74.501770124887528, 3.945586623004174, 0.0 ], [ -74.501612487623149, 3.945722925735414, 0.0 ], [ -74.501459299714369, 3.945852338567457, 0.0 ], [ -74.501333636185919, 3.945997365622859, 0.0 ], [ -74.50122387463459, 3.946139925454172, 0.0 ], [ -74.50111414991423, 3.946284753506237, 0.0 ], [ -74.501020376578353, 3.946431667852254, 0.0 ], [ -74.500922091004796, 3.946580931073348, 0.0 ], [ -74.500805522918583, 3.946725843289887, 0.0 ], [ -74.500709675372704, 3.946888725777624, 0.0 ], [ -74.500504100411518, 3.947196457634902, 0.0 ], [ -74.500415193249538, 3.94736836908637, 0.0 ], [ -74.500237606199335, 3.94754820187288, 0.0 ], [ -74.500068979844102, 3.947716517761947, 0.0 ], [ -74.499897910071283, 3.947871203559545, 0.0 ], [ -74.499742685681753, 3.948018874899943, 0.0 ], [ -74.49963031003297, 3.948134125884367, 0.0 ], [ -74.499425139313658, 3.948293782732448, 0.0 ], [ -74.499274187311627, 3.948418614772099, 0.0 ], [ -74.499164374556358, 3.94855661709749, 0.0 ], [ -74.499045761904554, 3.948719770769458, 0.0 ], [ -74.498976512575936, 3.948825396655008, 0.0 ], [ -74.498868805471673, 3.948949711517423, 0.0 ], [ -74.498795428384312, 3.949089542862716, 0.0 ], [ -74.498728485929348, 3.949197419014824, 0.0 ], [ -74.49863466498276, 3.949339780240459, 0.0 ], [ -74.498513661913975, 3.949493859020329, 0.0 ], [ -74.498412548443923, 3.949599868373194, 0.0 ], [ -74.498345178390878, 3.949673576635099, 0.0 ], [ -74.498216924121138, 3.949793576256082, 0.0 ], [ -74.497950110108704, 3.949938034444, 0.0 ], [ -74.497716809544585, 3.950031967696628, 0.0 ], [ -74.497594184118412, 3.950056226429007, 0.0 ], [ -74.497450302755979, 3.950019242817661, 0.0 ], [ -74.497317893778046, 3.949988950991116, 0.0 ], [ -74.49723847731704, 3.950010409158002, 0.0 ], [ -74.497144028448076, 3.950102665647277, 0.0 ], [ -74.497079225780112, 3.950199122527441, 0.0 ], [ -74.497032475656084, 3.950283971163055, 0.0 ], [ -74.496988038693928, 3.950371070996621, 0.0 ], [ -74.496907529881526, 3.950485942569878, 0.0 ], [ -74.496840431119693, 3.950582424498539, 0.0 ], [ -74.496773008066043, 3.950651572009719, 0.0 ], [ -74.496650723101382, 3.95070316512944, 0.0 ], [ -74.49660076509349, 3.950712882415775, 0.0 ], [ -74.496486935072241, 3.950711979065754, 0.0 ], [ -74.496375254719496, 3.950701939154333, 0.0 ], [ -74.496270477021383, 3.950696369391771, 0.0 ], [ -74.496138317775106, 3.950686575033675, 0.0 ], [ -74.496026755999964, 3.950685646590541, 0.0 ], [ -74.495910671207369, 3.950687051801798, 0.0 ], [ -74.495728808176423, 3.950707473069627, 0.0 ], [ -74.495604159744232, 3.950752262383044, 0.0 ], [ -74.495512468703183, 3.950883206899575, 0.0 ], [ -74.495477223302998, 3.950977025334102, 0.0 ], [ -74.495477958124923, 3.951036241342864, 0.0 ], [ -74.495482971622508, 3.951072627156668, 0.0 ], [ -74.495447009366728, 3.951109513037443, 0.0 ], [ -74.495322990653577, 3.951204399693015, 0.0 ], [ -74.495221161226212, 3.951253461069785, 0.0 ], [ -74.495057598674222, 3.95128049613206, 0.0 ], [ -74.494934491751053, 3.951266045229538, 0.0 ], [ -74.494818062005407, 3.951240116949149, 0.0 ], [ -74.494637623702488, 3.95119217848525, 0.0 ], [ -74.494511574796775, 3.951125362879894, 0.0 ], [ -74.494353523409046, 3.95104755472235, 0.0 ], [ -74.494154038127164, 3.950915179927859, 0.0 ], [ -74.49413708691776, 3.950851988453982, 0.0 ], [ -74.494085392466417, 3.950722769080196, 0.0 ], [ -74.494020464932618, 3.950627882369499, 0.0 ], [ -74.493950716140702, 3.950512554659842, 0.0 ], [ -74.493871937483547, 3.950401885282693, 0.0 ], [ -74.493702782918916, 3.950164757563911, 0.0 ], [ -74.493639844255171, 3.950047064767356, 0.0 ], [ -74.49359286955233, 3.949931450198893, 0.0 ], [ -74.493516334886749, 3.949818487415617, 0.0 ], [ -74.493376033310739, 3.949704005588981, 0.0 ], [ -74.493270136311779, 3.94960961166176, 0.0 ], [ -74.493179823286368, 3.94948769508107, 0.0 ], [ -74.493078273235071, 3.949377305176029, 0.0 ], [ -74.492993537849273, 3.949337329182418, 0.0 ], [ -74.492906880967084, 3.949324710042301, 0.0 ], [ -74.492863837291921, 3.949341172011227, 0.0 ], [ -74.49281863137189, 3.949366770555968, 0.0 ], [ -74.4927666521546, 3.94939701759613, 0.0 ], [ -74.492705790395775, 3.949445589764405, 0.0 ], [ -74.492647300189333, 3.949500967535323, 0.0 ], [ -74.492582031295726, 3.949560979458912, 0.0 ], [ -74.492548439693977, 3.949604667426775, 0.0 ], [ -74.492462628126475, 3.94966036691632, 0.0 ], [ -74.492378606901312, 3.949677330740363, 0.0 ], [ -74.492335251510752, 3.949668747111754, 0.0 ], [ -74.492268761806685, 3.949630823388468, 0.0 ], [ -74.492226754787367, 3.949549326406224, 0.0 ], [ -74.492212840781932, 3.949528984870054, 0.0 ], [ -74.492159530261418, 3.949452179390451, 0.0 ], [ -74.492090469578983, 3.949391517727019, 0.0 ], [ -74.492037858846061, 3.949371643993994, 0.0 ], [ -74.491976404199164, 3.949372398579308, 0.0 ], [ -74.491910489416867, 3.949380022399985, 0.0 ], [ -74.491862915537737, 3.94939882698762, 0.0 ], [ -74.491815290454639, 3.949413061942807, 0.0 ], [ -74.491760771700044, 3.949422838392306, 0.0 ], [ -74.491564344283375, 3.949370539001552, 0.0 ], [ -74.491486330092542, 3.949321360113567, 0.0 ], [ -74.491408085034649, 3.94925397169717, 0.0 ], [ -74.491375535478653, 3.949199698902448, 0.0 ], [ -74.491333418864883, 3.949109085015002, 0.0 ], [ -74.491243236095187, 3.948996278951701, 0.0 ], [ -74.491139091709343, 3.9488608639786, 0.0 ], [ -74.491023351869842, 3.948707358638135, 0.0 ], [ -74.490941863893781, 3.948562562375066, 0.0 ], [ -74.49089727691296, 3.94845604206539, 0.0 ], [ -74.490831803203477, 3.948317883787365, 0.0 ], [ -74.490768749555372, 3.948191081025425, 0.0 ], [ -74.49071278002161, 3.948084699576516, 0.0 ], [ -74.490583870880002, 3.947970070536621, 0.0 ], [ -74.490430250881587, 3.94788309322825, 0.0 ], [ -74.490283529046238, 3.947800584282957, 0.0 ], [ -74.490123430397986, 3.94774101136217, 0.0 ], [ -74.489996052883953, 3.947749382615157, 0.0 ], [ -74.48990108389043, 3.947800647015836, 0.0 ], [ -74.48979481678559, 3.947858874760638, 0.0 ], [ -74.48969125450806, 3.947951239031125, 0.0 ], [ -74.489635117887644, 3.948013419830866, 0.0 ], [ -74.489527102661256, 3.948112683800274, 0.0 ], [ -74.48942795021344, 3.948193601989133, 0.0 ], [ -74.489306289577883, 3.948295299074449, 0.0 ], [ -74.489171229671541, 3.948417655856197, 0.0 ], [ -74.488997393985969, 3.948533654201839, 0.0 ], [ -74.488868830695765, 3.94862859671533, 0.0 ], [ -74.488739995216037, 3.948703051583732, 0.0 ], [ -74.488590283787417, 3.94874585864914, 0.0 ], [ -74.488449828599471, 3.948799946859874, 0.0 ], [ -74.488325298744897, 3.948853838803121, 0.0 ], [ -74.488143665682657, 3.94889248757363, 0.0 ], [ -74.487948120411616, 3.948910782244459, 0.0 ], [ -74.487765767798834, 3.948892491158356, 0.0 ], [ -74.487553979190807, 3.948885932894258, 0.0 ], [ -74.487374334100295, 3.948901768440282, 0.0 ], [ -74.487149539683585, 3.948947770386098, 0.0 ], [ -74.487027168480651, 3.948992519466299, 0.0 ], [ -74.486620642187034, 3.949189753071886, 0.0 ], [ -74.486599093399988, 3.949348489337944, 0.0 ], [ -74.486554994204383, 3.949645142580747, 0.0 ], [ -74.486559127353019, 3.949793158635474, 0.0 ], [ -74.486560579928806, 3.949909331544231, 0.0 ] ] ] } },
{ "type": "Feature", "properties": { "OBJECTID": 5644, "DPTOMPIO": "25120", "CODIGO_VER": "25120015", "NOM_DEP": "CUNDINAMARCA", "NOMB_MPIO": "CABRERA", "NOMBRE_VER": "SANTA MARTA", "VIGENCIA": "2010", "FUENTE": "EOT CABRERA", "DESCRIPCIO": "NULL", "SEUDONIMOS": "NULL", "AREA_HA": 3026.3152642099999, "COD_DPTO": "25", "ShapeSTAre": 30607561.155761719, "ShapeSTLen": 28872.261989360381 }, "geometry": { "type": "Polygon", "coordinates": [ [ [ -74.465385582781394, 3.970117364307132, 0.0 ], [ -74.465384023306058, 3.970070683352597, 0.0 ], [ -74.465508169580005, 3.969811286318225, 0.0 ], [ -74.465516100805658, 3.969751398636693, 0.0 ], [ -74.465522167128753, 3.969717803390258, 0.0 ], [ -74.465528251418192, 3.969678094538521, 0.0 ], [ -74.46554361889774, 3.969591538913599, 0.0 ], [ -74.465580167753416, 3.969476767673394, 0.0 ], [ -74.465599936079542, 3.969292170283381, 0.0 ], [ -74.465236046524268, 3.968794918459218, 0.0 ], [ -74.464574440012441, 3.967933047686377, 0.0 ], [ -74.46335050609909, 3.966375040861946, 0.0 ], [ -74.46278819396889, 3.965745241002411, 0.0 ], [ -74.462481814558089, 3.964729532199764, 0.0 ], [ -74.462176394547996, 3.963700790991387, 0.0 ], [ -74.461926566779283, 3.963005716751312, 0.0 ], [ -74.461149885181285, 3.962032801104604, 0.0 ], [ -74.459624276334267, 3.960142579131436, 0.0 ], [ -74.45923601279037, 3.959809070143168, 0.0 ], [ -74.458764726049594, 3.959809284328005, 0.0 ], [ -74.457794475474145, 3.95992095167908, 0.0 ], [ -74.457184496040028, 3.95975438042401, 0.0 ], [ -74.455692581202698, 3.958772993026396, 0.0 ], [ -74.454683324879298, 3.958153646608937, 0.0 ], [ -74.453634883144886, 3.957361721838773, 0.0 ], [ -74.453129268183872, 3.956834634586886, 0.0 ], [ -74.452728049136937, 3.956332030488144, 0.0 ], [ -74.452527086126409, 3.955276269003967, 0.0 ], [ -74.451874792449146, 3.95376819485841, 0.0 ], [ -74.451273207771365, 3.953567344472816, 0.0 ], [ -74.450370758440314, 3.953115231751712, 0.0 ], [ -74.449317712840084, 3.952160409095144, 0.0 ], [ -74.44871542208648, 3.950350634485399, 0.0 ], [ -74.448765258821822, 3.949696987590067, 0.0 ], [ -74.448514396193886, 3.949144026267471, 0.0 ], [ -74.447912659700819, 3.948591229474066, 0.0 ], [ -74.447511181040781, 3.947485270932218, 0.0 ], [ -74.447009714499728, 3.946982698807426, 0.0 ], [ -74.44660854486014, 3.946580649671215, 0.0 ], [ -74.446608326569532, 3.94607785832972, 0.0 ], [ -74.44650796409104, 3.945826506905997, 0.0 ], [ -74.446207156929944, 3.945675800689813, 0.0 ], [ -74.445735336589905, 3.944893998087669, 0.0 ], [ -74.445691181698734, 3.944651008628123, 0.0 ], [ -74.445779090832445, 3.94420915329477, 0.0 ], [ -74.445867006254346, 3.943789385178127, 0.0 ], [ -74.445844837629778, 3.943458023154826, 0.0 ], [ -74.445536263634736, 3.94288378663151, 0.0 ], [ -74.444764862333955, 3.941536563353701, 0.0 ], [ -74.44430203323158, 3.940741477990997, 0.0 ], [ -74.443420460747731, 3.939239668722044, 0.0 ], [ -74.442917146372125, 3.937969812484773, 0.0 ], [ -74.441567814831629, 3.933623161756049, 0.0 ], [ -74.441253885080869, 3.932495068674908, 0.0 ], [ -74.440847539348624, 3.930849140640803, 0.0 ], [ -74.440625933951182, 3.930053928567942, 0.0 ], [ -74.440131874917952, 3.92886336881579, 0.0 ], [ -74.43916125693157, 3.925946605495665, 0.0 ], [ -74.438578501840468, 3.923288981042164, 0.0 ], [ -74.437660210719358, 3.918518949073131, 0.0 ], [ -74.43724064537939, 3.917205615407041, 0.0 ], [ -74.436558791739401, 3.914946652589404, 0.0 ], [ -74.43561465608758, 3.91174207089257, 0.0 ], [ -74.435457153570496, 3.910848947057946, 0.0 ], [ -74.435242590066565, 3.910526375562636, 0.0 ], [ -74.435142702796867, 3.910376218629493, 0.0 ], [ -74.434985356586637, 3.909850885141755, 0.0 ], [ -74.435037444500097, 3.909167829139283, 0.0 ], [ -74.434984896649226, 3.9087475289678, 0.0 ], [ -74.435788890625147, 3.908249675444941, 0.0 ], [ -74.43592801181488, 3.908110008433883, 0.0 ], [ -74.436414884325814, 3.907411698124071, 0.0 ], [ -74.436693018907462, 3.906853093014365, 0.0 ], [ -74.436971151692461, 3.906294501872383, 0.0 ], [ -74.436970890282709, 3.90566621242534, 0.0 ], [ -74.437179350632604, 3.904898211943197, 0.0 ], [ -74.437596670184362, 3.904339556763901, 0.0 ], [ -74.438083592102657, 3.903780868052311, 0.0 ], [ -74.438431202388372, 3.902943000090806, 0.0 ], [ -74.438639308802038, 3.901337287083767, 0.0 ], [ -74.43905664272684, 3.900848435422688, 0.0 ], [ -74.439543613154143, 3.900429373266695, 0.0 ], [ -74.439612981060378, 3.899870863890132, 0.0 ], [ -74.439751927976957, 3.899312317396764, 0.0 ], [ -74.439960470971869, 3.898753755296223, 0.0 ], [ -74.440169306817538, 3.898893283154439, 0.0 ], [ -74.44044760399423, 3.89875354916184, 0.0 ], [ -74.440586797049207, 3.898753489114024, 0.0 ], [ -74.440865251431077, 3.898962795232514, 0.0 ], [ -74.441074030682884, 3.898962706505139, 0.0 ], [ -74.441491608949448, 3.899032344050524, 0.0 ], [ -74.441978696157761, 3.898892512391297, 0.0 ], [ -74.442257005910875, 3.898752779294814, 0.0 ], [ -74.442396127100608, 3.898613103534254, 0.0 ], [ -74.442674287733396, 3.89812431302533, 0.0 ], [ -74.442674047883202, 3.897565830796939, 0.0 ], [ -74.442813060376793, 3.897146906817766, 0.0 ], [ -74.442743148091509, 3.896379032088152, 0.0 ], [ -74.442673225026411, 3.895611148591505, 0.0 ], [ -74.442881678189778, 3.894843155052691, 0.0 ], [ -74.443159874755167, 3.894424178632049, 0.0 ], [ -74.443507507498751, 3.893656108725764, 0.0 ], [ -74.443854930036565, 3.892399382305479, 0.0 ], [ -74.444202197165851, 3.890793607046843, 0.0 ], [ -74.444062751684299, 3.890165367857945, 0.0 ], [ -74.443575404862884, 3.889676913016824, 0.0 ], [ -74.44308812272017, 3.889328072479741, 0.0 ], [ -74.442670544453605, 3.889258435027763, 0.0 ], [ -74.442441588142188, 3.888054366463042, 0.0 ], [ -74.442800908865962, 3.887738719595687, 0.0 ], [ -74.443250193170471, 3.887693452792123, 0.0 ], [ -74.443654649745667, 3.88787356907268, 0.0 ], [ -74.444822752465797, 3.887647706493376, 0.0 ], [ -74.445586452509659, 3.88737695256107, 0.0 ], [ -74.446395070114335, 3.887061092132877, 0.0 ], [ -74.446709410395187, 3.886655306423446, 0.0 ], [ -74.446933829316109, 3.886114344547062, 0.0 ], [ -74.447158220389241, 3.885483242832005, 0.0 ], [ -74.447427343970261, 3.88440139699551, 0.0 ], [ -74.447786190383539, 3.883004006890871, 0.0 ], [ -74.448190250801716, 3.882282673390679, 0.0 ], [ -74.448549580508612, 3.88201209609133, 0.0 ], [ -74.448998675268612, 3.881516103508139, 0.0 ], [ -74.449537547658096, 3.880839798402782, 0.0 ], [ -74.450750072967352, 3.879442030457241, 0.0 ], [ -74.452142167908633, 3.877728683082206, 0.0 ], [ -74.452411435220114, 3.877007420363351, 0.0 ], [ -74.452501035881482, 3.876421432266346, 0.0 ], [ -74.452500744827333, 3.875745354319104, 0.0 ], [ -74.452852147800158, 3.875919622358888, 0.0 ], [ -74.453070179699424, 3.876007251549281, 0.0 ], [ -74.453233333517943, 3.876153786550351, 0.0 ], [ -74.45333027251688, 3.876352343157134, 0.0 ], [ -74.453444945157841, 3.876655698492471, 0.0 ], [ -74.453583962143028, 3.877109434404109, 0.0 ], [ -74.453677572883819, 3.877540172068663, 0.0 ], [ -74.453823160146982, 3.878053128675992, 0.0 ], [ -74.453943537988309, 3.878602373554551, 0.0 ], [ -74.454061458039035, 3.879192594954723, 0.0 ], [ -74.454200994250428, 3.879532503105325, 0.0 ], [ -74.454395492984162, 3.879790747812968, 0.0 ], [ -74.45463119115179, 3.879996841080966, 0.0 ], [ -74.454899018463848, 3.88014392300289, 0.0 ], [ -74.455446482340719, 3.880340240721155, 0.0 ], [ -74.455748750162456, 3.880416922584137, 0.0 ], [ -74.456104395878398, 3.880767059206133, 0.0 ], [ -74.456140340167863, 3.880869680454129, 0.0 ], [ -74.456237541474863, 3.881011325539838, 0.0 ], [ -74.456314255803477, 3.881152869324931, 0.0 ], [ -74.456368475419097, 3.88123964563418, 0.0 ], [ -74.456413764882456, 3.881285407516665, 0.0 ], [ -74.456502047715333, 3.881386028260905, 0.0 ], [ -74.456583658760565, 3.881452470318242, 0.0 ], [ -74.456712929923214, 3.881546467720585, 0.0 ], [ -74.45681052289568, 3.881601600824725, 0.0 ], [ -74.456896826739978, 3.881636195355679, 0.0 ], [ -74.457035211311165, 3.881725691747618, 0.0 ], [ -74.457180326060481, 3.88183799063374, 0.0 ], [ -74.457284297969778, 3.881991050250548, 0.0 ], [ -74.457374699030083, 3.882128099157398, 0.0 ], [ -74.457485626594632, 3.882251601164078, 0.0 ], [ -74.457569399884775, 3.882343089863038, 0.0 ], [ -74.457641794215192, 3.882434529258096, 0.0 ], [ -74.457730170472857, 3.882514660611148, 0.0 ], [ -74.45777778297952, 3.882551325450536, 0.0 ], [ -74.457832264004892, 3.882581202960077, 0.0 ], [ -74.45794802630229, 3.882643257762501, 0.0 ], [ -74.458013945576155, 3.882657260827122, 0.0 ], [ -74.458132203393404, 3.882669249113721, 0.0 ], [ -74.458261845560273, 3.882681295656619, 0.0 ], [ -74.458355132907585, 3.88268178052975, 0.0 ], [ -74.458459824367438, 3.882675499585441, 0.0 ], [ -74.458559915554702, 3.882680564313769, 0.0 ], [ -74.458662199529584, 3.882703859733524, 0.0 ], [ -74.458823532463015, 3.882752483273711, 0.0 ], [ -74.458980107918748, 3.88284435013729, 0.0 ], [ -74.459088876831657, 3.882942803555517, 0.0 ], [ -74.459199712768054, 3.88308906489282, 0.0 ], [ -74.459303606523903, 3.88325806234739, 0.0 ], [ -74.459371283800778, 3.883388174948815, 0.0 ], [ -74.459470377858096, 3.883614052112399, 0.0 ], [ -74.459547089491778, 3.883757862083299, 0.0 ], [ -74.459666878936602, 3.883936043299605, 0.0 ], [ -74.459725546111173, 3.884043339012965, 0.0 ], [ -74.45981379211311, 3.884153062659074, 0.0 ], [ -74.459926984330494, 3.884281132564725, 0.0 ], [ -74.460033301740992, 3.884418267139904, 0.0 ], [ -74.460158003173788, 3.884516792970913, 0.0 ], [ -74.460291797353889, 3.884615369876772, 0.0 ], [ -74.460414220659132, 3.884713887618486, 0.0 ], [ -74.460556980025757, 3.884842111594276, 0.0 ], [ -74.460683821245553, 3.884972526884293, 0.0 ], [ -74.460767373550141, 3.885111815037983, 0.0 ], [ -74.46087119723741, 3.88529674115107, 0.0 ], [ -74.460956828243567, 3.885481574909832, 0.0 ], [ -74.460962244186405, 3.885496952775613, 0.0 ], [ -74.46101299450838, 3.88564122130572, 0.0 ], [ -74.461136903627107, 3.885915028422867, 0.0 ], [ -74.461260841491907, 3.886182014990569, 0.0 ], [ -74.461360181687596, 3.886353259619589, 0.0 ], [ -74.461409838759877, 3.886442295735266, 0.0 ], [ -74.461473006494032, 3.886563276857435, 0.0 ], [ -74.46151554531599, 3.886716024618681, 0.0 ], [ -74.461542255822636, 3.886845919794562, 0.0 ], [ -74.461582015257122, 3.88711246511319, 0.0 ], [ -74.461608074485198, 3.887388054390884, 0.0 ], [ -74.46160715640697, 3.887590649539314, 0.0 ], [ -74.461606479077261, 3.887740896582291, 0.0 ], [ -74.461580646224633, 3.887918333071476, 0.0 ], [ -74.461538764969447, 3.88812527041248, 0.0 ], [ -74.461483343407991, 3.88830482734237, 0.0 ], [ -74.461430383230436, 3.888443421250207, 0.0 ], [ -74.461381828390998, 3.888616177388883, 0.0 ], [ -74.461317403015471, 3.888772926521053, 0.0 ], [ -74.461280581970271, 3.888866067191998, 0.0 ], [ -74.461241380389595, 3.888979693365394, 0.0 ], [ -74.461190636355823, 3.889131951338177, 0.0 ], [ -74.461146631483302, 3.889304733326889, 0.0 ], [ -74.461118375874364, 3.88951629764667, 0.0 ], [ -74.461092855635457, 3.889625439813239, 0.0 ], [ -74.461042090940438, 3.88978226224984, 0.0 ], [ -74.461011972225577, 3.889900481559399, 0.0 ], [ -74.460981840036013, 3.890023250195358, 0.0 ], [ -74.460967850572104, 3.890098301803717, 0.0 ], [ -74.460949197055214, 3.890198363135804, 0.0 ], [ -74.460932637511277, 3.890339429473076, 0.0 ], [ -74.460913762110522, 3.890487296495141, 0.0 ], [ -74.460901880094255, 3.890598783112978, 0.0 ], [ -74.460887543880645, 3.890751231693401, 0.0 ], [ -74.460857443132113, 3.890867175301531, 0.0 ], [ -74.460792975535739, 3.891035303632526, 0.0 ], [ -74.460723948989312, 3.891203407731397, 0.0 ], [ -74.460659621530127, 3.891339666446203, 0.0 ], [ -74.460604524260489, 3.891448652430044, 0.0 ], [ -74.460542463250775, 3.891589468505931, 0.0 ], [ -74.460491953677291, 3.891689373714462, 0.0 ], [ -74.460450617699507, 3.891773398367375, 0.0 ], [ -74.460395510548381, 3.891884658961574, 0.0 ], [ -74.460372281013463, 3.891989250592724, 0.0 ], [ -74.460341769734825, 3.892196254152189, 0.0 ], [ -74.460361514704786, 3.892357981249114, 0.0 ], [ -74.46034705003207, 3.892537756856477, 0.0 ], [ -74.460298197850278, 3.892774250252583, 0.0 ], [ -74.460231207784602, 3.892997004184865, 0.0 ], [ -74.460221152043317, 3.893208662578978, 0.0 ], [ -74.460192857806817, 3.893427053490124, 0.0 ], [ -74.46015802473336, 3.893583944229519, 0.0 ], [ -74.460136431030548, 3.893831972857566, 0.0 ], [ -74.460123814192386, 3.894105084518683, 0.0 ], [ -74.460081861970309, 3.89432568532777, 0.0 ], [ -74.460046665977472, 3.894562252609587, 0.0 ], [ -74.460032073744003, 3.894771618922885, 0.0 ], [ -74.460024038313776, 3.895037925126292, 0.0 ], [ -74.460023253186222, 3.895213205517039, 0.0 ], [ -74.460008877446739, 3.895372483506785, 0.0 ], [ -74.459999154980423, 3.89551130031152, 0.0 ], [ -74.459991819337802, 3.895622799707706, 0.0 ], [ -74.459975084622371, 3.895802560277915, 0.0 ], [ -74.459958188210194, 3.896016464838369, 0.0 ], [ -74.459955299228241, 3.896153035561557, 0.0 ], [ -74.459982149872076, 3.896253345328513, 0.0 ], [ -74.460042867900455, 3.896412997749187, 0.0 ], [ -74.460085678013641, 3.896506550741121, 0.0 ], [ -74.460123914803702, 3.896602368517727, 0.0 ], [ -74.460173534146733, 3.896700511126248, 0.0 ], [ -74.460243702451891, 3.896782829737111, 0.0 ], [ -74.460343428923153, 3.896869846421486, 0.0 ], [ -74.460409126313152, 3.896931650121179, 0.0 ], [ -74.460483925433593, 3.896995777762091, 0.0 ], [ -74.460545004584702, 3.897075757162464, 0.0 ], [ -74.460610511531854, 3.897180819569713, 0.0 ], [ -74.460623780546925, 3.897265112545784, 0.0 ], [ -74.46062338169493, 3.897353896561295, 0.0 ], [ -74.460600048853735, 3.897483530187456, 0.0 ], [ -74.46057665582542, 3.897624552284511, 0.0 ], [ -74.460560043280879, 3.89777471060206, 0.0 ], [ -74.460559700124435, 3.897854385207676, 0.0 ], [ -74.460561494060059, 3.897959116806132, 0.0 ], [ -74.460581766341079, 3.898004748722553, 0.0 ], [ -74.460642744880886, 3.898105224968723, 0.0 ], [ -74.4607105892444, 3.898198916689138, 0.0 ], [ -74.460755793367809, 3.898265161144923, 0.0 ], [ -74.460839375316795, 3.898399904076298, 0.0 ], [ -74.460923068656868, 3.898509607031335, 0.0 ], [ -74.460993000705116, 3.898642003576418, 0.0 ], [ -74.461058405244316, 3.898772093188271, 0.0 ], [ -74.461112195465205, 3.898954489812149, 0.0 ], [ -74.46113899400676, 3.899063894248236, 0.0 ], [ -74.461165761107281, 3.899184686243581, 0.0 ], [ -74.461183271967116, 3.899337305345894, 0.0 ], [ -74.46119623645329, 3.899489891259742, 0.0 ], [ -74.461195795380505, 3.899587772726708, 0.0 ], [ -74.461195328256537, 3.899690212435374, 0.0 ], [ -74.461190291402758, 3.899799459038305, 0.0 ], [ -74.461183177644017, 3.899863159852533, 0.0 ], [ -74.461182703333535, 3.89996787686097, 0.0 ], [ -74.461182128411764, 3.9000953564315, 0.0 ], [ -74.4611770879647, 3.900204602981761, 0.0 ], [ -74.461162725699936, 3.900361605382543, 0.0 ], [ -74.461150978430979, 3.900443490753679, 0.0 ], [ -74.461132323117468, 3.90054356161037, 0.0 ], [ -74.461102120859294, 3.900682276286947, 0.0 ], [ -74.461015769404298, 3.901162166603028, 0.0 ], [ -74.461005978666023, 3.901312355656809, 0.0 ], [ -74.460966299181607, 3.90153524714023, 0.0 ], [ -74.460949520448722, 3.901724103213296, 0.0 ], [ -74.46093533964364, 3.901842409571952, 0.0 ], [ -74.46090286195286, 3.901978832366499, 0.0 ], [ -74.460872727068349, 3.902101605513566, 0.0 ], [ -74.460835924887789, 3.902190200809339, 0.0 ], [ -74.460783039270382, 3.902312847556711, 0.0 ], [ -74.460750880481513, 3.902380977361383, 0.0 ], [ -74.460750516663836, 3.902460653322807, 0.0 ], [ -74.460765938042314, 3.902572282647158, 0.0 ], [ -74.460795143170515, 3.902654385587229, 0.0 ], [ -74.460831252749998, 3.902720595634998, 0.0 ], [ -74.460955735892171, 3.902866918961629, 0.0 ], [ -74.461032738580016, 3.902947001766211, 0.0 ], [ -74.461125571379782, 3.903047635158245, 0.0 ], [ -74.461254697015377, 3.903175782850288, 0.0 ], [ -74.461347359135232, 3.903315127142969, 0.0 ], [ -74.461405887070939, 3.903454293062471, 0.0 ], [ -74.461471028403764, 3.903641301571601, 0.0 ], [ -74.461490823679384, 3.903793923449228, 0.0 ], [ -74.461514929970008, 3.903998927300558, 0.0 ], [ -74.461559728953233, 3.904156232814307, 0.0 ], [ -74.461588411261928, 3.90435443149985, 0.0 ], [ -74.461630899778257, 3.904518564428779, 0.0 ], [ -74.461664329683231, 3.904673528892279, 0.0 ], [ -74.461704699972103, 3.904803497475312, 0.0 ], [ -74.46174512415989, 3.904922076750228, 0.0 ], [ -74.461769759558237, 3.90500870810917, 0.0 ], [ -74.461808046653957, 3.905095413846224, 0.0 ], [ -74.461884918187778, 3.905205080077736, 0.0 ], [ -74.461955127815443, 3.905278291268484, 0.0 ], [ -74.462036623876315, 3.905372046717432, 0.0 ], [ -74.462072699319833, 3.905445074166606, 0.0 ], [ -74.462113121710985, 3.905563656039552, 0.0 ], [ -74.462112642908934, 3.905668372337213, 0.0 ], [ -74.462100915402885, 3.905745715102791, 0.0 ], [ -74.46207752147626, 3.905889008648987, 0.0 ], [ -74.462076944757854, 3.906016483735799, 0.0 ], [ -74.462087670642347, 3.906162243656493, 0.0 ], [ -74.46209192865679, 3.906226002242965, 0.0 ], [ -74.462080101437749, 3.90632610825967, 0.0 ], [ -74.462072727167595, 3.906446719068648, 0.0 ], [ -74.462076678856533, 3.906581051111313, 0.0 ], [ -74.462087467623093, 3.906710857181717, 0.0 ], [ -74.462107321289182, 3.906849827160553, 0.0 ], [ -74.462113734362006, 3.906940925118982, 0.0 ], [ -74.462117757017836, 3.90705932484637, 0.0 ], [ -74.462117298877047, 3.907159480056154, 0.0 ], [ -74.46211481952686, 3.907204996755608, 0.0 ], [ -74.462114398216983, 3.907298326281338, 0.0 ], [ -74.462123172960688, 3.907371225402384, 0.0 ], [ -74.462138985106307, 3.907394070232575, 0.0 ], [ -74.462218396177448, 3.907446840981367, 0.0 ], [ -74.462218416838695, 3.90744228008173, 0.0 ], [ -74.462236821522225, 3.907396853017852, 0.0 ], [ -74.462268924615543, 3.907342378537987, 0.0 ], [ -74.462344357048252, 3.907267639459838, 0.0 ], [ -74.462362739273914, 3.907226760740179, 0.0 ], [ -74.46238818674928, 3.907133553989661, 0.0 ], [ -74.462411259977372, 3.90706310603019, 0.0 ], [ -74.462422863515883, 3.907010805776705, 0.0 ], [ -74.46243672721566, 3.906965345529018, 0.0 ], [ -74.462468769223534, 3.906924534907962, 0.0 ], [ -74.462507546799415, 3.906904248794942, 0.0 ], [ -74.462584906118408, 3.906902371197983, 0.0 ], [ -74.462653048722601, 3.906930035056986, 0.0 ], [ -74.462709675823177, 3.906987241265294, 0.0 ], [ -74.462768409473085, 3.907080874636372, 0.0 ], [ -74.462831632004452, 3.907188193388906, 0.0 ], [ -74.462881353755435, 3.907265853278877, 0.0 ], [ -74.462949241238078, 3.907348157410939, 0.0 ], [ -74.463069385517443, 3.907448936360308, 0.0 ], [ -74.463153303436329, 3.907508556968843, 0.0 ], [ -74.463253101772821, 3.907579643004502, 0.0 ], [ -74.463386957936692, 3.907664556918393, 0.0 ], [ -74.463539013069877, 3.907751849409542, 0.0 ], [ -74.463636732704799, 3.907779662910412, 0.0 ], [ -74.463777580456522, 3.907830477172111, 0.0 ], [ -74.463904930122766, 3.907844783638456, 0.0 ], [ -74.464043678511658, 3.907856878217183, 0.0 ], [ -74.464177808661688, 3.907882614261246, 0.0 ], [ -74.464350698421256, 3.907892608084241, 0.0 ], [ -74.464466728416625, 3.907895476905646, 0.0 ], [ -74.464564618731444, 3.90788460478058, 0.0 ], [ -74.464655655798964, 3.907878241571542, 0.0 ], [ -74.464739839619199, 3.907880951760862, 0.0 ], [ -74.464798886781139, 3.907906297049419, 0.0 ], [ -74.464867057233107, 3.907924857005785, 0.0 ], [ -74.464946577898687, 3.907950302670371, 0.0 ], [ -74.465064842004139, 3.907964573285619, 0.0 ], [ -74.465139832465766, 3.907985453571138, 0.0 ], [ -74.46527381439374, 3.908045318811324, 0.0 ], [ -74.465359912523837, 3.90812544324443, 0.0 ], [ -74.465496157308039, 3.908187605502644, 0.0 ], [ -74.465588968548232, 3.908295080056965, 0.0 ], [ -74.465654506936417, 3.908393302855755, 0.0 ], [ -74.465758680068348, 3.908505388466273, 0.0 ], [ -74.465851352968016, 3.90864244291328, 0.0 ], [ -74.46594420732734, 3.908738539824015, 0.0 ], [ -74.466027795564543, 3.908870999284426, 0.0 ], [ -74.46608421964585, 3.908973737199634, 0.0 ], [ -74.466129284530382, 3.909071855956832, 0.0 ], [ -74.466167526710365, 3.909167657064036, 0.0 ], [ -74.466192145040708, 3.909261123493778, 0.0 ], [ -74.466207667030503, 3.909349989589941, 0.0 ], [ -74.466229945249566, 3.909457097439259, 0.0 ], [ -74.466272834414482, 3.909532438585405, 0.0 ], [ -74.466443188230016, 3.909599324740183, 0.0 ], [ -74.466520419988242, 3.90962932317571, 0.0 ], [ -74.466645328931889, 3.909680040533096, 0.0 ], [ -74.466724724731634, 3.909735087548642, 0.0 ], [ -74.466806219894195, 3.909826561607967, 0.0 ], [ -74.466828616690876, 3.909906349786675, 0.0 ], [ -74.466873585455673, 3.910027237014137, 0.0 ], [ -74.466882263181319, 3.910120617310514, 0.0 ], [ -74.466904517145849, 3.910232275191222, 0.0 ], [ -74.466931348026748, 3.910337136094289, 0.0 ], [ -74.4669763895551, 3.910442083917946, 0.0 ], [ -74.467021573915574, 3.910512886498196, 0.0 ], [ -74.467091806001136, 3.910579260830977, 0.0 ], [ -74.467209700000708, 3.910675481198568, 0.0 ], [ -74.46729797115546, 3.910778378420445, 0.0 ], [ -74.467343215703053, 3.910837795349465, 0.0 ], [ -74.467402129016037, 3.910892731157285, 0.0 ], [ -74.467483602619026, 3.910988763282018, 0.0 ], [ -74.467540178515634, 3.91105962496682, 0.0 ], [ -74.467614717124647, 3.911180662593413, 0.0 ], [ -74.467650686566927, 3.911278738969796, 0.0 ], [ -74.467697810390106, 3.911424671843024, 0.0 ], [ -74.467715576371489, 3.911520379474171, 0.0 ], [ -74.467730977987017, 3.911638828743317, 0.0 ], [ -74.467744060152512, 3.911766375550085, 0.0 ], [ -74.467754956716917, 3.91187114932762, 0.0 ], [ -74.46776783137156, 3.912044225979074, 0.0 ], [ -74.467796751733815, 3.912192341019596, 0.0 ], [ -74.467832484020889, 3.91234049905258, 0.0 ], [ -74.467859456835598, 3.912413485564925, 0.0 ], [ -74.467918148264687, 3.912518494967811, 0.0 ], [ -74.467967777489193, 3.91261436917121, 0.0 ], [ -74.468006097822581, 3.912694238640658, 0.0 ], [ -74.468033076027183, 3.912764948719818, 0.0 ], [ -74.468050881534424, 3.912853820717958, 0.0 ], [ -74.468061782590411, 3.912960868968897, 0.0 ], [ -74.468068101340108, 3.913074724901416, 0.0 ], [ -74.468081293998381, 3.913174953778826, 0.0 ], [ -74.468092455565781, 3.9132228254202, 0.0 ], [ -74.46812390558388, 3.913314046364559, 0.0 ], [ -74.468171246799358, 3.913409898967616, 0.0 ], [ -74.46821411170977, 3.913492071648205, 0.0 ], [ -74.468272695341014, 3.913619849397669, 0.0 ], [ -74.468315573726159, 3.913699749242713, 0.0 ], [ -74.468331318498144, 3.913740806890747, 0.0 ], [ -74.46835381051622, 3.91380011695949, 0.0 ], [ -74.468281849173763, 3.914113893484146, 0.0 ], [ -74.468203792762083, 3.914268287074567, 0.0 ], [ -74.468153157424467, 3.914397782758723, 0.0 ], [ -74.468098058358208, 3.914506777401103, 0.0 ], [ -74.468061126820245, 3.914622692635695, 0.0 ], [ -74.468053686074754, 3.914759232548481, 0.0 ], [ -74.46809408061813, 3.91488236320838, 0.0 ], [ -74.468155198396815, 3.914953254139032, 0.0 ], [ -74.468259526038949, 3.915031188448647, 0.0 ], [ -74.468432116659528, 3.915104924861692, 0.0 ], [ -74.468547776549016, 3.915189745702515, 0.0 ], [ -74.468672450134036, 3.915297378885652, 0.0 ], [ -74.468790270471743, 3.915407254393808, 0.0 ], [ -74.468862651327456, 3.915503234916483, 0.0 ], [ -74.468934880367868, 3.915633374790592, 0.0 ], [ -74.469004913027419, 3.915745279292679, 0.0 ], [ -74.469077280408399, 3.91584581166835, 0.0 ], [ -74.46914063589044, 3.91592353707608, 0.0 ], [ -74.469219701110177, 3.916051422000632, 0.0 ], [ -74.469300883659031, 3.916213466244379, 0.0 ], [ -74.469368552851066, 3.916345847448183, 0.0 ], [ -74.46943157775307, 3.916498702717953, 0.0 ], [ -74.469490104790481, 3.916637858382888, 0.0 ], [ -74.469544019877191, 3.916792937113909, 0.0 ], [ -74.469581992562581, 3.91695020617036, 0.0 ], [ -74.469622351173342, 3.917082447447811, 0.0 ], [ -74.46966260647784, 3.917239731685481, 0.0 ], [ -74.469687150248049, 3.917349139113631, 0.0 ], [ -74.469718529299229, 3.917454003606667, 0.0 ], [ -74.469749998181939, 3.917540673103641, 0.0 ], [ -74.469788356244578, 3.917611447301014, 0.0 ], [ -74.469828828043077, 3.91771864819653, 0.0 ], [ -74.469887596727276, 3.917807731175773, 0.0 ], [ -74.469939523842271, 3.91789677471204, 0.0 ], [ -74.469918716165353, 3.91794691350952, 0.0 ], [ -74.469935564966832, 3.918070253414918, 0.0 ], [ -74.469958913977692, 3.918223325253796, 0.0 ], [ -74.469958590584184, 3.918252955932064, 0.0 ], [ -74.469930093328429, 3.918359804532703, 0.0 ], [ -74.469895013218277, 3.918443762884511, 0.0 ], [ -74.469861788129151, 3.918566510318398, 0.0 ], [ -74.469835486355962, 3.918680214028094, 0.0 ], [ -74.469838899055731, 3.918782882627617, 0.0 ], [ -74.469846163731432, 3.918949433406492, 0.0 ], [ -74.46986106229042, 3.919043101288967, 0.0 ], [ -74.469873494973953, 3.919154992788044, 0.0 ], [ -74.469856275168269, 3.919271096479992, 0.0 ], [ -74.469765790564637, 3.91942507686037, 0.0 ], [ -74.469693584880417, 3.919572451218204, 0.0 ], [ -74.469669822644519, 3.91966338288955, 0.0 ], [ -74.469663979103601, 3.91977962004677, 0.0 ], [ -74.469663053838858, 3.91986397975981, 0.0 ], [ -74.469689339442382, 3.919957793622684, 0.0 ], [ -74.469752086764984, 3.920047473241734, 0.0 ], [ -74.469931938468022, 3.920252568114814, 0.0 ], [ -74.4699739553688, 3.920364808078998, 0.0 ], [ -74.469975324401304, 3.920446915549298, 0.0 ], [ -74.469919735753194, 3.920532917057361, 0.0 ], [ -74.469855176528668, 3.920607399530942, 0.0 ], [ -74.469790680186222, 3.920675048374311, 0.0 ], [ -74.469726388659637, 3.920724444044756, 0.0 ], [ -74.469629708375507, 3.920821360499716, 0.0 ], [ -74.469549000137121, 3.920913899840731, 0.0 ], [ -74.469488667486004, 3.921018076491732, 0.0 ], [ -74.469453436458878, 3.92111572242963, 0.0 ], [ -74.469438365423372, 3.921243243594347, 0.0 ], [ -74.469435031775348, 3.921338982366305, 0.0 ], [ -74.469438961904714, 3.921396032545556, 0.0 ], [ -74.469488353075661, 3.921458194714728, 0.0 ], [ -74.46956318453546, 3.921484169629351, 0.0 ], [ -74.469660740676986, 3.921514976918456, 0.0 ], [ -74.469713004660221, 3.921524716950719, 0.0 ], [ -74.469767501855259, 3.9215367638326, 0.0 ], [ -74.469810501512981, 3.921560085061132, 0.0 ], [ -74.469855549329509, 3.921603941193304, 0.0 ], [ -74.469893756475187, 3.921647721145149, 0.0 ], [ -74.469950222777314, 3.921689437118843, 0.0 ], [ -74.470009273532526, 3.92170154494075, 0.0 ], [ -74.470054845965194, 3.921697522742065, 0.0 ], [ -74.470139926304071, 3.92162099879487, 0.0 ], [ -74.470186203914238, 3.921553146587942, 0.0 ], [ -74.470221086395043, 3.921487424671541, 0.0 ], [ -74.470306235005864, 3.921404064398894, 0.0 ], [ -74.47040272215223, 3.9213253913079, 0.0 ], [ -74.470464559481442, 3.921291929431079, 0.0 ], [ -74.470556289150053, 3.921231433308292, 0.0 ], [ -74.47062247522355, 3.921216261329534, 0.0 ], [ -74.470690713049166, 3.921221630537718, 0.0 ], [ -74.470756275691869, 3.921263460351632, 0.0 ], [ -74.47078516371478, 3.921327649762733, 0.0 ], [ -74.47077524811067, 3.921400508229076, 0.0 ], [ -74.470755990027598, 3.921496061467117, 0.0 ], [ -74.470733913031182, 3.921639464345007, 0.0 ], [ -74.470723539286269, 3.921753361218517, 0.0 ], [ -74.470704428526915, 3.921835232848766, 0.0 ], [ -74.470699216501643, 3.921894450930067, 0.0 ], [ -74.470696287095507, 3.921953708440488, 0.0 ], [ -74.470745050344064, 3.922072875890636, 0.0 ], [ -74.47080295125572, 3.922189863737894, 0.0 ], [ -74.470887716285915, 3.92234822157209, 0.0 ], [ -74.470929963155413, 3.922439939814773, 0.0 ], [ -74.470998326745175, 3.922639143307092, 0.0 ], [ -74.471020430691055, 3.922698695618063, 0.0 ], [ -74.471046696531644, 3.922794783745442, 0.0 ], [ -74.471061620243447, 3.922886176614647, 0.0 ], [ -74.47106228050518, 3.923032133453634, 0.0 ], [ -74.471023652049666, 3.923232352210915, 0.0 ], [ -74.470972378009861, 3.923546436182006, 0.0 ], [ -74.470947495574805, 3.923737697200668, 0.0 ], [ -74.470940286594654, 3.92377182038226, 0.0 ], [ -74.470903726060925, 3.92399030281332, 0.0 ], [ -74.470910790412304, 3.924175106543256, 0.0 ], [ -74.471050585338503, 3.924297623706001, 0.0 ], [ -74.471238105060806, 3.924427555187049, 0.0 ], [ -74.471393907965364, 3.924543426028465, 0.0 ], [ -74.471517923983612, 3.924652077893026, 0.0 ], [ -74.471690131921875, 3.924724814185105, 0.0 ], [ -74.471835420046034, 3.924763032999414, 0.0 ], [ -74.471967009760434, 3.924803358798177, 0.0 ], [ -74.472089631593349, 3.924832178174464, 0.0 ], [ -74.47218930416571, 3.924876694640474, 0.0 ], [ -74.472254357463626, 3.924964126041141, 0.0 ], [ -74.472343800021534, 3.92511112659954, 0.0 ], [ -74.472385617496315, 3.925241610914388, 0.0 ], [ -74.472408860505979, 3.925403801251048, 0.0 ], [ -74.472430139798419, 3.92553859448689, 0.0 ], [ -74.472419026740056, 3.925720888493148, 0.0 ], [ -74.472378407617839, 3.925893730160935, 0.0 ], [ -74.472333496345229, 3.926043690727955, 0.0 ], [ -74.472329846490211, 3.926169079063884, 0.0 ], [ -74.472367559562471, 3.926258460475475, 0.0 ], [ -74.472455449831557, 3.926339313573163, 0.0 ], [ -74.472564005843751, 3.92640446512026, 0.0 ], [ -74.472676963600833, 3.926483332209722, 0.0 ], [ -74.472771734964994, 3.926559718591858, 0.0 ], [ -74.472811933675629, 3.926630877394219, 0.0 ], [ -74.472863170884509, 3.926731829677723, 0.0 ], [ -74.472916774255822, 3.926825960026411, 0.0 ], [ -74.472954359767314, 3.926926744695765, 0.0 ], [ -74.472989747999605, 3.927020671583696, 0.0 ], [ -74.47300932947617, 3.927102997074035, 0.0 ], [ -74.473017371194601, 3.927198867812804, 0.0 ], [ -74.473014292668111, 3.927271803736926, 0.0 ], [ -74.472988424781207, 3.927346757013818, 0.0 ], [ -74.472952873055519, 3.927474027185838, 0.0 ], [ -74.472917695927322, 3.927567112475185, 0.0 ], [ -74.472880087957932, 3.927673845170431, 0.0 ], [ -74.472840050045733, 3.927794234228377, 0.0 ], [ -74.472800180118469, 3.927900936423567, 0.0 ], [ -74.472771649625031, 3.92801005925501, 0.0 ], [ -74.472770847429487, 3.92808301751333, 0.0 ], [ -74.472795353470445, 3.928131199284141, 0.0 ], [ -74.47289460563124, 3.928214472849651, 0.0 ], [ -74.472998358351617, 3.928302359172713, 0.0 ], [ -74.47308848093418, 3.928387802432604, 0.0 ], [ -74.473151357614185, 3.928466085905472, 0.0 ], [ -74.47323415084233, 3.928597057231063, 0.0 ], [ -74.4732809916962, 3.928684267775743, 0.0 ], [ -74.473338464111436, 3.928840008358247, 0.0 ], [ -74.473373722088041, 3.928945331161655, 0.0 ], [ -74.47342282400146, 3.929034849395124, 0.0 ], [ -74.4734946847326, 3.92912464006497, 0.0 ], [ -74.473593455396411, 3.929251240501599, 0.0 ], [ -74.473703505306929, 3.929387086155199, 0.0 ], [ -74.47384047323493, 3.929559751407796, 0.0 ], [ -74.473959235007072, 3.929732188989049, 0.0 ], [ -74.474075983654657, 3.929879513133087, 0.0 ], [ -74.47412706635329, 3.929952904990167, 0.0 ], [ -74.474140565337052, 3.930010271836677, 0.0 ], [ -74.47416457550797, 3.930108148839468, 0.0 ], [ -74.474213434876262, 3.930214094343614, 0.0 ], [ -74.474323162291597, 3.930379590701121, 0.0 ], [ -74.474451477646767, 3.930511090485669, 0.0 ], [ -74.474543641201663, 3.930617084333572, 0.0 ], [ -74.47461288064882, 3.930738776940811, 0.0 ], [ -74.474636477594714, 3.930869033636552, 0.0 ], [ -74.474651257576085, 3.930974104351041, 0.0 ], [ -74.474634220128408, 3.931074237876745, 0.0 ], [ -74.474562496839482, 3.931178294065064, 0.0 ], [ -74.474504798947109, 3.931248302646872, 0.0 ], [ -74.474442591511988, 3.93131597392927, 0.0 ], [ -74.474355139620769, 3.931401588951124, 0.0 ], [ -74.474313103855351, 3.931496867702971, 0.0 ], [ -74.474284656905255, 3.931599144879186, 0.0 ], [ -74.474271687927498, 3.931742657150321, 0.0 ], [ -74.474279314624269, 3.931877292526862, 0.0 ], [ -74.474280302771078, 3.931993606849301, 0.0 ], [ -74.474294955191681, 3.932110080679267, 0.0 ], [ -74.474327859582218, 3.932222215089939, 0.0 ], [ -74.474365325617782, 3.932334400568982, 0.0 ], [ -74.474405334783896, 3.932421530960962, 0.0 ], [ -74.474459089970495, 3.932501982859754, 0.0 ], [ -74.474503711087294, 3.932584605347516, 0.0 ], [ -74.474527369118604, 3.932710312643577, 0.0 ], [ -74.4745398691758, 3.932815358928594, 0.0 ], [ -74.474538806468814, 3.932911121466725, 0.0 ], [ -74.474469138525265, 3.933035722803214, 0.0 ], [ -74.474333521663453, 3.93315268491626, 0.0 ], [ -74.474191058740871, 3.933271861521622, 0.0 ], [ -74.47404624402887, 3.93339784295104, 0.0 ], [ -74.473924447747677, 3.933501293018687, 0.0 ], [ -74.473806988532715, 3.933623039872995, 0.0 ], [ -74.473744773012768, 3.933690710962589, 0.0 ], [ -74.473610832407275, 3.933862431626512, 0.0 ], [ -74.473504618303025, 3.933997993329961, 0.0 ], [ -74.473448420597151, 3.934138716218408, 0.0 ], [ -74.473390640958087, 3.934217843370171, 0.0 ], [ -74.473371043311843, 3.934343032417289, 0.0 ], [ -74.473422242791472, 3.93444854272708, 0.0 ], [ -74.473489293044281, 3.934561079216031, 0.0 ], [ -74.473569880010089, 3.934685182915912, 0.0 ], [ -74.473648390070977, 3.934791012228798, 0.0 ], [ -74.473681654685947, 3.934871222821578, 0.0 ], [ -74.47371016631476, 3.934969619048127, 0.0 ], [ -74.473720717027774, 3.935044989261083, 0.0 ], [ -74.473707800152312, 3.935183940190496, 0.0 ], [ -74.473691113945904, 3.935252156041207, 0.0 ], [ -74.473683750455507, 3.935299960994873, 0.0 ], [ -74.473698095652281, 3.935443796155766, 0.0 ], [ -74.473659815743076, 3.935612092986225, 0.0 ], [ -74.473685770766593, 3.935735546786867, 0.0 ], [ -74.473688936429639, 3.935861003568689, 0.0 ], [ -74.47368133308909, 3.935931607727744, 0.0 ], [ -74.47371469562043, 3.936002692242131, 0.0 ], [ -74.473782159996574, 3.936078745263245, 0.0 ], [ -74.473869676566494, 3.936193806116756, 0.0 ], [ -74.473995580843464, 3.936336694740187, 0.0 ], [ -74.474051804600464, 3.936398931076535, 0.0 ], [ -74.474128403046421, 3.936472812578634, 0.0 ], [ -74.474170568169228, 3.936571365450211, 0.0 ], [ -74.474243472742742, 3.936772906430649, 0.0 ], [ -74.474299419818635, 3.936860233521399, 0.0 ], [ -74.474366981212839, 3.936927164986715, 0.0 ], [ -74.474530216778064, 3.936988391266705, 0.0 ], [ -74.474707139973276, 3.937047502521189, 0.0 ], [ -74.474859269666652, 3.937083520611207, 0.0 ], [ -74.475024821088667, 3.937142492052489, 0.0 ], [ -74.475233613815206, 3.937201981490395, 0.0 ], [ -74.475362757417074, 3.937258248206423, 0.0 ], [ -74.475462482990025, 3.937298196102734, 0.0 ], [ -74.475573445588864, 3.937351966909124, 0.0 ], [ -74.475689158478929, 3.937387543161867, 0.0 ], [ -74.475859326343212, 3.937439733970889, 0.0 ], [ -74.476016017681587, 3.937475796853651, 0.0 ], [ -74.476172803343061, 3.9375027490181, 0.0 ], [ -74.47627493909593, 3.937531317020902, 0.0 ], [ -74.476424971223096, 3.937551339805368, 0.0 ], [ -74.476736493488914, 3.937584692590372, 0.0 ], [ -74.476866245250235, 3.937586222394822, 0.0 ], [ -74.477041525426785, 3.937588304255272, 0.0 ], [ -74.477209941576248, 3.937592588066207, 0.0 ], [ -74.477321305722015, 3.937609874766664, 0.0 ], [ -74.477462107659662, 3.937641189602566, 0.0 ], [ -74.477596183910748, 3.937663307687527, 0.0 ], [ -74.477775537048814, 3.937708760888032, 0.0 ], [ -74.477918545248784, 3.937746949532746, 0.0 ], [ -74.478104510885615, 3.937810729906818, 0.0 ], [ -74.478290166603713, 3.937904145633659, 0.0 ], [ -74.478446133899979, 3.938006336884682, 0.0 ], [ -74.478605834594561, 3.938181541061464, 0.0 ], [ -74.478811803017848, 3.938291167103946, 0.0 ], [ -74.479031362951389, 3.938405510696564, 0.0 ], [ -74.479218786553957, 3.938544558750231, 0.0 ], [ -74.479411043092739, 3.93865857609356, 0.0 ], [ -74.479673661972797, 3.938791672484166, 0.0 ], [ -74.479822989820789, 3.938875545433896, 0.0 ], [ -74.479999668674225, 3.938957459296619, 0.0 ], [ -74.48013323288562, 3.939025179243285, 0.0 ], [ -74.480275829657188, 3.939099832134586, 0.0 ], [ -74.48041874443237, 3.939147145753455, 0.0 ], [ -74.480529823812205, 3.939189513280327, 0.0 ], [ -74.480686519642163, 3.939225575191099, 0.0 ], [ -74.480840882547326, 3.939266180798613, 0.0 ], [ -74.480945105086576, 3.939310738614836, 0.0 ], [ -74.481074332231785, 3.939360161859723, 0.0 ], [ -74.4812692405973, 3.939440002780882, 0.0 ], [ -74.481445654447739, 3.939544712144691, 0.0 ], [ -74.48156325290158, 3.939616810840501, 0.0 ], [ -74.481689838999841, 3.93969811701174, 0.0 ], [ -74.481775584990331, 3.939767546833279, 0.0 ], [ -74.481872277850883, 3.939875876772744, 0.0 ], [ -74.481951152627786, 3.939949780370985, 0.0 ], [ -74.482063764533478, 3.940060585569294, 0.0 ], [ -74.482149512320618, 3.940130011775814, 0.0 ], [ -74.482235368803899, 3.940188038414856, 0.0 ], [ -74.482339638055549, 3.940230329712382, 0.0 ], [ -74.482496018576839, 3.940293746042239, 0.0 ], [ -74.482557105812802, 3.940328680495865, 0.0 ], [ -74.482681506309987, 3.940448157194437, 0.0 ], [ -74.482819752540621, 3.94058087779448, 0.0 ], [ -74.4828772213626, 3.940625744726382, 0.0 ], [ -74.482962146292934, 3.940681676931516, 0.0 ], [ -74.483046990374888, 3.940730755957438, 0.0 ], [ -74.483141172444221, 3.940797952384052, 0.0 ], [ -74.483196561666333, 3.940858795705565, 0.0 ], [ -74.483208344867904, 3.940890541487161, 0.0 ], [ -74.48319810317534, 3.940981787189518, 0.0 ], [ -74.483190959772216, 3.941139037346884, 0.0 ], [ -74.483178871143437, 3.941264477182672, 0.0 ], [ -74.483178056371472, 3.941380659349883, 0.0 ], [ -74.483179555659675, 3.941501366366977, 0.0 ], [ -74.483180843843797, 3.941603859192318, 0.0 ], [ -74.483186539162688, 3.9416949022774, 0.0 ], [ -74.483188308843808, 3.941836114976712, 0.0 ], [ -74.483212718765031, 3.941967938269026, 0.0 ], [ -74.483245608782525, 3.942049550707414, 0.0 ], [ -74.483271267361985, 3.942099353774053, 0.0 ], [ -74.483285695203762, 3.942160680942865, 0.0 ], [ -74.483281660869821, 3.942201732709596, 0.0 ], [ -74.483262135987118, 3.942279424295066, 0.0 ], [ -74.483224192047828, 3.942339097980711, 0.0 ], [ -74.483163048218017, 3.942364894799156, 0.0 ], [ -74.483104238211311, 3.942395216478018, 0.0 ], [ -74.483029781348989, 3.942448509285969, 0.0 ], [ -74.482975637191871, 3.942487881579412, 0.0 ], [ -74.482926076239323, 3.942529485382666, 0.0 ], [ -74.482894492372253, 3.942552650983094, 0.0 ], [ -74.482845185642944, 3.942614740775601, 0.0 ], [ -74.482793701397384, 3.942683706127611, 0.0 ], [ -74.482771707045956, 3.942745471489826, 0.0 ], [ -74.482745098947248, 3.942802746939903, 0.0 ], [ -74.482739135032062, 3.942871146780958, 0.0 ], [ -74.48276485200202, 3.942925507815704, 0.0 ], [ -74.482790368647684, 3.942963923852927, 0.0 ], [ -74.482818111318593, 3.942997763051494, 0.0 ], [ -74.482893622803047, 3.943028737132781, 0.0 ], [ -74.48295971545177, 3.943034775653571, 0.0 ], [ -74.48302345002287, 3.943034005827307, 0.0 ], [ -74.483064271266016, 3.943022118777737, 0.0 ], [ -74.483132323140367, 3.943003078348029, 0.0 ], [ -74.483168517161474, 3.942984420590586, 0.0 ], [ -74.483202378257786, 3.942961239766967, 0.0 ], [ -74.483261353554511, 3.942944578717633, 0.0 ], [ -74.483356751942736, 3.942927476742965, 0.0 ], [ -74.483413451806825, 3.94291085154053, 0.0 ], [ -74.483465688840596, 3.942901108173379, 0.0 ], [ -74.483525043226379, 3.94291406527435, 0.0 ], [ -74.483563932193334, 3.942929533496727, 0.0 ], [ -74.4836008340869, 3.942967817794001, 0.0 ], [ -74.483628777980442, 3.943017588542807, 0.0 ], [ -74.483634181346872, 3.943085859315019, 0.0 ], [ -74.483659819265085, 3.943133392273425, 0.0 ], [ -74.483690174236855, 3.943194523100618, 0.0 ], [ -74.48371840559129, 3.943267073159094, 0.0 ], [ -74.483737271110556, 3.943319241194442, 0.0 ], [ -74.483822161904925, 3.943555119789023, 0.0 ], [ -74.483850246833967, 3.943616284640402, 0.0 ], [ -74.483862716348412, 3.943702695108398, 0.0 ], [ -74.483809314199718, 3.943801291932861, 0.0 ], [ -74.483723394834371, 3.943847887437672, 0.0 ], [ -74.483657557307197, 3.94386234743116, 0.0 ], [ -74.483596211356442, 3.943872197433417, 0.0 ], [ -74.483548525187899, 3.943881885225489, 0.0 ], [ -74.483496550462206, 3.943912128880688, 0.0 ], [ -74.483429210053558, 3.943988103210338, 0.0 ], [ -74.483398138226178, 3.944052262193237, 0.0 ], [ -74.48337416219124, 3.94413683095023, 0.0 ], [ -74.48340917941934, 3.944207032914851, 0.0 ], [ -74.483462298598724, 3.944267892118247, 0.0 ], [ -74.483512970767279, 3.944315114928119, 0.0 ], [ -74.483607521145885, 3.944411927370812, 0.0 ], [ -74.483662916656186, 3.944472763258337, 0.0 ], [ -74.48371817292761, 3.944522210393414, 0.0 ], [ -74.483811182695518, 3.944678263471229, 0.0 ], [ -74.483821049790592, 3.944739647805754, 0.0 ], [ -74.483817645175662, 3.944830804363117, 0.0 ], [ -74.483802647801994, 3.944906157551276, 0.0 ], [ -74.483787459985493, 3.944965561296095, 0.0 ], [ -74.483728130752539, 3.945137121007972, 0.0 ], [ -74.483706569389085, 3.945233050611137, 0.0 ], [ -74.483707606044945, 3.945315039127192, 0.0 ], [ -74.483749883457151, 3.945419318477781, 0.0 ], [ -74.483814836143765, 3.945516488370076, 0.0 ], [ -74.483893192592745, 3.945592985029574, 0.0 ], [ -74.483966743054935, 3.945649054913083, 0.0 ], [ -74.484044756347473, 3.945698225056693, 0.0 ], [ -74.484118073247714, 3.945736058444835, 0.0 ], [ -74.484180180969815, 3.94578770832976, 0.0 ], [ -74.484226397494552, 3.945841817345444, 0.0 ], [ -74.484263780885101, 3.945918819423745, 0.0 ], [ -74.48430804716736, 3.946000282707299, 0.0 ], [ -74.484359724550714, 3.946127227401135, 0.0 ], [ -74.484404254039362, 3.9462291891142, 0.0 ], [ -74.484425532433477, 3.946292711632434, 0.0 ], [ -74.484468014661587, 3.946412934892212, 0.0 ], [ -74.48449865709425, 3.946496846505159, 0.0 ], [ -74.484552833590712, 3.946641979197862, 0.0 ], [ -74.484604672670812, 3.946782577169884, 0.0 ], [ -74.484649691741282, 3.946923275490809, 0.0 ], [ -74.484682688658296, 3.947013989093326, 0.0 ], [ -74.484725603874352, 3.947168364045774, 0.0 ], [ -74.484754912308816, 3.947327462756762, 0.0 ], [ -74.484781509627751, 3.947452423992236, 0.0 ], [ -74.48479894772403, 3.947572944617222, 0.0 ], [ -74.484830653761989, 3.94774112876227, 0.0 ], [ -74.484873219533426, 3.947868171770156, 0.0 ], [ -74.484945174587693, 3.947978931999697, 0.0 ], [ -74.485037413601049, 3.948073491906302, 0.0 ], [ -74.485106494046391, 3.948136431764234, 0.0 ], [ -74.485203034193361, 3.948210446650769, 0.0 ], [ -74.485306346739236, 3.948279809443594, 0.0 ], [ -74.485361486229692, 3.94832014037665, 0.0 ], [ -74.485432695682263, 3.948371675389405, 0.0 ], [ -74.485517915260004, 3.948450380877071, 0.0 ], [ -74.485605803732469, 3.948560926841218, 0.0 ], [ -74.485677649192255, 3.948662567421996, 0.0 ], [ -74.48573577558102, 3.948759814902688, 0.0 ], [ -74.485803180668356, 3.948870622510941, 0.0 ], [ -74.485865744734653, 3.948958709189788, 0.0 ], [ -74.485912576605358, 3.949062928934761, 0.0 ], [ -74.485950222303984, 3.949160421922481, 0.0 ], [ -74.485962030658371, 3.949194448170716, 0.0 ], [ -74.485994923370825, 3.949276052729648, 0.0 ], [ -74.486041689664518, 3.949375714452876, 0.0 ], [ -74.486118117430578, 3.949479572984187, 0.0 ], [ -74.486217191724933, 3.949574059232924, 0.0 ], [ -74.486311596576471, 3.949659477007832, 0.0 ], [ -74.486394473347929, 3.949733645005646, 0.0 ], [ -74.486461423887761, 3.949808002091138, 0.0 ], [ -74.486525984010598, 3.949873290709278, 0.0 ], [ -74.486560579928806, 3.949909331544231, 0.0 ], [ -74.486561151257334, 3.949954871004599, 0.0 ], [ -74.486560532318094, 3.950086996813895, 0.0 ], [ -74.48655575058585, 3.950251064289706, 0.0 ], [ -74.486548334094863, 3.950385551488695, 0.0 ], [ -74.486538996107484, 3.950549667299218, 0.0 ], [ -74.486531696397492, 3.950693263229729, 0.0 ], [ -74.486512830878212, 3.950823336668144, 0.0 ], [ -74.486496271334246, 3.950955653225558, 0.0 ], [ -74.486460936102546, 3.951042636485167, 0.0 ], [ -74.486357859813594, 3.951173725240832, 0.0 ], [ -74.486279457550552, 3.951274897695639, 0.0 ], [ -74.486178308147871, 3.951378620666048, 0.0 ], [ -74.486057135297514, 3.951519035015004, 0.0 ], [ -74.485944417390598, 3.951606960996516, 0.0 ], [ -74.485657763186808, 3.951804043422476, 0.0 ], [ -74.485213049510463, 3.952103263340364, 0.0 ], [ -74.485073690267171, 3.952246173425046, 0.0 ], [ -74.484952347635229, 3.952372923588881, 0.0 ], [ -74.484812962340783, 3.952513560917989, 0.0 ], [ -74.484673211432039, 3.952624580419223, 0.0 ], [ -74.484517757073817, 3.95275402712603, 0.0 ], [ -74.484373680776983, 3.952883325047036, 0.0 ], [ -74.484227359590236, 3.953014932398923, 0.0 ], [ -74.484112836967924, 3.953141593723632, 0.0 ], [ -74.484023617192207, 3.953288465631521, 0.0 ], [ -74.483946487841934, 3.953492130082383, 0.0 ], [ -74.483901601722124, 3.953725018827108, 0.0 ], [ -74.483868479040964, 3.953989650098691, 0.0 ], [ -74.483830190148609, 3.954204240565277, 0.0 ], [ -74.483793888329657, 3.954396018800614, 0.0 ], [ -74.483750394598559, 3.954558270666645, 0.0 ], [ -74.483700128468499, 3.954725164693958, 0.0 ], [ -74.483649167042444, 3.954837401802374, 0.0 ], [ -74.483546210229406, 3.954977594210125, 0.0 ], [ -74.483447707263565, 3.955110910236848, 0.0 ], [ -74.483374191835651, 3.955239356423313, 0.0 ], [ -74.483246621183852, 3.955414012089725, 0.0 ], [ -74.483116759828064, 3.955588699085479, 0.0 ], [ -74.482961788763447, 3.955756856512264, 0.0 ], [ -74.482840557522607, 3.955892717550615, 0.0 ], [ -74.482709595730583, 3.955978582762127, 0.0 ], [ -74.482607857033074, 3.956034478981981, 0.0 ], [ -74.482510634166502, 3.956088047832118, 0.0 ], [ -74.482364017434051, 3.956184344496865, 0.0 ], [ -74.482255243131235, 3.956344958701854, 0.0 ], [ -74.482196928994583, 3.956471978883561, 0.0 ], [ -74.48216319905228, 3.9566403297047, 0.0 ], [ -74.4821457034638, 3.956781504910297, 0.0 ], [ -74.482153077733983, 3.956938935789897, 0.0 ], [ -74.482180173617891, 3.957165017127255, 0.0 ], [ -74.482217062036725, 3.957329648687721, 0.0 ], [ -74.482242765531936, 3.957475897012853, 0.0 ], [ -74.482293293071734, 3.957642970583229, 0.0 ], [ -74.482359444110941, 3.957837590683066, 0.0 ], [ -74.482373167673529, 3.958038422110086, 0.0 ], [ -74.482390685719878, 3.958307722854439, 0.0 ], [ -74.482458968461259, 3.958516049751476, 0.0 ], [ -74.482488793427009, 3.958701110179769, 0.0 ], [ -74.482505201155675, 3.958865501260785, 0.0 ], [ -74.482496734534124, 3.959013624105728, 0.0 ], [ -74.482486021226038, 3.959159449140519, 0.0 ], [ -74.482475256713997, 3.959309818634342, 0.0 ], [ -74.482466668819868, 3.959469346073733, 0.0 ], [ -74.482437368470258, 3.959649158311913, 0.0 ], [ -74.482414887231954, 3.959829039516185, 0.0 ], [ -74.482415280694042, 3.960000075477955, 0.0 ], [ -74.482412917226526, 3.960214404497985, 0.0 ], [ -74.48244487030118, 3.960413182222641, 0.0 ], [ -74.48247513813638, 3.960559485565632, 0.0 ], [ -74.482514721501062, 3.960685379511514, 0.0 ], [ -74.482542182999296, 3.960879543641892, 0.0 ], [ -74.482545193253813, 3.961018677546796, 0.0 ], [ -74.482516002498656, 3.961189361964351, 0.0 ], [ -74.482461859239848, 3.96135062850566, 0.0 ], [ -74.482424251270473, 3.961457361342365, 0.0 ], [ -74.482339820413543, 3.961682126766164, 0.0 ], [ -74.482278367563296, 3.961886627070398, 0.0 ], [ -74.482258092587315, 3.962073388568682, 0.0 ], [ -74.48223344371425, 3.96224411936936, 0.0 ], [ -74.48220143404572, 3.962462654420217, 0.0 ], [ -74.48224837101931, 3.962748271144497, 0.0 ], [ -74.482335643247467, 3.962886128592632, 0.0 ], [ -74.48241445424398, 3.962964597905793, 0.0 ], [ -74.482520132952331, 3.963084422641268, 0.0 ], [ -74.482329319107876, 3.963239068827156, 0.0 ], [ -74.482302251071744, 3.963352941182139, 0.0 ], [ -74.482282195284711, 3.963555600346877, 0.0 ], [ -74.482289367433935, 3.963712684913791, 0.0 ], [ -74.482291999497718, 3.963874340795539, 0.0 ], [ -74.482301447977875, 3.964033708733382, 0.0 ], [ -74.482322217925557, 3.964165739095619, 0.0 ], [ -74.482361282064005, 3.964334178864416, 0.0 ], [ -74.482393480378732, 3.964484426435302, 0.0 ], [ -74.48243949568085, 3.964712056077366, 0.0 ], [ -74.482473945173666, 3.964853182409161, 0.0 ], [ -74.482533500782068, 3.96502389650498, 0.0 ], [ -74.482567858646746, 3.96512176041867, 0.0 ], [ -74.482634143534924, 3.965249202242999, 0.0 ], [ -74.482657035303305, 3.965308376903711, 0.0 ], [ -74.482661702949528, 3.965360738019617, 0.0 ], [ -74.482661870934493, 3.965438146935071, 0.0 ], [ -74.482668814013309, 3.965495060558963, 0.0 ], [ -74.482657666818952, 3.965602087698855, 0.0 ], [ -74.482642085540348, 3.965763752172757, 0.0 ], [ -74.482639916108937, 3.965813843275745, 0.0 ], [ -74.482651509765986, 3.965911733084671, 0.0 ], [ -74.482681344613212, 3.966023267875711, 0.0 ], [ -74.482702057967046, 3.966127974778789, 0.0 ], [ -74.482722704845528, 3.966203105573926, 0.0 ], [ -74.482784373291466, 3.966296387262816, 0.0 ], [ -74.482762424754142, 3.966676634826838, 0.0 ], [ -74.482749362351569, 3.96694758797194, 0.0 ], [ -74.482697440626481, 3.967147987925065, 0.0 ], [ -74.482599666194318, 3.967198181106683, 0.0 ], [ -74.482367755323935, 3.967323623271961, 0.0 ], [ -74.48229511485512, 3.967419319096164, 0.0 ], [ -74.48224988468057, 3.967555971323089, 0.0 ], [ -74.482236478223271, 3.967672095139042, 0.0 ], [ -74.482243556049383, 3.967783649408016, 0.0 ], [ -74.482277906727546, 3.967883807169635, 0.0 ], [ -74.482351009828719, 3.968004400995024, 0.0 ], [ -74.48243556824643, 3.968154591440413, 0.0 ], [ -74.482463083643594, 3.968247915028544, 0.0 ], [ -74.482467947122529, 3.968391347476051, 0.0 ], [ -74.482472986671269, 3.968616745496591, 0.0 ], [ -74.482418622426906, 3.968742031514394, 0.0 ], [ -74.482366488699384, 3.968844527243798, 0.0 ], [ -74.482325684524241, 3.968919700807587, 0.0 ], [ -74.482284877654138, 3.968997151509155, 0.0 ], [ -74.482210105483148, 3.969158874465278, 0.0 ], [ -74.482173966259268, 3.969290964947517, 0.0 ], [ -74.482167288183447, 3.969357003011397, 0.0 ], [ -74.482179006706346, 3.969514087371612, 0.0 ], [ -74.482183919592629, 3.969678016572579, 0.0 ], [ -74.48217744812932, 3.969846503610234, 0.0 ], [ -74.482154827652153, 3.969910275241508, 0.0 ], [ -74.482082326422201, 3.970067445527766, 0.0 ], [ -74.482039265679049, 3.970153999310487, 0.0 ], [ -74.481941681689733, 3.970295260928842, 0.0 ], [ -74.481834972613768, 3.970422854302111, 0.0 ], [ -74.481710043907199, 3.970548207257791, 0.0 ], [ -74.481596475295746, 3.970662151194274, 0.0 ], [ -74.481473826513366, 3.97078749515205, 0.0 ], [ -74.481308046020928, 3.970967514629257, 0.0 ], [ -74.481196810334254, 3.971106513308134, 0.0 ], [ -74.481101610473686, 3.971295579434, 0.0 ], [ -74.481031289454947, 3.971409486524825, 0.0 ], [ -74.480917806183427, 3.971564418819062, 0.0 ], [ -74.480811076446187, 3.971682911512741, 0.0 ], [ -74.480692906663819, 3.971776365541055, 0.0 ], [ -74.48049740002034, 3.971897224956691, 0.0 ], [ -74.480340564053193, 3.971999834106341, 0.0 ], [ -74.48016555965944, 3.972125227149605, 0.0 ], [ -74.480011065600237, 3.972264254310527, 0.0 ], [ -74.479833827994682, 3.972410143322964, 0.0 ], [ -74.479654398499832, 3.972592456607875, 0.0 ], [ -74.479509045696972, 3.972747415564702, 0.0 ], [ -74.479311410944575, 3.972936578099477, 0.0 ], [ -74.479161453377571, 3.973066501967117, 0.0 ], [ -74.479015907436931, 3.97313038626528, 0.0 ], [ -74.478920358131717, 3.973157805063626, 0.0 ], [ -74.478790675540679, 3.973189797842609, 0.0 ], [ -74.478633715606023, 3.973237767293342, 0.0 ], [ -74.478533644181709, 3.973278839923506, 0.0 ], [ -74.478397258361994, 3.973367769079114, 0.0 ], [ -74.478297419601319, 3.973518134195133, 0.0 ], [ -74.478195436562061, 3.973725416821147, 0.0 ], [ -74.478143512142012, 3.973923550543988, 0.0 ], [ -74.478084751542639, 3.974119408881089, 0.0 ], [ -74.47801925268034, 3.974358535327899, 0.0 ], [ -74.477935407524981, 3.974536208788814, 0.0 ], [ -74.477835546306409, 3.97467518715102, 0.0 ], [ -74.477676612773081, 3.974864314293639, 0.0 ], [ -74.47758122336802, 3.974964580526791, 0.0 ], [ -74.477388034377952, 3.975099089695883, 0.0 ], [ -74.477256186847072, 3.975185740631521, 0.0 ], [ -74.477094712878127, 3.975251917127504, 0.0 ], [ -74.476960525235924, 3.975304409347324, 0.0 ], [ -74.476851283809182, 3.975318179648942, 0.0 ], [ -74.476801207223659, 3.975318227145106, 0.0 ], [ -74.476794871405943, 3.975311914636705, 0.0 ], [ -74.476760143435399, 3.975277281870408, 0.0 ], [ -74.476691697200636, 3.97520221732041, 0.0 ], [ -74.476600218161991, 3.9750064990406, 0.0 ], [ -74.476545420929654, 3.974929142999246, 0.0 ], [ -74.476481400694311, 3.974799416579041, 0.0 ], [ -74.476410518228505, 3.974649219277509, 0.0 ], [ -74.476357885935997, 3.974524047072001, 0.0 ], [ -74.476302816514121, 3.974321462291403, 0.0 ], [ -74.47626146885824, 3.974148463129838, 0.0 ], [ -74.476210997912318, 3.973966372435373, 0.0 ], [ -74.476157881427881, 3.97361579098628, 0.0 ], [ -74.476159832568669, 3.973463236579045, 0.0 ], [ -74.476159612481439, 3.973363064259746, 0.0 ], [ -74.476132055761767, 3.973253803112316, 0.0 ], [ -74.476036159706879, 3.973117288044356, 0.0 ], [ -74.47594944802745, 3.973017180206326, 0.0 ], [ -74.475812583405713, 3.97288526148638, 0.0 ], [ -74.475675693631146, 3.972744223454378, 0.0 ], [ -74.47554336819654, 3.972603188982905, 0.0 ], [ -74.475395030291978, 3.972432573238831, 0.0 ], [ -74.475296892042138, 3.972314269741962, 0.0 ], [ -74.475157716953476, 3.972164131134297, 0.0 ], [ -74.474959307853311, 3.971993561003473, 0.0 ], [ -74.474797391913242, 3.971854825048184, 0.0 ], [ -74.474678803515943, 3.971754763657206, 0.0 ], [ -74.47455568401638, 3.971661525600462, 0.0 ], [ -74.474396160289899, 3.97157743641038, 0.0 ], [ -74.474191074012211, 3.971477448470699, 0.0 ], [ -74.474001845694247, 3.971343293589738, 0.0 ], [ -74.473800887175301, 3.971042951470356, 0.0 ], [ -74.473595632014352, 3.970865556858707, 0.0 ], [ -74.473479338812609, 3.970772312428425, 0.0 ], [ -74.473353983406284, 3.970699581066461, 0.0 ], [ -74.473185375915662, 3.970622324094959, 0.0 ], [ -74.473014563959339, 3.970583770435783, 0.0 ], [ -74.472859698895931, 3.970552046403468, 0.0 ], [ -74.47272081845469, 3.970538512608329, 0.0 ], [ -74.472518224103624, 3.970538710659471, 0.0 ], [ -74.472320189600921, 3.970538897956739, 0.0 ], [ -74.472108533045258, 3.970559590270929, 0.0 ], [ -74.471956040432502, 3.970568844009879, 0.0 ], [ -74.471714794269701, 3.970591833179037, 0.0 ], [ -74.471539509601556, 3.970587443791866, 0.0 ], [ -74.471391508565247, 3.970567092914992, 0.0 ], [ -74.471181967542066, 3.970517195670654, 0.0 ], [ -74.470974729799281, 3.970471855392891, 0.0 ], [ -74.470760548977665, 3.970371881657848, 0.0 ], [ -74.470525794939419, 3.970240044065557, 0.0 ], [ -74.470348053378984, 3.97014914481419, 0.0 ], [ -74.470174791716872, 3.970028637333329, 0.0 ], [ -74.469980884074587, 3.969835288169135, 0.0 ], [ -74.46975539615849, 3.96977629396087, 0.0 ], [ -74.469632448237135, 3.969762761049112, 0.0 ], [ -74.469486861872312, 3.969806154906477, 0.0 ], [ -74.46938447189622, 3.969829023115272, 0.0 ], [ -74.469277416968851, 3.969797243492052, 0.0 ], [ -74.469213611430845, 3.969763153567191, 0.0 ], [ -74.469117846529983, 3.969694933386078, 0.0 ], [ -74.469060824170711, 3.969638065755705, 0.0 ], [ -74.468921886237283, 3.969601775751072, 0.0 ], [ -74.468798923942884, 3.969581397965115, 0.0 ], [ -74.468644085828927, 3.969561050648083, 0.0 ], [ -74.46849384619091, 3.969558908825209, 0.0 ], [ -74.468380038627572, 3.969559017260584, 0.0 ], [ -74.468216147292196, 3.969565998348512, 0.0 ], [ -74.46806136397548, 3.969566148903427, 0.0 ], [ -74.467874751551619, 3.969584536318047, 0.0 ], [ -74.467701790825132, 3.969605193705892, 0.0 ], [ -74.467547002118536, 3.969605337091544, 0.0 ], [ -74.467399025336718, 3.969598640982867, 0.0 ], [ -74.467080359667762, 3.969610324222747, 0.0 ], [ -74.466918755443103, 3.969615029959654, 0.0 ], [ -74.466789073750363, 3.969647028252929, 0.0 ], [ -74.466695855573334, 3.969699476917521, 0.0 ], [ -74.466616281907164, 3.969745091462655, 0.0 ], [ -74.466507116837207, 3.969790729305416, 0.0 ], [ -74.466445704411115, 3.969811278252783, 0.0 ], [ -74.466322851711183, 3.969843274746145, 0.0 ], [ -74.466220460836794, 3.969866133992328, 0.0 ], [ -74.466049871662648, 3.96993004452686, 0.0 ], [ -74.46581558115507, 3.970007669884811, 0.0 ], [ -74.465710975035194, 3.970055586647098, 0.0 ], [ -74.465592704641523, 3.970105786821243, 0.0 ], [ -74.465515318373036, 3.970108130278613, 0.0 ], [ -74.465385582781394, 3.970117364307132, 0.0 ] ] ] } },
{ "type": "Feature", "properties": { "OBJECTID": 6647, "DPTOMPIO": "25120", "CODIGO_VER": "25120010", "NOM_DEP": "CUNDINAMARCA", "NOMB_MPIO": "CABRERA", "NOMBRE_VER": "PENAS BLANCAS", "VIGENCIA": "2010", "FUENTE": "EOT CABRERA", "DESCRIPCIO": "NULL", "SEUDONIMOS": "NULL", "AREA_HA": 2985.1407400399999, "COD_DPTO": "25", "ShapeSTAre": 30193494.122070312, "ShapeSTLen": 33793.98922289937 }, "geometry": { "type": "Polygon", "coordinates": [ [ [ -74.40228838524709, 4.003036988994751, 0.0 ], [ -74.402266569660441, 4.003015128952683, 0.0 ], [ -74.402315023888548, 4.002893500757528, 0.0 ], [ -74.402387729934375, 4.002784016816682, 0.0 ], [ -74.402472540778675, 4.002601560575801, 0.0 ], [ -74.402593577085113, 4.002078568891354, 0.0 ], [ -74.402930300687885, 3.999501304652195, 0.0 ], [ -74.403181842442166, 3.997053193363432, 0.0 ], [ -74.402760549641897, 3.995787135977466, 0.0 ], [ -74.402087038655949, 3.995196496298121, 0.0 ], [ -74.401329463325709, 3.994859143646096, 0.0 ], [ -74.400992633721714, 3.994352780150218, 0.0 ], [ -74.40099214863146, 3.993086568046222, 0.0 ], [ -74.401412234994297, 3.991229284893675, 0.0 ], [ -74.401872268539506, 3.985882415508028, 0.0 ], [ -74.401919127359676, 3.985078138919132, 0.0 ], [ -74.401871780754306, 3.984605057553953, 0.0 ], [ -74.402107526532632, 3.984368422674167, 0.0 ], [ -74.40210743490448, 3.984131878236926, 0.0 ], [ -74.402107309140334, 3.983800705335983, 0.0 ], [ -74.402107253444782, 3.98365877930076, 0.0 ], [ -74.401918546149687, 3.983564231530923, 0.0 ], [ -74.40177703633961, 3.983516984974368, 0.0 ], [ -74.401494017617779, 3.98346978501463, 0.0 ], [ -74.401493854124382, 3.983044003975841, 0.0 ], [ -74.401352097277595, 3.982381718102895, 0.0 ], [ -74.401304667128926, 3.981672103485137, 0.0 ], [ -74.401728930657839, 3.981056917136704, 0.0 ], [ -74.40220036651894, 3.980489021869106, 0.0 ], [ -74.402483228933917, 3.980110436755076, 0.0 ], [ -74.402577286137429, 3.979400756553085, 0.0 ], [ -74.402624121601391, 3.978549172123395, 0.0 ], [ -74.402812463282174, 3.97769754021352, 0.0 ], [ -74.403330764251649, 3.976325365555339, 0.0 ], [ -74.404663678182018, 3.973904794010031, 0.0 ], [ -74.406065730948228, 3.972945147148183, 0.0 ], [ -74.40666959016032, 3.97183485238113, 0.0 ], [ -74.407217670281455, 3.971147114665015, 0.0 ], [ -74.408313843100174, 3.969771623175117, 0.0 ], [ -74.409547429411262, 3.96925549222604, 0.0 ], [ -74.412220282097522, 3.968326272708599, 0.0 ], [ -74.414927357002853, 3.967328277044456, 0.0 ], [ -74.418491092312578, 3.96598616309915, 0.0 ], [ -74.419195873653564, 3.965618416711919, 0.0 ], [ -74.419480163491528, 3.965334385398452, 0.0 ], [ -74.419619016983319, 3.96532970472976, 0.0 ], [ -74.419862556545056, 3.9653135567363, 0.0 ], [ -74.420058262614518, 3.965290618501652, 0.0 ], [ -74.420251721997474, 3.965272230095271, 0.0 ], [ -74.420376871689612, 3.965251635330614, 0.0 ], [ -74.420515664994255, 3.965219630593929, 0.0 ], [ -74.420652148730326, 3.965178527093315, 0.0 ], [ -74.420856683442423, 3.96501669044123, 0.0 ], [ -74.420965714663396, 3.964905030051205, 0.0 ], [ -74.42106342711179, 3.964825262378653, 0.0 ], [ -74.421174816410399, 3.964752304659386, 0.0 ], [ -74.421265745680074, 3.964693029588346, 0.0 ], [ -74.421413534713992, 3.964610939034183, 0.0 ], [ -74.42154544063537, 3.964553895405411, 0.0 ], [ -74.421713784021321, 3.964503659047241, 0.0 ], [ -74.421891303697862, 3.964489836587644, 0.0 ], [ -74.422112079950296, 3.964475980969644, 0.0 ], [ -74.422310094690047, 3.964459869702303, 0.0 ], [ -74.422498983444854, 3.964441490239158, 0.0 ], [ -74.422644637183325, 3.964425420194757, 0.0 ], [ -74.422725766731574, 3.964405056619747, 0.0 ], [ -74.422964267642897, 3.963450904768139, 0.0 ], [ -74.42332006517411, 3.963058022450684, 0.0 ], [ -74.423355546831189, 3.96280807688611, 0.0 ], [ -74.423266378259456, 3.962343959662528, 0.0 ], [ -74.423159450892882, 3.961986972845712, 0.0 ], [ -74.422838940084333, 3.961612217535929, 0.0 ], [ -74.422126759320349, 3.960934128434855, 0.0 ], [ -74.421485785313976, 3.960273870774264, 0.0 ], [ -74.421033778215843, 3.95981780870428, 0.0 ], [ -74.420518394974408, 3.958963618623437, 0.0 ], [ -74.419051381436731, 3.956142685815266, 0.0 ], [ -74.417969376846699, 3.953680649981455, 0.0 ], [ -74.417688851848084, 3.953038165816334, 0.0 ], [ -74.417107779301489, 3.951793363652179, 0.0 ], [ -74.416606994581741, 3.951070644806016, 0.0 ], [ -74.416206458254436, 3.950709346983288, 0.0 ], [ -74.416006095318522, 3.950267647224719, 0.0 ], [ -74.41540510981703, 3.949283901492931, 0.0 ], [ -74.414452185048489, 3.948288475535425, 0.0 ], [ -74.413625267863125, 3.947778498730338, 0.0 ], [ -74.41317643271627, 3.947706065569752, 0.0 ], [ -74.412918281158113, 3.947656882998468, 0.0 ], [ -74.412700948148171, 3.947528209799455, 0.0 ], [ -74.412582392988554, 3.947419303714799, 0.0 ], [ -74.412463822557569, 3.947270780892651, 0.0 ], [ -74.412364986316746, 3.947082641311738, 0.0 ], [ -74.41226612132985, 3.946825163872837, 0.0 ], [ -74.412238591559642, 3.94666325014861, 0.0 ], [ -74.412098306153297, 3.945961105052594, 0.0 ], [ -74.411842994169774, 3.943569122731587, 0.0 ], [ -74.411492760803441, 3.942357267329327, 0.0 ], [ -74.410188506723884, 3.940826839317802, 0.0 ], [ -74.409297977138323, 3.940253083128623, 0.0 ], [ -74.408916366517445, 3.94012565538639, 0.0 ], [ -74.408789085123132, 3.939870551598094, 0.0 ], [ -74.408661789355804, 3.939583540586655, 0.0 ], [ -74.407847520449664, 3.936932391598699, 0.0 ], [ -74.407483878829396, 3.93617322765795, 0.0 ], [ -74.407059717708421, 3.935505198199442, 0.0 ], [ -74.406696174902834, 3.934989010971124, 0.0 ], [ -74.406181222852737, 3.934442498766829, 0.0 ], [ -74.40554503686684, 3.933592319962175, 0.0 ], [ -74.405787175056716, 3.93334924923284, 0.0 ], [ -74.406180779983316, 3.933288351590507, 0.0 ], [ -74.406301742627889, 3.932893461849629, 0.0 ], [ -74.406362226195967, 3.932711198985403, 0.0 ], [ -74.40657412260181, 3.932559263495662, 0.0 ], [ -74.406937474964579, 3.932589495015455, 0.0 ], [ -74.407028339555552, 3.932650202714451, 0.0 ], [ -74.40711921492634, 3.93274128352291, 0.0 ], [ -74.407422086415934, 3.932953767132799, 0.0 ], [ -74.407815660799784, 3.932832132205671, 0.0 ], [ -74.40796695955153, 3.932589094414021, 0.0 ], [ -74.408118202607696, 3.93219418821021, 0.0 ], [ -74.408269468121759, 3.931860032593458, 0.0 ], [ -74.408360168321053, 3.931495539532635, 0.0 ], [ -74.408723336529164, 3.931070177186517, 0.0 ], [ -74.408965511549994, 3.930918218992628, 0.0 ], [ -74.409086541568215, 3.930705575339899, 0.0 ], [ -74.409306145519196, 3.930374858751838, 0.0 ], [ -74.409331115989161, 3.930342105237723, 0.0 ], [ -74.40955139726988, 3.930507687605241, 0.0 ], [ -74.410236644745012, 3.930765144999421, 0.0 ], [ -74.410793411574957, 3.930979699339333, 0.0 ], [ -74.411221840591836, 3.931537935230953, 0.0 ], [ -74.411821756199814, 3.932568601901385, 0.0 ], [ -74.412450540966105, 3.933856718359345, 0.0 ], [ -74.413072535367135, 3.935055419207499, 0.0 ], [ -74.413264057084035, 3.935774710584124, 0.0 ], [ -74.413359923494511, 3.936398121811494, 0.0 ], [ -74.413599225703052, 3.937021481489007, 0.0 ], [ -74.413790710589012, 3.937644854142686, 0.0 ], [ -74.413982175712036, 3.938220268297122, 0.0 ], [ -74.41417354561365, 3.938555902770392, 0.0 ], [ -74.414555986277875, 3.938459830798271, 0.0 ], [ -74.415224994907632, 3.937596328783105, 0.0 ], [ -74.41546370602471, 3.936732989875981, 0.0 ], [ -74.415559046920748, 3.936013581925322, 0.0 ], [ -74.415654563886591, 3.935773763304193, 0.0 ], [ -74.41598905607421, 3.935342006086539, 0.0 ], [ -74.416849215416633, 3.934238638757297, 0.0 ], [ -74.417661729014711, 3.933614858472025, 0.0 ], [ -74.417996094539859, 3.932847399866645, 0.0 ], [ -74.418282673285191, 3.932127917760692, 0.0 ], [ -74.418425986912339, 3.93184011363152, 0.0 ], [ -74.419095117712985, 3.93131231115371, 0.0 ], [ -74.419190696662568, 3.931216351267504, 0.0 ], [ -74.419907630412752, 3.93068852778218, 0.0 ], [ -74.420576736958864, 3.930112768764908, 0.0 ], [ -74.42119785729912, 3.929105404841249, 0.0 ], [ -74.422057955556113, 3.92790610842362, 0.0 ], [ -74.422535835931058, 3.927378391284583, 0.0 ], [ -74.423792547572518, 3.926660015756973, 0.0 ], [ -74.424667027857197, 3.925891854398991, 0.0 ], [ -74.426415130535474, 3.922271460188511, 0.0 ], [ -74.427726764275079, 3.920954668554328, 0.0 ], [ -74.428273275039416, 3.920406011482757, 0.0 ], [ -74.428491607874278, 3.919528422906361, 0.0 ], [ -74.429693977729244, 3.9184310527587, 0.0 ], [ -74.430240366322707, 3.917553329469987, 0.0 ], [ -74.430568131925483, 3.916895065526192, 0.0 ], [ -74.431552164454004, 3.916675287999575, 0.0 ], [ -74.432317547940698, 3.916565279121462, 0.0 ], [ -74.433082705051945, 3.915906847703932, 0.0 ], [ -74.434939994359738, 3.912067015116163, 0.0 ], [ -74.435224381215761, 3.911320740459225, 0.0 ], [ -74.435245857239252, 3.911050025519781, 0.0 ], [ -74.435261965828943, 3.910838870817619, 0.0 ], [ -74.435240279599654, 3.91061149441338, 0.0 ], [ -74.435242590066565, 3.910526375562636, 0.0 ], [ -74.435457153570496, 3.910848947057946, 0.0 ], [ -74.43561465608758, 3.91174207089257, 0.0 ], [ -74.436558791739401, 3.914946652589404, 0.0 ], [ -74.43724064537939, 3.917205615407041, 0.0 ], [ -74.437660210719358, 3.918518949073131, 0.0 ], [ -74.438578501840468, 3.923288981042164, 0.0 ], [ -74.43916125693157, 3.925946605495665, 0.0 ], [ -74.440131874917952, 3.92886336881579, 0.0 ], [ -74.440625933951182, 3.930053928567942, 0.0 ], [ -74.440847539348624, 3.930849140640803, 0.0 ], [ -74.441253885080869, 3.932495068674908, 0.0 ], [ -74.441567814831629, 3.933623161756049, 0.0 ], [ -74.442917146372125, 3.937969812484773, 0.0 ], [ -74.443420460747731, 3.939239668722044, 0.0 ], [ -74.44430203323158, 3.940741477990997, 0.0 ], [ -74.444764862333955, 3.941536563353701, 0.0 ], [ -74.445536263634736, 3.94288378663151, 0.0 ], [ -74.445844837629778, 3.943458023154826, 0.0 ], [ -74.445867006254346, 3.943789385178127, 0.0 ], [ -74.445779090832445, 3.94420915329477, 0.0 ], [ -74.445691181698734, 3.944651008628123, 0.0 ], [ -74.445735336589905, 3.944893998087669, 0.0 ], [ -74.446207156929944, 3.945675800689813, 0.0 ], [ -74.44650796409104, 3.945826506905997, 0.0 ], [ -74.446608326569532, 3.94607785832972, 0.0 ], [ -74.44660854486014, 3.946580649671215, 0.0 ], [ -74.447009714499728, 3.946982698807426, 0.0 ], [ -74.447511181040781, 3.947485270932218, 0.0 ], [ -74.447912659700819, 3.948591229474066, 0.0 ], [ -74.448514396193886, 3.949144026267471, 0.0 ], [ -74.448765258821822, 3.949696987590067, 0.0 ], [ -74.44871542208648, 3.950350634485399, 0.0 ], [ -74.449317712840084, 3.952160409095144, 0.0 ], [ -74.450370758440314, 3.953115231751712, 0.0 ], [ -74.451273207771365, 3.953567344472816, 0.0 ], [ -74.451874792449146, 3.95376819485841, 0.0 ], [ -74.452527086126409, 3.955276269003967, 0.0 ], [ -74.452728049136937, 3.956332030488144, 0.0 ], [ -74.453129268183872, 3.956834634586886, 0.0 ], [ -74.453634883144886, 3.957361721838773, 0.0 ], [ -74.454683324879298, 3.958153646608937, 0.0 ], [ -74.455692581202698, 3.958772993026396, 0.0 ], [ -74.457184496040028, 3.95975438042401, 0.0 ], [ -74.457794475474145, 3.95992095167908, 0.0 ], [ -74.458764726049594, 3.959809284328005, 0.0 ], [ -74.45923601279037, 3.959809070143168, 0.0 ], [ -74.459624276334267, 3.960142579131436, 0.0 ], [ -74.461149885181285, 3.962032801104604, 0.0 ], [ -74.461926566779283, 3.963005716751312, 0.0 ], [ -74.462176394547996, 3.963700790991387, 0.0 ], [ -74.462481814558089, 3.964729532199764, 0.0 ], [ -74.46278819396889, 3.965745241002411, 0.0 ], [ -74.46335050609909, 3.966375040861946, 0.0 ], [ -74.464574440012441, 3.967933047686377, 0.0 ], [ -74.465236046524268, 3.968794918459218, 0.0 ], [ -74.465599936079542, 3.969292170283381, 0.0 ], [ -74.465580167753416, 3.969476767673394, 0.0 ], [ -74.46554361889774, 3.969591538913599, 0.0 ], [ -74.465528251418192, 3.969678094538521, 0.0 ], [ -74.465522167128753, 3.969717803390258, 0.0 ], [ -74.465516100805658, 3.969751398636693, 0.0 ], [ -74.465508169580005, 3.969811286318225, 0.0 ], [ -74.465384023306058, 3.970070683352597, 0.0 ], [ -74.465385582781394, 3.970117364307132, 0.0 ], [ -74.465396138884302, 3.970432207516255, 0.0 ], [ -74.465358948631547, 3.970433870787835, 0.0 ], [ -74.465274713607343, 3.97042711285088, 0.0 ], [ -74.465097165184702, 3.970427275055721, 0.0 ], [ -74.464908440821617, 3.970527635028649, 0.0 ], [ -74.464806127202323, 3.970584646879354, 0.0 ], [ -74.464733372647444, 3.970623424578277, 0.0 ], [ -74.464610540608774, 3.970664523327182, 0.0 ], [ -74.464398848120481, 3.970671551005999, 0.0 ], [ -74.464219005400608, 3.970664885375395, 0.0 ], [ -74.464036871078434, 3.970649124626947, 0.0 ], [ -74.463875231819472, 3.970644719109186, 0.0 ], [ -74.463697652854108, 3.970631217577264, 0.0 ], [ -74.463526956780441, 3.970640483861657, 0.0 ], [ -74.463353945748295, 3.970638367134034, 0.0 ], [ -74.463176327257059, 3.970606660130841, 0.0 ], [ -74.463000984198445, 3.970579502030029, 0.0 ], [ -74.46281429272284, 3.970561461451144, 0.0 ], [ -74.462611633693058, 3.970532053989406, 0.0 ], [ -74.462388545177092, 3.970527709409839, 0.0 ], [ -74.462224647553498, 3.970527862653073, 0.0 ], [ -74.46204936198707, 3.970523469680908, 0.0 ], [ -74.461878654235292, 3.970530453449166, 0.0 ], [ -74.461689729547885, 3.970537462309799, 0.0 ], [ -74.461507614988676, 3.970530803847376, 0.0 ], [ -74.461345960458345, 3.970515013523116, 0.0 ], [ -74.461241204319791, 3.970494616940335, 0.0 ], [ -74.461157785864202, 3.970792967098091, 0.0 ], [ -74.460837227444955, 3.973415494765038, 0.0 ], [ -74.460527137093706, 3.97374318848416, 0.0 ], [ -74.459351905343482, 3.974628139030912, 0.0 ], [ -74.459074523550058, 3.975070466530787, 0.0 ], [ -74.458274963658369, 3.976250043904937, 0.0 ], [ -74.457483237974287, 3.977251488820138, 0.0 ], [ -74.456944627892867, 3.977572588028035, 0.0 ], [ -74.456624725243771, 3.977538958150257, 0.0 ], [ -74.456271067499571, 3.977336477168016, 0.0 ], [ -74.456169894740697, 3.976981882390461, 0.0 ], [ -74.455917125887737, 3.976475386905571, 0.0 ], [ -74.455176220594225, 3.976205523026099, 0.0 ], [ -74.454469100938553, 3.97620584116042, 0.0 ], [ -74.45362724836329, 3.976104897586508, 0.0 ], [ -74.453559807343339, 3.975885392027379, 0.0 ], [ -74.453340798077065, 3.975564632700604, 0.0 ], [ -74.452700880489473, 3.975227172522447, 0.0 ], [ -74.452145253621637, 3.975159873143351, 0.0 ], [ -74.451909498860147, 3.975024883645467, 0.0 ], [ -74.451673540181105, 3.974484595647973, 0.0 ], [ -74.451303071364677, 3.974298992099956, 0.0 ], [ -74.450713814267544, 3.974299254673383, 0.0 ], [ -74.450175124236054, 3.974451480037148, 0.0 ], [ -74.449451324662164, 3.974789549021688, 0.0 ], [ -74.448559148464724, 3.975093918886247, 0.0 ], [ -74.447443294456448, 3.975115981305903, 0.0 ], [ -74.446574283115197, 3.974971100945635, 0.0 ], [ -74.445994890418191, 3.974753459086133, 0.0 ], [ -74.445149928773745, 3.974390659795089, 0.0 ], [ -74.444691396313388, 3.974560337756279, 0.0 ], [ -74.444498371715028, 3.974754115071248, 0.0 ], [ -74.444377842058401, 3.975117325537124, 0.0 ], [ -74.444112472536958, 3.975432181176606, 0.0 ], [ -74.443750557478666, 3.975771290193213, 0.0 ], [ -74.443098862079381, 3.975819995235725, 0.0 ], [ -74.441578153542238, 3.975699600602407, 0.0 ], [ -74.439405666960809, 3.975410015707716, 0.0 ], [ -74.439043630629939, 3.97545859262157, 0.0 ], [ -74.438005719845634, 3.975459038906176, 0.0 ], [ -74.437667666736232, 3.975168653661349, 0.0 ], [ -74.436949665787509, 3.9742351473231, 0.0 ], [ -74.436256116082504, 3.973682908571766, 0.0 ], [ -74.435866567947755, 3.973311551415, 0.0 ], [ -74.435647936872229, 3.972854383514408, 0.0 ], [ -74.435229764819255, 3.972197240563867, 0.0 ], [ -74.434612205400768, 3.971635456366274, 0.0 ], [ -74.434441186831918, 3.971483106813045, 0.0 ], [ -74.434279748795589, 3.971540330987237, 0.0 ], [ -74.434222826149295, 3.971673725894262, 0.0 ], [ -74.434146996661212, 3.972026231322687, 0.0 ], [ -74.434022358110496, 3.97266517167218, 0.0 ], [ -74.433876580404515, 3.973642713298221, 0.0 ], [ -74.433877363735419, 3.975499931298784, 0.0 ], [ -74.433878265643969, 3.977650387416218, 0.0 ], [ -74.433440909169803, 3.980436408999524, 0.0 ], [ -74.43232106125177, 3.982489597078712, 0.0 ], [ -74.430636638347366, 3.984061451145317, 0.0 ], [ -74.428656833207853, 3.986156345596932, 0.0 ], [ -74.426784088385602, 3.988251190800253, 0.0 ], [ -74.423733634259548, 3.990400217412754, 0.0 ], [ -74.422020788659552, 3.9908304744306, 0.0 ], [ -74.420200776741083, 3.991045992674503, 0.0 ], [ -74.419504950705161, 3.99126105741674, 0.0 ], [ -74.419023268659913, 3.991529720911874, 0.0 ], [ -74.418916458074335, 3.992174095521588, 0.0 ], [ -74.418327823509671, 3.992711270379565, 0.0 ], [ -74.417899675665467, 3.992979911892893, 0.0 ], [ -74.416668514805664, 3.993195190304692, 0.0 ], [ -74.415865466755747, 3.993034435414901, 0.0 ], [ -74.415223112937099, 3.993142081789757, 0.0 ], [ -74.414527347088296, 3.993518221625489, 0.0 ], [ -74.411369571235255, 3.995130306172736, 0.0 ], [ -74.408586280566283, 3.996151596218335, 0.0 ], [ -74.408425909728507, 3.996742301523567, 0.0 ], [ -74.408051481138287, 3.997494164605226, 0.0 ], [ -74.407409554019424, 3.998675685767812, 0.0 ], [ -74.405090707623685, 4.000496620403469, 0.0 ], [ -74.404339256108742, 4.001250923775682, 0.0 ], [ -74.402812077904926, 4.002710884134823, 0.0 ], [ -74.402581792985202, 4.002954198809343, 0.0 ], [ -74.402339348469795, 4.003088072525275, 0.0 ], [ -74.40228838524709, 4.003036988994751, 0.0 ] ] ] } },
{ "type": "Feature", "properties": { "OBJECTID": 6648, "DPTOMPIO": "25120", "CODIGO_VER": "25120004", "NOM_DEP": "CUNDINAMARCA", "NOMB_MPIO": "CABRERA", "NOMBRE_VER": "HOYERIAS", "VIGENCIA": "2010", "FUENTE": "EOT CABRERA", "DESCRIPCIO": "NULL", "SEUDONIMOS": "NULL", "AREA_HA": 1282.09644772, "COD_DPTO": "25", "ShapeSTAre": 12967366.082275391, "ShapeSTLen": 22322.832143119915 }, "geometry": { "type": "Polygon", "coordinates": [ [ [ -74.381364159099434, 3.972223172668262, 0.0 ], [ -74.381080599591826, 3.972171278885466, 0.0 ], [ -74.380877995359256, 3.972151034690375, 0.0 ], [ -74.380433105613108, 3.972214947736477, 0.0 ], [ -74.379908757185149, 3.972262951297844, 0.0 ], [ -74.379670408987437, 3.972247099171857, 0.0 ], [ -74.379606811858594, 3.97216742899342, 0.0 ], [ -74.379590850592621, 3.971960238280207, 0.0 ], [ -74.379717657676437, 3.971083591365216, 0.0 ], [ -74.379733442872606, 3.970796697807399, 0.0 ], [ -74.379749276577812, 3.970621370581726, 0.0 ], [ -74.379367666855231, 3.969920226200053, 0.0 ], [ -74.378874894209488, 3.969378494730297, 0.0 ], [ -74.378604604615234, 3.968916383219953, 0.0 ], [ -74.378556688477985, 3.968231057332103, 0.0 ], [ -74.378799495014434, 3.966995716406235, 0.0 ], [ -74.378964670940661, 3.96663717496228, 0.0 ], [ -74.379765413913574, 3.966006344713889, 0.0 ], [ -74.381478557754264, 3.965070113531215, 0.0 ], [ -74.38230983536198, 3.964713859162274, 0.0 ], [ -74.382522656134256, 3.964479881978992, 0.0 ], [ -74.382634127179557, 3.964317123035462, 0.0 ], [ -74.382775920857256, 3.963879762602031, 0.0 ], [ -74.382758467489595, 3.961561324107323, 0.0 ], [ -74.382082672087876, 3.958224352828583, 0.0 ], [ -74.381994122455367, 3.957516628088084, 0.0 ], [ -74.382185100691515, 3.956653116318068, 0.0 ], [ -74.382649288944918, 3.955583923367081, 0.0 ], [ -74.383386715961649, 3.95444609714898, 0.0 ], [ -74.383605125153309, 3.953856675335128, 0.0 ], [ -74.383694743780993, 3.952884583281313, 0.0 ], [ -74.383510518180842, 3.952392360810928, 0.0 ], [ -74.38203808600538, 3.952187773025551, 0.0 ], [ -74.379645374737109, 3.951798897560196, 0.0 ], [ -74.377641252202849, 3.95155346534355, 0.0 ], [ -74.374276412880192, 3.951484580488186, 0.0 ], [ -74.373051902248406, 3.951555871585999, 0.0 ], [ -74.372416042350963, 3.951437988100509, 0.0 ], [ -74.371827243394634, 3.951201977318259, 0.0 ], [ -74.37173290591673, 3.950776836549911, 0.0 ], [ -74.371779835703819, 3.95030439064845, 0.0 ], [ -74.371991649464661, 3.94992638318895, 0.0 ], [ -74.371897150290039, 3.949052440912205, 0.0 ], [ -74.371896882592083, 3.948272949160894, 0.0 ], [ -74.371826148348276, 3.948013141117791, 0.0 ], [ -74.37189666430146, 3.947635182801053, 0.0 ], [ -74.371943698293094, 3.947446198201098, 0.0 ], [ -74.372178879031125, 3.94654851157788, 0.0 ], [ -74.372239058070321, 3.94509567685644, 0.0 ], [ -74.372372586349101, 3.94384152719127, 0.0 ], [ -74.372497223103196, 3.943158264200424, 0.0 ], [ -74.373008982540767, 3.94214539373653, 0.0 ], [ -74.373550063887549, 3.941308638775545, 0.0 ], [ -74.373681527837803, 3.941056849464503, 0.0 ], [ -74.373726092360712, 3.940835941036302, 0.0 ], [ -74.373742386901654, 3.94078450592963, 0.0 ], [ -74.373752771426354, 3.940749911151686, 0.0 ], [ -74.373906611512012, 3.940219720592433, 0.0 ], [ -74.374220814350636, 3.939273103889127, 0.0 ], [ -74.374181296562966, 3.938681554497366, 0.0 ], [ -74.374495619775814, 3.938089870255939, 0.0 ], [ -74.374692065158783, 3.937695433577595, 0.0 ], [ -74.375399504614705, 3.936945866793593, 0.0 ], [ -74.375949700268336, 3.936275228231681, 0.0 ], [ -74.376185182840288, 3.935092016327229, 0.0 ], [ -74.376066920531457, 3.934184989632861, 0.0 ], [ -74.375870176009499, 3.933711806589509, 0.0 ], [ -74.375987942448319, 3.933199072202815, 0.0 ], [ -74.376262994011896, 3.932725718321592, 0.0 ], [ -74.37649879907903, 3.932449574860882, 0.0 ], [ -74.376813322616186, 3.932449464628251, 0.0 ], [ -74.377148396912119, 3.931994658989042, 0.0 ], [ -74.377939982458997, 3.930549772371591, 0.0 ], [ -74.378263693964911, 3.929646787092195, 0.0 ], [ -74.378531166442428, 3.929305737752225, 0.0 ], [ -74.378824038784629, 3.929217483195152, 0.0 ], [ -74.379732055873816, 3.929165748935112, 0.0 ], [ -74.379907764546758, 3.92908487729105, 0.0 ], [ -74.379988197002348, 3.928739616457448, 0.0 ], [ -74.38007590491344, 3.928254784142388, 0.0 ], [ -74.380149036760699, 3.927997668323737, 0.0 ], [ -74.380300200765149, 3.92761229288365, 0.0 ], [ -74.380489125452542, 3.927250206968007, 0.0 ], [ -74.381588786429489, 3.926577485887842, 0.0 ], [ -74.382465143294823, 3.926232393400006, 0.0 ], [ -74.382791639578087, 3.926146080598601, 0.0 ], [ -74.382963424409866, 3.925939153532125, 0.0 ], [ -74.383083637859528, 3.925680523305569, 0.0 ], [ -74.383169525783813, 3.925559813996644, 0.0 ], [ -74.383461720796291, 3.925680387082005, 0.0 ], [ -74.383702285137801, 3.925559621311975, 0.0 ], [ -74.383874119376927, 3.925473356836249, 0.0 ], [ -74.383994415471562, 3.925473314714471, 0.0 ], [ -74.384406955986009, 3.925697285075399, 0.0 ], [ -74.384561645877952, 3.925748941580393, 0.0 ], [ -74.384853758245399, 3.925610921134835, 0.0 ], [ -74.384853664820611, 3.925352334720801, 0.0 ], [ -74.384922248497617, 3.924921331196073, 0.0 ], [ -74.384905008928982, 3.924748947289581, 0.0 ], [ -74.384870592673821, 3.924628288033668, 0.0 ], [ -74.385162731092421, 3.924559224396717, 0.0 ], [ -74.385248630694832, 3.924472999250801, 0.0 ], [ -74.385403219975458, 3.924266076250779, 0.0 ], [ -74.385489104306515, 3.924128129945503, 0.0 ], [ -74.385695322461459, 3.924076335324044, 0.0 ], [ -74.385918787371537, 3.924214170507953, 0.0 ], [ -74.38598755969474, 3.924317577800155, 0.0 ], [ -74.38636571719168, 3.924507079384337, 0.0 ], [ -74.386640649279329, 3.924386300001482, 0.0 ], [ -74.386967112324939, 3.924213790515266, 0.0 ], [ -74.387224938692967, 3.924317129695635, 0.0 ], [ -74.387431312256425, 3.924713558701357, 0.0 ], [ -74.387912517296257, 3.924713383044513, 0.0 ], [ -74.388430109494976, 3.924653033251439, 0.0 ], [ -74.388594463462724, 3.924322986421581, 0.0 ], [ -74.388549465951826, 3.92393302069292, 0.0 ], [ -74.388339871928054, 3.923213135671832, 0.0 ], [ -74.3882649964508, 3.922913181230832, 0.0 ], [ -74.388249883194462, 3.922463197387098, 0.0 ], [ -74.388309429819714, 3.921743216997396, 0.0 ], [ -74.387905461029689, 3.921083398734276, 0.0 ], [ -74.387738784018623, 3.920811280794594, 0.0 ], [ -74.387724158547485, 3.920606893170607, 0.0 ], [ -74.388131565190065, 3.920300155251717, 0.0 ], [ -74.388408072922729, 3.92022705471183, 0.0 ], [ -74.388466220871081, 3.92006643891379, 0.0 ], [ -74.388422441475711, 3.919716066828753, 0.0 ], [ -74.388203925384531, 3.919146763745901, 0.0 ], [ -74.388218390057233, 3.918927772791169, 0.0 ], [ -74.38826201494237, 3.918796362596689, 0.0 ], [ -74.388480329810918, 3.918810880382434, 0.0 ], [ -74.388698693188502, 3.918956790433591, 0.0 ], [ -74.38882967923503, 3.918942150765137, 0.0 ], [ -74.389499102886433, 3.918737505470598, 0.0 ], [ -74.389950272754746, 3.918708148155101, 0.0 ], [ -74.390095784559421, 3.918620499215956, 0.0 ], [ -74.390124899856076, 3.918664286493725, 0.0 ], [ -74.390488638494404, 3.918342953890377, 0.0 ], [ -74.39070691743035, 3.918240686741395, 0.0 ], [ -74.390881619990168, 3.91838661033524, 0.0 ], [ -74.390983631775526, 3.918751568876359, 0.0 ], [ -74.391172799008061, 3.918620104881258, 0.0 ], [ -74.391318219184555, 3.918284260739818, 0.0 ], [ -74.391521864564524, 3.917992202880252, 0.0 ], [ -74.3919165744189, 3.917172167704858, 0.0 ], [ -74.392002246747538, 3.915925741772415, 0.0 ], [ -74.392034174669362, 3.915628401675037, 0.0 ], [ -74.392074164970865, 3.915443553037705, 0.0 ], [ -74.392162278920466, 3.915435487967061, 0.0 ], [ -74.392570958475829, 3.915724636698345, 0.0 ], [ -74.39271522162224, 3.915893337216878, 0.0 ], [ -74.393140135531411, 3.916769112974646, 0.0 ], [ -74.393596823750499, 3.91692162581221, 0.0 ], [ -74.394245651727388, 3.916720486024981, 0.0 ], [ -74.395276895215673, 3.916279424280427, 0.0 ], [ -74.395768081436628, 3.916044571311095, 0.0 ], [ -74.396003966453819, 3.916019062260866, 0.0 ], [ -74.396273062187078, 3.916194960244673, 0.0 ], [ -74.396772341330404, 3.916738422915188, 0.0 ], [ -74.397232872542276, 3.917224847319869, 0.0 ], [ -74.397426766709842, 3.917888484714847, 0.0 ], [ -74.397459122229733, 3.918082731426317, 0.0 ], [ -74.397072287007148, 3.919394117137851, 0.0 ], [ -74.397024018730292, 3.919782660900524, 0.0 ], [ -74.397072490924714, 3.919944512631784, 0.0 ], [ -74.397363098614079, 3.920284358595366, 0.0 ], [ -74.397782803192911, 3.920575595619492, 0.0 ], [ -74.397987643332215, 3.920686713481746, 0.0 ], [ -74.398364320405562, 3.921050033638693, 0.0 ], [ -74.398506424002051, 3.921099866638651, 0.0 ], [ -74.398705342446988, 3.92104990368787, 0.0 ], [ -74.399024876786797, 3.920600815053972, 0.0 ], [ -74.399209319779246, 3.919873824668357, 0.0 ], [ -74.399507988051653, 3.919148719286106, 0.0 ], [ -74.399683533231226, 3.918505563202168, 0.0 ], [ -74.399548870380244, 3.917862535678795, 0.0 ], [ -74.399238515025971, 3.917468497217855, 0.0 ], [ -74.399114341802587, 3.917229981744926, 0.0 ], [ -74.39907287467075, 3.916939575245164, 0.0 ], [ -74.399058455812124, 3.91628864008639, 0.0 ], [ -74.39926644724143, 3.915321929900154, 0.0 ], [ -74.399630642223912, 3.914224545273985, 0.0 ], [ -74.399708602515844, 3.913754267224207, 0.0 ], [ -74.399534228739412, 3.913138837865697, 0.0 ], [ -74.39920117205962, 3.912517277898792, 0.0 ], [ -74.398960007643495, 3.91213744204209, 0.0 ], [ -74.398902560381089, 3.911964774087231, 0.0 ], [ -74.398604086144786, 3.911780681949244, 0.0 ], [ -74.398523702198219, 3.911654075282176, 0.0 ], [ -74.398477728218609, 3.911458375198293, 0.0 ], [ -74.398506621631412, 3.911357530410387, 0.0 ], [ -74.398508633857631, 3.911350742418082, 0.0 ], [ -74.398556340687435, 3.911324823650974, 0.0 ], [ -74.398587909283151, 3.911332726544841, 0.0 ], [ -74.398632622926414, 3.911340624061295, 0.0 ], [ -74.398658930987835, 3.911361716667591, 0.0 ], [ -74.398690500481862, 3.91137753231301, 0.0 ], [ -74.398727330510184, 3.911403891123866, 0.0 ], [ -74.398769232426616, 3.911429185221218, 0.0 ], [ -74.399422824169463, 3.912126315444966, 0.0 ], [ -74.400033722580119, 3.912976761659144, 0.0 ], [ -74.400492028665013, 3.913980381793871, 0.0 ], [ -74.400662007883085, 3.914950085108441, 0.0 ], [ -74.400713174125045, 3.915698664293523, 0.0 ], [ -74.400988240061665, 3.916661286397882, 0.0 ], [ -74.40147367526815, 3.917250298975475, 0.0 ], [ -74.402112327129515, 3.917788009046151, 0.0 ], [ -74.403108447388519, 3.91819750169831, 0.0 ], [ -74.403338365795591, 3.918402353254516, 0.0 ], [ -74.403645042548746, 3.919017045639182, 0.0 ], [ -74.403874935802989, 3.91911942920111, 0.0 ], [ -74.405458355730133, 3.919349383495896, 0.0 ], [ -74.406147922305152, 3.919477196199656, 0.0 ], [ -74.406556627911655, 3.919758825195633, 0.0 ], [ -74.407527342916083, 3.920475730594802, 0.0 ], [ -74.408114866264754, 3.920885376975675, 0.0 ], [ -74.408242717190916, 3.921295201502074, 0.0 ], [ -74.407707708455476, 3.924408892532608, 0.0 ], [ -74.407536904583978, 3.925654635453554, 0.0 ], [ -74.408094441270123, 3.927888048993015, 0.0 ], [ -74.408908783838115, 3.929777716110849, 0.0 ], [ -74.409037383060934, 3.930121306888953, 0.0 ], [ -74.409331115989161, 3.930342105237723, 0.0 ], [ -74.409306145519196, 3.930374858751838, 0.0 ], [ -74.409086541568215, 3.930705575339899, 0.0 ], [ -74.408965511549994, 3.930918218992628, 0.0 ], [ -74.408723336529164, 3.931070177186517, 0.0 ], [ -74.408360168321053, 3.931495539532635, 0.0 ], [ -74.408269468121759, 3.931860032593458, 0.0 ], [ -74.408118202607696, 3.93219418821021, 0.0 ], [ -74.40796695955153, 3.932589094414021, 0.0 ], [ -74.407815660799784, 3.932832132205671, 0.0 ], [ -74.407422086415934, 3.932953767132799, 0.0 ], [ -74.40711921492634, 3.93274128352291, 0.0 ], [ -74.407028339555552, 3.932650202714451, 0.0 ], [ -74.406937474964579, 3.932589495015455, 0.0 ], [ -74.40657412260181, 3.932559263495662, 0.0 ], [ -74.406362226195967, 3.932711198985403, 0.0 ], [ -74.406301742627889, 3.932893461849629, 0.0 ], [ -74.406180779983316, 3.933288351590507, 0.0 ], [ -74.405787175056716, 3.93334924923284, 0.0 ], [ -74.40554503686684, 3.933592319962175, 0.0 ], [ -74.406181222852737, 3.934442498766829, 0.0 ], [ -74.406696174902834, 3.934989010971124, 0.0 ], [ -74.407059717708421, 3.935505198199442, 0.0 ], [ -74.407483878829396, 3.93617322765795, 0.0 ], [ -74.407847520449664, 3.936932391598699, 0.0 ], [ -74.408661789355804, 3.939583540586655, 0.0 ], [ -74.408789085123132, 3.939870551598094, 0.0 ], [ -74.408916366517445, 3.94012565538639, 0.0 ], [ -74.409062469413541, 3.940280491364742, 0.0 ], [ -74.408734949949178, 3.940798752682868, 0.0 ], [ -74.408381156559358, 3.940976367025719, 0.0 ], [ -74.408345841090593, 3.941153859448635, 0.0 ], [ -74.408310508553853, 3.941278102867471, 0.0 ], [ -74.408204395959217, 3.941402383011586, 0.0 ], [ -74.408027451204433, 3.94136695121722, 0.0 ], [ -74.407956604671242, 3.941171751900157, 0.0 ], [ -74.407655684322421, 3.940816921168943, 0.0 ], [ -74.406894431289402, 3.939645870780446, 0.0 ], [ -74.405973841379506, 3.938190931383419, 0.0 ], [ -74.405531280066569, 3.9375876796075, 0.0 ], [ -74.405101663476898, 3.937252077903014, 0.0 ], [ -74.404187864830533, 3.937405206268465, 0.0 ], [ -74.403604157525223, 3.937787388520211, 0.0 ], [ -74.403147385762807, 3.938245904824555, 0.0 ], [ -74.402157767509848, 3.939315757295118, 0.0 ], [ -74.401650394545811, 3.940207174801594, 0.0 ], [ -74.400838358851459, 3.940971385099315, 0.0 ], [ -74.40021105720372, 3.941728521961004, 0.0 ], [ -74.399758493150088, 3.942312652320141, 0.0 ], [ -74.399629321700445, 3.942844739673469, 0.0 ], [ -74.399629502261831, 3.94332488628633, 0.0 ], [ -74.399493014034192, 3.94427060935892, 0.0 ], [ -74.399286994406921, 3.944983447392246, 0.0 ], [ -74.398622642643616, 3.945972348598765, 0.0 ], [ -74.398210202740472, 3.946363367780811, 0.0 ], [ -74.397843850004676, 3.947398144806469, 0.0 ], [ -74.397362909069557, 3.948501945455766, 0.0 ], [ -74.396858970364818, 3.949398825195263, 0.0 ], [ -74.395275017736736, 3.950918210809951, 0.0 ], [ -74.393831263378416, 3.952748897400854, 0.0 ], [ -74.392349561487535, 3.954770231604979, 0.0 ], [ -74.391196094120005, 3.956697663343216, 0.0 ], [ -74.390790800314946, 3.957307939781718, 0.0 ], [ -74.389047721914054, 3.959016962345033, 0.0 ], [ -74.388196696641444, 3.960562943885469, 0.0 ], [ -74.387872637487533, 3.96149859945329, 0.0 ], [ -74.388075886710467, 3.96288149361467, 0.0 ], [ -74.388812294139342, 3.964071201637522, 0.0 ], [ -74.389002714521681, 3.964897487028296, 0.0 ], [ -74.388939531516186, 3.965406036458174, 0.0 ], [ -74.388084464723107, 3.966677668999332, 0.0 ], [ -74.386912544162996, 3.967949408019011, 0.0 ], [ -74.385709045125736, 3.969570773089996, 0.0 ], [ -74.385202278524488, 3.970143047344503, 0.0 ], [ -74.384007971947526, 3.971225486408478, 0.0 ], [ -74.383038975420206, 3.972006810692817, 0.0 ], [ -74.382467032451856, 3.972277968204982, 0.0 ], [ -74.382367556610561, 3.972325362375826, 0.0 ], [ -74.382219711881092, 3.972366191296636, 0.0 ], [ -74.38204599387484, 3.97238108094758, 0.0 ], [ -74.381942488191157, 3.972369999068367, 0.0 ], [ -74.381802017731857, 3.972347803943985, 0.0 ], [ -74.381657839027085, 3.972307082561113, 0.0 ], [ -74.381569116918044, 3.972284868615761, 0.0 ], [ -74.381454514345677, 3.972255261372315, 0.0 ], [ -74.381364159099434, 3.972223172668262, 0.0 ] ] ] } },
{ "type": "Feature", "properties": { "OBJECTID": 6649, "DPTOMPIO": "25120", "CODIGO_VER": "25120013", "NOM_DEP": "CUNDINAMARCA", "NOMB_MPIO": "CABRERA", "NOMBRE_VER": "SAN ISIDRO", "VIGENCIA": "2010", "FUENTE": "EOT CABRERA", "DESCRIPCIO": "NULL", "SEUDONIMOS": "NULL", "AREA_HA": 1178.5521847099999, "COD_DPTO": "25", "ShapeSTAre": 11920449.661621094, "ShapeSTLen": 17957.543718321613 }, "geometry": { "type": "Polygon", "coordinates": [ [ [ -74.476801207223659, 3.975318227145106, 0.0 ], [ -74.476851283809182, 3.975318179648942, 0.0 ], [ -74.476960525235924, 3.975304409347324, 0.0 ], [ -74.477094712878127, 3.975251917127504, 0.0 ], [ -74.477256186847072, 3.975185740631521, 0.0 ], [ -74.477388034377952, 3.975099089695883, 0.0 ], [ -74.47758122336802, 3.974964580526791, 0.0 ], [ -74.477676612773081, 3.974864314293639, 0.0 ], [ -74.477835546306409, 3.97467518715102, 0.0 ], [ -74.477935407524981, 3.974536208788814, 0.0 ], [ -74.47801925268034, 3.974358535327899, 0.0 ], [ -74.478084751542639, 3.974119408881089, 0.0 ], [ -74.478143512142012, 3.973923550543988, 0.0 ], [ -74.478195436562061, 3.973725416821147, 0.0 ], [ -74.478297419601319, 3.973518134195133, 0.0 ], [ -74.478397258361994, 3.973367769079114, 0.0 ], [ -74.478533644181709, 3.973278839923506, 0.0 ], [ -74.478633715606023, 3.973237767293342, 0.0 ], [ -74.478790675540679, 3.973189797842609, 0.0 ], [ -74.478920358131717, 3.973157805063626, 0.0 ], [ -74.479015907436931, 3.97313038626528, 0.0 ], [ -74.479161453377571, 3.973066501967117, 0.0 ], [ -74.479311410944575, 3.972936578099477, 0.0 ], [ -74.479509045696972, 3.972747415564702, 0.0 ], [ -74.479654398499832, 3.972592456607875, 0.0 ], [ -74.479833827994682, 3.972410143322964, 0.0 ], [ -74.480011065600237, 3.972264254310527, 0.0 ], [ -74.48016555965944, 3.972125227149605, 0.0 ], [ -74.480340564053193, 3.971999834106341, 0.0 ], [ -74.48049740002034, 3.971897224956691, 0.0 ], [ -74.480692906663819, 3.971776365541055, 0.0 ], [ -74.480811076446187, 3.971682911512741, 0.0 ], [ -74.480917806183427, 3.971564418819062, 0.0 ], [ -74.481031289454947, 3.971409486524825, 0.0 ], [ -74.481101610473686, 3.971295579434, 0.0 ], [ -74.481196810334254, 3.971106513308134, 0.0 ], [ -74.481308046020928, 3.970967514629257, 0.0 ], [ -74.481473826513366, 3.97078749515205, 0.0 ], [ -74.481596475295746, 3.970662151194274, 0.0 ], [ -74.481710043907199, 3.970548207257791, 0.0 ], [ -74.481834972613768, 3.970422854302111, 0.0 ], [ -74.481941681689733, 3.970295260928842, 0.0 ], [ -74.482039265679049, 3.970153999310487, 0.0 ], [ -74.482082326422201, 3.970067445527766, 0.0 ], [ -74.482154827652153, 3.969910275241508, 0.0 ], [ -74.48217744812932, 3.969846503610234, 0.0 ], [ -74.482183919592629, 3.969678016572579, 0.0 ], [ -74.482179006706346, 3.969514087371612, 0.0 ], [ -74.482167288183447, 3.969357003011397, 0.0 ], [ -74.482173966259268, 3.969290964947517, 0.0 ], [ -74.482210105483148, 3.969158874465278, 0.0 ], [ -74.482284877654138, 3.968997151509155, 0.0 ], [ -74.482325684524241, 3.968919700807587, 0.0 ], [ -74.482366488699384, 3.968844527243798, 0.0 ], [ -74.482418622426906, 3.968742031514394, 0.0 ], [ -74.482472986671269, 3.968616745496591, 0.0 ], [ -74.482467947122529, 3.968391347476051, 0.0 ], [ -74.482463083643594, 3.968247915028544, 0.0 ], [ -74.48243556824643, 3.968154591440413, 0.0 ], [ -74.482351009828719, 3.968004400995024, 0.0 ], [ -74.482277906727546, 3.967883807169635, 0.0 ], [ -74.482243556049383, 3.967783649408016, 0.0 ], [ -74.482236478223271, 3.967672095139042, 0.0 ], [ -74.48224988468057, 3.967555971323089, 0.0 ], [ -74.48229511485512, 3.967419319096164, 0.0 ], [ -74.482367755323935, 3.967323623271961, 0.0 ], [ -74.482599666194318, 3.967198181106683, 0.0 ], [ -74.482697440626481, 3.967147987925065, 0.0 ], [ -74.482749362351569, 3.96694758797194, 0.0 ], [ -74.482762424754142, 3.966676634826838, 0.0 ], [ -74.482784373291466, 3.966296387262816, 0.0 ], [ -74.482722704845528, 3.966203105573926, 0.0 ], [ -74.482702057967046, 3.966127974778789, 0.0 ], [ -74.482681344613212, 3.966023267875711, 0.0 ], [ -74.482651509765986, 3.965911733084671, 0.0 ], [ -74.482639916108937, 3.965813843275745, 0.0 ], [ -74.482642085540348, 3.965763752172757, 0.0 ], [ -74.482657666818952, 3.965602087698855, 0.0 ], [ -74.482668814013309, 3.965495060558963, 0.0 ], [ -74.482661870934493, 3.965438146935071, 0.0 ], [ -74.482661702949528, 3.965360738019617, 0.0 ], [ -74.482657035303305, 3.965308376903711, 0.0 ], [ -74.482634143534924, 3.965249202242999, 0.0 ], [ -74.482567858646746, 3.96512176041867, 0.0 ], [ -74.482533500782068, 3.96502389650498, 0.0 ], [ -74.482473945173666, 3.964853182409161, 0.0 ], [ -74.48243949568085, 3.964712056077366, 0.0 ], [ -74.482393480378732, 3.964484426435302, 0.0 ], [ -74.482361282064005, 3.964334178864416, 0.0 ], [ -74.482322217925557, 3.964165739095619, 0.0 ], [ -74.482301447977875, 3.964033708733382, 0.0 ], [ -74.482291999497718, 3.963874340795539, 0.0 ], [ -74.482289367433935, 3.963712684913791, 0.0 ], [ -74.482282195284711, 3.963555600346877, 0.0 ], [ -74.482302251071744, 3.963352941182139, 0.0 ], [ -74.482329319107876, 3.963239068827156, 0.0 ], [ -74.482520132952331, 3.963084422641268, 0.0 ], [ -74.48241445424398, 3.962964597905793, 0.0 ], [ -74.482335643247467, 3.962886128592632, 0.0 ], [ -74.48224837101931, 3.962748271144497, 0.0 ], [ -74.48220143404572, 3.962462654420217, 0.0 ], [ -74.48223344371425, 3.96224411936936, 0.0 ], [ -74.482258092587315, 3.962073388568682, 0.0 ], [ -74.482278367563296, 3.961886627070398, 0.0 ], [ -74.482339820413543, 3.961682126766164, 0.0 ], [ -74.482424251270473, 3.961457361342365, 0.0 ], [ -74.482461859239848, 3.96135062850566, 0.0 ], [ -74.482516002498656, 3.961189361964351, 0.0 ], [ -74.482545193253813, 3.961018677546796, 0.0 ], [ -74.482542182999296, 3.960879543641892, 0.0 ], [ -74.482514721501062, 3.960685379511514, 0.0 ], [ -74.48247513813638, 3.960559485565632, 0.0 ], [ -74.48244487030118, 3.960413182222641, 0.0 ], [ -74.482412917226526, 3.960214404497985, 0.0 ], [ -74.482415280694042, 3.960000075477955, 0.0 ], [ -74.482414887231954, 3.959829039516185, 0.0 ], [ -74.482437368470258, 3.959649158311913, 0.0 ], [ -74.482466668819868, 3.959469346073733, 0.0 ], [ -74.482475256713997, 3.959309818634342, 0.0 ], [ -74.482486021226038, 3.959159449140519, 0.0 ], [ -74.482496734534124, 3.959013624105728, 0.0 ], [ -74.482505201155675, 3.958865501260785, 0.0 ], [ -74.482488793427009, 3.958701110179769, 0.0 ], [ -74.482458968461259, 3.958516049751476, 0.0 ], [ -74.482390685719878, 3.958307722854439, 0.0 ], [ -74.482373167673529, 3.958038422110086, 0.0 ], [ -74.482359444110941, 3.957837590683066, 0.0 ], [ -74.482293293071734, 3.957642970583229, 0.0 ], [ -74.482242765531936, 3.957475897012853, 0.0 ], [ -74.482217062036725, 3.957329648687721, 0.0 ], [ -74.482180173617891, 3.957165017127255, 0.0 ], [ -74.482153077733983, 3.956938935789897, 0.0 ], [ -74.4821457034638, 3.956781504910297, 0.0 ], [ -74.48216319905228, 3.9566403297047, 0.0 ], [ -74.482196928994583, 3.956471978883561, 0.0 ], [ -74.482255243131235, 3.956344958701854, 0.0 ], [ -74.482364017434051, 3.956184344496865, 0.0 ], [ -74.482510634166502, 3.956088047832118, 0.0 ], [ -74.482607857033074, 3.956034478981981, 0.0 ], [ -74.482709595730583, 3.955978582762127, 0.0 ], [ -74.482840557522607, 3.955892717550615, 0.0 ], [ -74.482961788763447, 3.955756856512264, 0.0 ], [ -74.483116759828064, 3.955588699085479, 0.0 ], [ -74.483246621183852, 3.955414012089725, 0.0 ], [ -74.483374191835651, 3.955239356423313, 0.0 ], [ -74.483447707263565, 3.955110910236848, 0.0 ], [ -74.483546210229406, 3.954977594210125, 0.0 ], [ -74.483649167042444, 3.954837401802374, 0.0 ], [ -74.483700128468499, 3.954725164693958, 0.0 ], [ -74.483750394598559, 3.954558270666645, 0.0 ], [ -74.483793888329657, 3.954396018800614, 0.0 ], [ -74.483830190148609, 3.954204240565277, 0.0 ], [ -74.483868479040964, 3.953989650098691, 0.0 ], [ -74.483901601722124, 3.953725018827108, 0.0 ], [ -74.483946487841934, 3.953492130082383, 0.0 ], [ -74.484023617192207, 3.953288465631521, 0.0 ], [ -74.484112836967924, 3.953141593723632, 0.0 ], [ -74.484227359590236, 3.953014932398923, 0.0 ], [ -74.484373680776983, 3.952883325047036, 0.0 ], [ -74.484517757073817, 3.95275402712603, 0.0 ], [ -74.484673211432039, 3.952624580419223, 0.0 ], [ -74.484812962340783, 3.952513560917989, 0.0 ], [ -74.484952347635229, 3.952372923588881, 0.0 ], [ -74.485073690267171, 3.952246173425046, 0.0 ], [ -74.485213049510463, 3.952103263340364, 0.0 ], [ -74.485657763186808, 3.951804043422476, 0.0 ], [ -74.485944417390598, 3.951606960996516, 0.0 ], [ -74.486057135297514, 3.951519035015004, 0.0 ], [ -74.486178308147871, 3.951378620666048, 0.0 ], [ -74.486279457550552, 3.951274897695639, 0.0 ], [ -74.486357859813594, 3.951173725240832, 0.0 ], [ -74.486460936102546, 3.951042636485167, 0.0 ], [ -74.486496271334246, 3.950955653225558, 0.0 ], [ -74.486512830878212, 3.950823336668144, 0.0 ], [ -74.486531696397492, 3.950693263229729, 0.0 ], [ -74.486538996107484, 3.950549667299218, 0.0 ], [ -74.486548334094863, 3.950385551488695, 0.0 ], [ -74.48655575058585, 3.950251064289706, 0.0 ], [ -74.486560532318094, 3.950086996813895, 0.0 ], [ -74.486561151257334, 3.949954871004599, 0.0 ], [ -74.486560579928806, 3.949909331544231, 0.0 ], [ -74.486559127353019, 3.949793158635474, 0.0 ], [ -74.486554994204383, 3.949645142580747, 0.0 ], [ -74.486599093399988, 3.949348489337944, 0.0 ], [ -74.486620642187034, 3.949189753071886, 0.0 ], [ -74.487027168480651, 3.948992519466299, 0.0 ], [ -74.487149539683585, 3.948947770386098, 0.0 ], [ -74.487374334100295, 3.948901768440282, 0.0 ], [ -74.487553979190807, 3.948885932894258, 0.0 ], [ -74.487765767798834, 3.948892491158356, 0.0 ], [ -74.487948120411616, 3.948910782244459, 0.0 ], [ -74.488143665682657, 3.94889248757363, 0.0 ], [ -74.488325298744897, 3.948853838803121, 0.0 ], [ -74.488449828599471, 3.948799946859874, 0.0 ], [ -74.488590283787417, 3.94874585864914, 0.0 ], [ -74.488739995216037, 3.948703051583732, 0.0 ], [ -74.488868830695765, 3.94862859671533, 0.0 ], [ -74.488997393985969, 3.948533654201839, 0.0 ], [ -74.489171229671541, 3.948417655856197, 0.0 ], [ -74.489306289577883, 3.948295299074449, 0.0 ], [ -74.48942795021344, 3.948193601989133, 0.0 ], [ -74.489527102661256, 3.948112683800274, 0.0 ], [ -74.489635117887644, 3.948013419830866, 0.0 ], [ -74.48969125450806, 3.947951239031125, 0.0 ], [ -74.48979481678559, 3.947858874760638, 0.0 ], [ -74.48990108389043, 3.947800647015836, 0.0 ], [ -74.489996052883953, 3.947749382615157, 0.0 ], [ -74.490123430397986, 3.94774101136217, 0.0 ], [ -74.490283529046238, 3.947800584282957, 0.0 ], [ -74.490430250881587, 3.94788309322825, 0.0 ], [ -74.490583870880002, 3.947970070536621, 0.0 ], [ -74.49071278002161, 3.948084699576516, 0.0 ], [ -74.490768749555372, 3.948191081025425, 0.0 ], [ -74.490831803203477, 3.948317883787365, 0.0 ], [ -74.49089727691296, 3.94845604206539, 0.0 ], [ -74.490941863893781, 3.948562562375066, 0.0 ], [ -74.491023351869842, 3.948707358638135, 0.0 ], [ -74.491139091709343, 3.9488608639786, 0.0 ], [ -74.491243236095187, 3.948996278951701, 0.0 ], [ -74.491333418864883, 3.949109085015002, 0.0 ], [ -74.491375535478653, 3.949199698902448, 0.0 ], [ -74.491408085034649, 3.94925397169717, 0.0 ], [ -74.491486330092542, 3.949321360113567, 0.0 ], [ -74.491564344283375, 3.949370539001552, 0.0 ], [ -74.491760771700044, 3.949422838392306, 0.0 ], [ -74.491815290454639, 3.949413061942807, 0.0 ], [ -74.491862915537737, 3.94939882698762, 0.0 ], [ -74.491910489416867, 3.949380022399985, 0.0 ], [ -74.491976404199164, 3.949372398579308, 0.0 ], [ -74.492037858846061, 3.949371643993994, 0.0 ], [ -74.492090469578983, 3.949391517727019, 0.0 ], [ -74.492159530261418, 3.949452179390451, 0.0 ], [ -74.492212840781932, 3.949528984870054, 0.0 ], [ -74.492226754787367, 3.949549326406224, 0.0 ], [ -74.492268761806685, 3.949630823388468, 0.0 ], [ -74.492335251510752, 3.949668747111754, 0.0 ], [ -74.492378606901312, 3.949677330740363, 0.0 ], [ -74.492462628126475, 3.94966036691632, 0.0 ], [ -74.492548439693977, 3.949604667426775, 0.0 ], [ -74.492582031295726, 3.949560979458912, 0.0 ], [ -74.492647300189333, 3.949500967535323, 0.0 ], [ -74.492705790395775, 3.949445589764405, 0.0 ], [ -74.4927666521546, 3.94939701759613, 0.0 ], [ -74.49281863137189, 3.949366770555968, 0.0 ], [ -74.492863837291921, 3.949341172011227, 0.0 ], [ -74.492906880967084, 3.949324710042301, 0.0 ], [ -74.492993537849273, 3.949337329182418, 0.0 ], [ -74.493078273235071, 3.949377305176029, 0.0 ], [ -74.493179823286368, 3.94948769508107, 0.0 ], [ -74.493270136311779, 3.94960961166176, 0.0 ], [ -74.493376033310739, 3.949704005588981, 0.0 ], [ -74.493516334886749, 3.949818487415617, 0.0 ], [ -74.49359286955233, 3.949931450198893, 0.0 ], [ -74.493639844255171, 3.950047064767356, 0.0 ], [ -74.493702782918916, 3.950164757563911, 0.0 ], [ -74.493871937483547, 3.950401885282693, 0.0 ], [ -74.493950716140702, 3.950512554659842, 0.0 ], [ -74.494020464932618, 3.950627882369499, 0.0 ], [ -74.494085392466417, 3.950722769080196, 0.0 ], [ -74.49413708691776, 3.950851988453982, 0.0 ], [ -74.494154038127164, 3.950915179927859, 0.0 ], [ -74.494353523409046, 3.95104755472235, 0.0 ], [ -74.494511574796775, 3.951125362879894, 0.0 ], [ -74.494637623702488, 3.95119217848525, 0.0 ], [ -74.494818062005407, 3.951240116949149, 0.0 ], [ -74.494934491751053, 3.951266045229538, 0.0 ], [ -74.495057598674222, 3.95128049613206, 0.0 ], [ -74.495221161226212, 3.951253461069785, 0.0 ], [ -74.495322990653577, 3.951204399693015, 0.0 ], [ -74.495447009366728, 3.951109513037443, 0.0 ], [ -74.495482971622508, 3.951072627156668, 0.0 ], [ -74.495477958124923, 3.951036241342864, 0.0 ], [ -74.495477223302998, 3.950977025334102, 0.0 ], [ -74.495512468703183, 3.950883206899575, 0.0 ], [ -74.495604159744232, 3.950752262383044, 0.0 ], [ -74.495728808176423, 3.950707473069627, 0.0 ], [ -74.495910671207369, 3.950687051801798, 0.0 ], [ -74.496026755999964, 3.950685646590541, 0.0 ], [ -74.496138317775106, 3.950686575033675, 0.0 ], [ -74.496270477021383, 3.950696369391771, 0.0 ], [ -74.496375254719496, 3.950701939154333, 0.0 ], [ -74.496486935072241, 3.950711979065754, 0.0 ], [ -74.49660076509349, 3.950712882415775, 0.0 ], [ -74.496650723101382, 3.95070316512944, 0.0 ], [ -74.496773008066043, 3.950651572009719, 0.0 ], [ -74.496840431119693, 3.950582424498539, 0.0 ], [ -74.496907529881526, 3.950485942569878, 0.0 ], [ -74.496988038693928, 3.950371070996621, 0.0 ], [ -74.497032475656084, 3.950283971163055, 0.0 ], [ -74.497079225780112, 3.950199122527441, 0.0 ], [ -74.497144028448076, 3.950102665647277, 0.0 ], [ -74.49723847731704, 3.950010409158002, 0.0 ], [ -74.497317893778046, 3.949988950991116, 0.0 ], [ -74.497450302755979, 3.950019242817661, 0.0 ], [ -74.497594184118412, 3.950056226429007, 0.0 ], [ -74.497716809544585, 3.950031967696628, 0.0 ], [ -74.497950110108704, 3.949938034444, 0.0 ], [ -74.498216924121138, 3.949793576256082, 0.0 ], [ -74.498345178390878, 3.949673576635099, 0.0 ], [ -74.498412548443923, 3.949599868373194, 0.0 ], [ -74.498513661913975, 3.949493859020329, 0.0 ], [ -74.49863466498276, 3.949339780240459, 0.0 ], [ -74.498728485929348, 3.949197419014824, 0.0 ], [ -74.498795428384312, 3.949089542862716, 0.0 ], [ -74.498868805471673, 3.948949711517423, 0.0 ], [ -74.498976512575936, 3.948825396655008, 0.0 ], [ -74.499045761904554, 3.948719770769458, 0.0 ], [ -74.499164374556358, 3.94855661709749, 0.0 ], [ -74.499274187311627, 3.948418614772099, 0.0 ], [ -74.499425139313658, 3.948293782732448, 0.0 ], [ -74.49963031003297, 3.948134125884367, 0.0 ], [ -74.499742685681753, 3.948018874899943, 0.0 ], [ -74.499897910071283, 3.947871203559545, 0.0 ], [ -74.500068979844102, 3.947716517761947, 0.0 ], [ -74.500237606199335, 3.94754820187288, 0.0 ], [ -74.500415193249538, 3.94736836908637, 0.0 ], [ -74.500504100411518, 3.947196457634902, 0.0 ], [ -74.500709675372704, 3.946888725777624, 0.0 ], [ -74.500805522918583, 3.946725843289887, 0.0 ], [ -74.500922091004796, 3.946580931073348, 0.0 ], [ -74.501020376578353, 3.946431667852254, 0.0 ], [ -74.50111414991423, 3.946284753506237, 0.0 ], [ -74.50122387463459, 3.946139925454172, 0.0 ], [ -74.501333636185919, 3.945997365622859, 0.0 ], [ -74.501459299714369, 3.945852338567457, 0.0 ], [ -74.501612487623149, 3.945722925735414, 0.0 ], [ -74.501770124887528, 3.945586623004174, 0.0 ], [ -74.501889560396123, 3.945489500617954, 0.0 ], [ -74.502056468274219, 3.945366757148439, 0.0 ], [ -74.502200720640857, 3.945251116835026, 0.0 ], [ -74.502300075209604, 3.945186134349219, 0.0 ], [ -74.50242445055396, 3.945120847154874, 0.0 ], [ -74.502571953923592, 3.94508262031278, 0.0 ], [ -74.502766926069484, 3.94501875356628, 0.0 ], [ -74.503021333449524, 3.944974679100644, 0.0 ], [ -74.503276113630434, 3.94496021016462, 0.0 ], [ -74.503710304441526, 3.944911680750938, 0.0 ], [ -74.503851091107791, 3.944882647880668, 0.0 ], [ -74.504027988251863, 3.944830389428551, 0.0 ], [ -74.50414369575202, 3.944799375085972, 0.0 ], [ -74.504343292425006, 3.944740019723394, 0.0 ], [ -74.504542547738183, 3.944655606964352, 0.0 ], [ -74.504728174710181, 3.944571356406652, 0.0 ], [ -74.50494737891087, 3.944443419395683, 0.0 ], [ -74.505148607822719, 3.944333925007606, 0.0 ], [ -74.505284121378267, 3.944247999442678, 0.0 ], [ -74.505473973127053, 3.944138644834127, 0.0 ], [ -74.505641550250047, 3.944068280653736, 0.0 ], [ -74.505741182398211, 3.944026076481641, 0.0 ], [ -74.50585893626058, 3.943976816620308, 0.0 ], [ -74.506013259639886, 3.943938500106775, 0.0 ], [ -74.50617209795179, 3.94389784902182, 0.0 ], [ -74.506351195069982, 3.943838746319835, 0.0 ], [ -74.506493964318096, 3.943786899152419, 0.0 ], [ -74.506595764999346, 3.943735560120418, 0.0 ], [ -74.506728481201108, 3.943608667040101, 0.0 ], [ -74.506849786103814, 3.943479637427253, 0.0 ], [ -74.506955286047415, 3.943359904854356, 0.0 ], [ -74.507094825852064, 3.943232937333029, 0.0 ], [ -74.507193836366056, 3.943140628997812, 0.0 ], [ -74.507297427389673, 3.943050537823663, 0.0 ], [ -74.507464932647451, 3.942975613741756, 0.0 ], [ -74.507625681675947, 3.942905331016109, 0.0 ], [ -74.50774981447519, 3.942819546901363, 0.0 ], [ -74.507878062456726, 3.942699541791849, 0.0 ], [ -74.50799690417891, 3.942554599298859, 0.0 ], [ -74.508097870325287, 3.942437202958842, 0.0 ], [ -74.508194567677407, 3.942342643306949, 0.0 ], [ -74.508314352630649, 3.9422728614978, 0.0 ], [ -74.508388460946634, 3.942192233993942, 0.0 ], [ -74.508480434956994, 3.942084062981833, 0.0 ], [ -74.50861255827067, 3.941909347154389, 0.0 ], [ -74.508658007634168, 3.941722004865102, 0.0 ], [ -74.508709137943512, 3.941623428406431, 0.0 ], [ -74.508763163522985, 3.941574948984606, 0.0 ], [ -74.508855850795698, 3.941523710189351, 0.0 ], [ -74.508930645424584, 3.941497748445736, 0.0 ], [ -74.50911692277684, 3.941465880805385, 0.0 ], [ -74.509273539555039, 3.941429812718396, 0.0 ], [ -74.509414150151528, 3.941387109234163, 0.0 ], [ -74.509495486312289, 3.941338292830852, 0.0 ], [ -74.509615434758928, 3.941282173366008, 0.0 ], [ -74.509723595512398, 3.941194300959094, 0.0 ], [ -74.509841011608231, 3.941117716964248, 0.0 ], [ -74.509937945217274, 3.941041370453011, 0.0 ], [ -74.510928516582752, 3.940705123987498, 0.0 ], [ -74.511743046898644, 3.940317675260375, 0.0 ], [ -74.512407518137906, 3.939973302727782, 0.0 ], [ -74.512468527220406, 3.939935029046982, 0.0 ], [ -74.513179349731701, 3.939489103388674, 0.0 ], [ -74.512831958634905, 3.943524075824678, 0.0 ], [ -74.512831955939959, 3.943524103606518, 0.0 ], [ -74.512745935064999, 3.945892289635646, 0.0 ], [ -74.512136402991885, 3.949050287385906, 0.0 ], [ -74.51213761481921, 3.951418415532947, 0.0 ], [ -74.513361278339687, 3.954049288887836, 0.0 ], [ -74.514955421456335, 3.955648218568278, 0.0 ], [ -74.515458649593683, 3.956152954185344, 0.0 ], [ -74.518079548215468, 3.957467334076983, 0.0 ], [ -74.521486439473207, 3.959482675723099, 0.0 ], [ -74.522639302274555, 3.960308835752603, 0.0 ], [ -74.52264776620116, 3.96031490192885, 0.0 ], [ -74.523321159507816, 3.960797458086288, 0.0 ], [ -74.523321112795429, 3.960797441955227, 0.0 ], [ -74.52310671188657, 3.960941486883014, 0.0 ], [ -74.522815681090705, 3.961147466945898, 0.0 ], [ -74.51910888547873, 3.963770992195359, 0.0 ], [ -74.514920914471332, 3.968008618332863, 0.0 ], [ -74.512922423475615, 3.97029992723084, 0.0 ], [ -74.50771283442819, 3.97553205572151, 0.0 ], [ -74.506424782363112, 3.976775996788563, 0.0 ], [ -74.505758660918687, 3.977664391574149, 0.0 ], [ -74.504381681030367, 3.978819578302287, 0.0 ], [ -74.503581911831233, 3.979042000047718, 0.0 ], [ -74.50264864130277, 3.978864866144344, 0.0 ], [ -74.501048855867808, 3.978821272922215, 0.0 ], [ -74.501004234751008, 3.978466076570502, 0.0 ], [ -74.501004012867128, 3.978022041036786, 0.0 ], [ -74.500781490289782, 3.977356112748778, 0.0 ], [ -74.500292486974985, 3.976956729191936, 0.0 ], [ -74.499625853490841, 3.976823859388523, 0.0 ], [ -74.499048230474955, 3.976957357394614, 0.0 ], [ -74.499225565098556, 3.97613229388215, 0.0 ], [ -74.499580621519655, 3.97524405785675, 0.0 ], [ -74.499713576673301, 3.974533545416751, 0.0 ], [ -74.499624619205647, 3.974355978597696, 0.0 ], [ -74.498868980643167, 3.97395672801075, 0.0 ], [ -74.498335618519633, 3.97373498238678, 0.0 ], [ -74.497266714959679, 3.973103393140272, 0.0 ], [ -74.49710602072841, 3.973070550801675, 0.0 ], [ -74.496855482392277, 3.973020428773429, 0.0 ], [ -74.496561371273316, 3.972978684013056, 0.0 ], [ -74.496474521253347, 3.972983214084073, 0.0 ], [ -74.496133870216127, 3.972992371010959, 0.0 ], [ -74.496076957451308, 3.972989399356102, 0.0 ], [ -74.496044018924792, 3.972992414922639, 0.0 ], [ -74.496005085940368, 3.97298345156557, 0.0 ], [ -74.495958660108172, 3.972980480806815, 0.0 ], [ -74.495913726377651, 3.97297002982982, 0.0 ], [ -74.495899744998582, 3.972939501362081, 0.0 ], [ -74.495638086417571, 3.972491805635019, 0.0 ], [ -74.495594708569115, 3.971718566946054, 0.0 ], [ -74.495529920274208, 3.971095693090114, 0.0 ], [ -74.495594309717134, 3.970902351345124, 0.0 ], [ -74.495551265143675, 3.970797787536589, 0.0 ], [ -74.49548665561349, 3.970561546586273, 0.0 ], [ -74.495228427698549, 3.969981733229996, 0.0 ], [ -74.495206787283351, 3.969702513107741, 0.0 ], [ -74.495145315568479, 3.969285028780399, 0.0 ], [ -74.49481967627797, 3.969316074467904, 0.0 ], [ -74.493981856240026, 3.970364101202613, 0.0 ], [ -74.49320840318714, 3.971180697307052, 0.0 ], [ -74.491891503523348, 3.972611432730127, 0.0 ], [ -74.491419017531655, 3.973470838670007, 0.0 ], [ -74.490817473278057, 3.97417995312736, 0.0 ], [ -74.490022303453188, 3.974562086154222, 0.0 ], [ -74.489635413433376, 3.974648195868877, 0.0 ], [ -74.488861930736064, 3.975421837769164, 0.0 ], [ -74.487701838293333, 3.97685248428501, 0.0 ], [ -74.48746557418707, 3.977239230359006, 0.0 ], [ -74.486950017570777, 3.977969774820108, 0.0 ], [ -74.486649137646154, 3.978098804432078, 0.0 ], [ -74.485918606995853, 3.978803088243453, 0.0 ], [ -74.48555340140868, 3.979275816275863, 0.0 ], [ -74.485059122288206, 3.979555289455262, 0.0 ], [ -74.483898602247379, 3.980135796867626, 0.0 ], [ -74.483477129784063, 3.980308098464862, 0.0 ], [ -74.482642337068626, 3.980594844432804, 0.0 ], [ -74.482580423382629, 3.980385444143612, 0.0 ], [ -74.482447756588186, 3.980087307155982, 0.0 ], [ -74.482358637423815, 3.979934843561496, 0.0 ], [ -74.482269511971197, 3.979771002429872, 0.0 ], [ -74.482210127941045, 3.979679986833649, 0.0 ], [ -74.482132436245379, 3.97954572485335, 0.0 ], [ -74.482077639013042, 3.979466098395441, 0.0 ], [ -74.482000067691629, 3.979386479099034, 0.0 ], [ -74.481867829393607, 3.979288708284481, 0.0 ], [ -74.48179480444584, 3.979204532945792, 0.0 ], [ -74.481689877627389, 3.979104450939209, 0.0 ], [ -74.481598618675989, 3.979013465738441, 0.0 ], [ -74.481548456750531, 3.978970258764781, 0.0 ], [ -74.481434586305113, 3.978945320702957, 0.0 ], [ -74.481320696096759, 3.97891583019826, 0.0 ], [ -74.481174949831811, 3.978886371057711, 0.0 ], [ -74.48104511812042, 3.978850070706289, 0.0 ], [ -74.480947170313428, 3.978820563171311, 0.0 ], [ -74.48081041798109, 3.978743278283839, 0.0 ], [ -74.480723795234866, 3.978684166420928, 0.0 ], [ -74.480612124763596, 3.97862508143827, 0.0 ], [ -74.480482263407794, 3.978572826909813, 0.0 ], [ -74.480325042063399, 3.978502410992573, 0.0 ], [ -74.480195156453107, 3.978441049774523, 0.0 ], [ -74.480088059304933, 3.978391068768458, 0.0 ], [ -74.479946789345036, 3.978329729945864, 0.0 ], [ -74.47982378662644, 3.978291140800985, 0.0 ], [ -74.479705339264655, 3.97825482518874, 0.0 ], [ -74.479618753349357, 3.978218471040437, 0.0 ], [ -74.479516220541157, 3.978175312417239, 0.0 ], [ -74.479388622041569, 3.978111683912999, 0.0 ], [ -74.479274660866295, 3.978050319081254, 0.0 ], [ -74.479033032021178, 3.977891171614513, 0.0 ], [ -74.478932709068573, 3.977816127914069, 0.0 ], [ -74.4788369324896, 3.977741099441384, 0.0 ], [ -74.47876619465255, 3.977659190311466, 0.0 ], [ -74.478720550354652, 3.977604594077971, 0.0 ], [ -74.478670268953252, 3.977511297536692, 0.0 ], [ -74.478642830811225, 3.977456677097305, 0.0 ], [ -74.478617611507929, 3.977370178746195, 0.0 ], [ -74.478606071749795, 3.977299605003459, 0.0 ], [ -74.478594360413439, 3.977147072785478, 0.0 ], [ -74.478571446187161, 3.977074245201278, 0.0 ], [ -74.478539412264126, 3.977001413129874, 0.0 ], [ -74.478484553048048, 3.976894454679658, 0.0 ], [ -74.478395485985942, 3.976762489083934, 0.0 ], [ -74.478306432398568, 3.976635066960316, 0.0 ], [ -74.478210677379167, 3.976564580977607, 0.0 ], [ -74.478087600998734, 3.976494114704197, 0.0 ], [ -74.477980493070774, 3.976437296830929, 0.0 ], [ -74.477855144850977, 3.976366831442795, 0.0 ], [ -74.477729831665471, 3.976316865545523, 0.0 ], [ -74.477615900134609, 3.976262326576922, 0.0 ], [ -74.477497433908198, 3.976219183085862, 0.0 ], [ -74.477372104553027, 3.976157827970839, 0.0 ], [ -74.477246747350051, 3.976087363454991, 0.0 ], [ -74.477130487385992, 3.976007791328207, 0.0 ], [ -74.477050663988166, 3.975935001281791, 0.0 ], [ -74.476995887417075, 3.975869029163621, 0.0 ], [ -74.476975229758807, 3.975791639149389, 0.0 ], [ -74.476801207223659, 3.975318227145106, 0.0 ] ] ] } },
{ "type": "Feature", "properties": { "OBJECTID": 6650, "DPTOMPIO": "25120", "CODIGO_VER": "25120006", "NOM_DEP": "CUNDINAMARCA", "NOMB_MPIO": "CABRERA", "NOMBRE_VER": "LA PLAYA", "VIGENCIA": "2010", "FUENTE": "EOT CABRERA", "DESCRIPCIO": "NULL", "SEUDONIMOS": "NULL", "AREA_HA": 1082.6122968499999, "COD_DPTO": "25", "ShapeSTAre": 10950410.033203125, "ShapeSTLen": 15782.753511622352 }, "geometry": { "type": "Polygon", "coordinates": [ [ [ -74.374401645217318, 3.986082927355916, 0.0 ], [ -74.37440170989602, 3.986082679124526, 0.0 ], [ -74.374419120144552, 3.985979808263315, 0.0 ], [ -74.374447211361797, 3.985859429453982, 0.0 ], [ -74.374452796187924, 3.985721503258526, 0.0 ], [ -74.374452785408124, 3.985687025962716, 0.0 ], [ -74.374458389997187, 3.985629925542773, 0.0 ], [ -74.374355978461523, 3.985664452128823, 0.0 ], [ -74.374281690482476, 3.985670130088844, 0.0 ], [ -74.374196145714606, 3.985670157869271, 0.0 ], [ -74.374196097205598, 3.985670161453832, 0.0 ], [ -74.37409935044613, 3.985675846582976, 0.0 ], [ -74.374038760876829, 3.985675868090395, 0.0 ], [ -74.37393590018354, 3.985675903936112, 0.0 ], [ -74.373933888855603, 3.985675904832239, 0.0 ], [ -74.37387084868223, 3.985653319348179, 0.0 ], [ -74.373854679007124, 3.985649453388607, 0.0 ], [ -74.373774039939022, 3.985630179151184, 0.0 ], [ -74.373694259660311, 3.985595795946524, 0.0 ], [ -74.373694113234919, 3.985595733216533, 0.0 ], [ -74.373693956928065, 3.985595605964283, 0.0 ], [ -74.373631063180071, 3.985544321504876, 0.0 ], [ -74.373579827767855, 3.985487256024612, 0.0 ], [ -74.373534219402572, 3.985418317542488, 0.0 ], [ -74.373505500262922, 3.985372545247643, 0.0 ], [ -74.373419919562423, 3.985269144677047, 0.0 ], [ -74.373351363733207, 3.985109021809755, 0.0 ], [ -74.373351205629717, 3.985108655287163, 0.0 ], [ -74.373342122763887, 3.985096086877428, 0.0 ], [ -74.373276879023109, 3.985005815669126, 0.0 ], [ -74.373185784463402, 3.984920038610555, 0.0 ], [ -74.373185682953789, 3.984919935554032, 0.0 ], [ -74.373031452100975, 3.984856691120598, 0.0 ], [ -74.372905933201267, 3.984810952847968, 0.0 ], [ -74.372786050331655, 3.984788387951473, 0.0 ], [ -74.372637472576926, 3.98477657140138, 0.0 ], [ -74.372420798032081, 3.984776647573578, 0.0 ], [ -74.372299603622153, 3.984809887333232, 0.0 ], [ -74.372272236447031, 3.984817393432091, 0.0 ], [ -74.372181066428837, 3.984823076774843, 0.0 ], [ -74.372124224630923, 3.984823096490008, 0.0 ], [ -74.372129876830698, 3.984880153951063, 0.0 ], [ -74.372129869644169, 3.984880179939222, 0.0 ], [ -74.371831002844075, 3.984812449407797, 0.0 ], [ -74.371414463928303, 3.984597821192416, 0.0 ], [ -74.371133537382761, 3.984315333303946, 0.0 ], [ -74.371133511331621, 3.984315303731186, 0.0 ], [ -74.370840759363674, 3.983953712174132, 0.0 ], [ -74.37084073600748, 3.983953680809079, 0.0 ], [ -74.370514189418557, 3.983512976517677, 0.0 ], [ -74.370514166960675, 3.983512944256458, 0.0 ], [ -74.37036171297548, 3.983320822389948, 0.0 ], [ -74.370120069757334, 3.983016305012928, 0.0 ], [ -74.369613383106142, 3.982496501884713, 0.0 ], [ -74.369208053368496, 3.982146221585931, 0.0 ], [ -74.368656945924826, 3.981739471335546, 0.0 ], [ -74.368105355187552, 3.981570104023609, 0.0 ], [ -74.367711400816319, 3.981558935341678, 0.0 ], [ -74.367165940182545, 3.981748767067881, 0.0 ], [ -74.367126172663248, 3.981762606265109, 0.0 ], [ -74.366541489787537, 3.981921063846805, 0.0 ], [ -74.366432728959452, 3.981917376202882, 0.0 ], [ -74.366432327412511, 3.981917361864522, 0.0 ], [ -74.366432145054517, 3.981917355591526, 0.0 ], [ -74.366431183857159, 3.981917322434066, 0.0 ], [ -74.365650573926402, 3.981890849362063, 0.0 ], [ -74.365574386010522, 3.981887949431016, 0.0 ], [ -74.365574281805962, 3.981887944950302, 0.0 ], [ -74.365574239585129, 3.981887943158021, 0.0 ], [ -74.365562226414852, 3.981887486123127, 0.0 ], [ -74.365241072412559, 3.98158377205972, 0.0 ], [ -74.364976741343568, 3.981333795364869, 0.0 ], [ -74.364520759200317, 3.98097788317864, 0.0 ], [ -74.364520734945799, 3.980977868840267, 0.0 ], [ -74.364082278933722, 3.980763817640251, 0.0 ], [ -74.3638543323287, 3.980590277661557, 0.0 ], [ -74.363755779057186, 3.980515243168527, 0.0 ], [ -74.363485531683736, 3.980187523465392, 0.0 ], [ -74.363035058908096, 3.979464224546982, 0.0 ], [ -74.362674683562204, 3.978887848809177, 0.0 ], [ -74.362269201110948, 3.978063366143159, 0.0 ], [ -74.361934946976874, 3.977503390791439, 0.0 ], [ -74.361934876009968, 3.977503269810963, 0.0 ], [ -74.361931920552678, 3.977498324846588, 0.0 ], [ -74.361931899891431, 3.977498288104387, 0.0 ], [ -74.361808031196887, 3.977272288504154, 0.0 ], [ -74.361808013230586, 3.977272251761903, 0.0 ], [ -74.361800844674633, 3.977258034313164, 0.0 ], [ -74.361800788080757, 3.977257924086487, 0.0 ], [ -74.361565856176085, 3.976791914246616, 0.0 ], [ -74.361385630773896, 3.976385034994524, 0.0 ], [ -74.361171649378278, 3.97602395165862, 0.0 ], [ -74.361171625123745, 3.97602391760479, 0.0 ], [ -74.360856365866368, 3.975651025495083, 0.0 ], [ -74.36085633532366, 3.97565100309123, 0.0 ], [ -74.360773347161071, 3.975600220754629, 0.0 ], [ -74.360394792608773, 3.975368579345248, 0.0 ], [ -74.360394755777847, 3.975368556045217, 0.0 ], [ -74.360090817987981, 3.975153907445381, 0.0 ], [ -74.360090787445273, 3.975153885041554, 0.0 ], [ -74.35985439038835, 3.974973126254397, 0.0 ], [ -74.35985436433721, 3.974973097577473, 0.0 ], [ -74.359640437738832, 3.974701908689735, 0.0 ], [ -74.359460793546617, 3.97434023942748, 0.0 ], [ -74.359323152780476, 3.973979603273786, 0.0 ], [ -74.359314343900792, 3.973956520998852, 0.0 ], [ -74.359134100532302, 3.973493118898996, 0.0 ], [ -74.358903218232925, 3.973080606572423, 0.0 ], [ -74.358576745305839, 3.972899850915518, 0.0 ], [ -74.358329056425816, 3.972696462779516, 0.0 ], [ -74.35812633541228, 3.972334806976453, 0.0 ], [ -74.357878599819855, 3.971995771824169, 0.0 ], [ -74.357664680407979, 3.971803675053176, 0.0 ], [ -74.35746204473439, 3.97170200774107, 0.0 ], [ -74.357267716680553, 3.971622173513096, 0.0 ], [ -74.357033151288519, 3.971525807849764, 0.0 ], [ -74.356970085064006, 3.971416747198445, 0.0 ], [ -74.356935829607266, 3.971371096899347, 0.0 ], [ -74.35693573977575, 3.971370976814147, 0.0 ], [ -74.356935529569952, 3.971370573542968, 0.0 ], [ -74.356873232303329, 3.971250611104717, 0.0 ], [ -74.356853003141438, 3.971173834525707, 0.0 ], [ -74.356844496994029, 3.971141538766958, 0.0 ], [ -74.35681011846809, 3.970997990296596, 0.0 ], [ -74.35678137507395, 3.970860672793315, 0.0 ], [ -74.356775687839885, 3.970694491779722, 0.0 ], [ -74.356781268174416, 3.970550928893049, 0.0 ], [ -74.356788134896448, 3.970494524635944, 0.0 ], [ -74.35678833522077, 3.970492882872306, 0.0 ], [ -74.356788353187071, 3.970492736798347, 0.0 ], [ -74.356809893889277, 3.970315800005905, 0.0 ], [ -74.356821098575807, 3.97016093020846, 0.0 ], [ -74.356786707473475, 3.969971603040249, 0.0 ], [ -74.356780990594999, 3.969685059494549, 0.0 ], [ -74.356792073110668, 3.969174674673277, 0.0 ], [ -74.356768928915685, 3.96896273534872, 0.0 ], [ -74.356745770347658, 3.968698798014005, 0.0 ], [ -74.356741899507114, 3.968535429615602, 0.0 ], [ -74.356741889625638, 3.968535058604815, 0.0 ], [ -74.356740067842253, 3.96845802457498, 0.0 ], [ -74.356734590813957, 3.968394465221774, 0.0 ], [ -74.35673453332177, 3.968393797581503, 0.0 ], [ -74.356716901189372, 3.968188999569057, 0.0 ], [ -74.356699927522072, 3.967919420647425, 0.0 ], [ -74.356688032031101, 3.967666769246808, 0.0 ], [ -74.356659807863181, 3.967414701170695, 0.0 ], [ -74.356659517707342, 3.967412872999136, 0.0 ], [ -74.35660792476564, 3.967088034630548, 0.0 ], [ -74.356584778774007, 3.966876080431974, 0.0 ], [ -74.356573435746938, 3.966600888410483, 0.0 ], [ -74.356573433950288, 3.966600848979302, 0.0 ], [ -74.356561198896117, 3.966479551460668, 0.0 ], [ -74.356561100081436, 3.966478572850072, 0.0 ], [ -74.35655029155194, 3.966371386306568, 0.0 ], [ -74.356521496953832, 3.966107438286092, 0.0 ], [ -74.356475831994672, 3.96584409598835, 0.0 ], [ -74.356395824442217, 3.965568861503503, 0.0 ], [ -74.35634453962264, 3.965345057824759, 0.0 ], [ -74.356258362440798, 3.965127487809242, 0.0 ], [ -74.356155837717438, 3.964817793736717, 0.0 ], [ -74.356081600044035, 3.964663163080942, 0.0 ], [ -74.356081499432705, 3.964662953378206, 0.0 ], [ -74.356081304498304, 3.964662523218758, 0.0 ], [ -74.355995894477729, 3.964473642873315, 0.0 ], [ -74.355898477575039, 3.964301856849438, 0.0 ], [ -74.355864079286192, 3.964084265947575, 0.0 ], [ -74.35584149294499, 3.963854805264697, 0.0 ], [ -74.355829595657369, 3.963619700460687, 0.0 ], [ -74.35585822137223, 3.963378904930025, 0.0 ], [ -74.355869420668881, 3.963200864328599, 0.0 ], [ -74.35590316857747, 3.96313415992055, 0.0 ], [ -74.355923731014315, 3.963055924523153, 0.0 ], [ -74.355962743948794, 3.962907496808724, 0.0 ], [ -74.355968313503553, 3.962730024276081, 0.0 ], [ -74.355973879465054, 3.96254068196278, 0.0 ], [ -74.355968197620882, 3.962368865067702, 0.0 ], [ -74.355962521166603, 3.962220219461105, 0.0 ], [ -74.355962521166603, 3.96221803729166, 0.0 ], [ -74.355962451097994, 3.962008272080063, 0.0 ], [ -74.355968020652767, 3.961818929601551, 0.0 ], [ -74.355968022449403, 3.961818900924182, 0.0 ], [ -74.355968041314014, 3.96181832199925, 0.0 ], [ -74.355973596495744, 3.961669715725186, 0.0 ], [ -74.355973521037257, 3.961440811789576, 0.0 ], [ -74.355979128321252, 3.961371856959007, 0.0 ], [ -74.355973478816438, 3.961309121536621, 0.0 ], [ -74.355961652495722, 3.961274654870593, 0.0 ], [ -74.355984685299617, 3.961154252739945, 0.0 ], [ -74.356001562847155, 3.961137291839365, 0.0 ], [ -74.356001537694326, 3.96106833877586, 0.0 ], [ -74.356041483978387, 3.96102819576257, 0.0 ], [ -74.356098856680646, 3.961005015443272, 0.0 ], [ -74.356098877341893, 3.961004995727535, 0.0 ], [ -74.356098921359333, 3.961004999312211, 0.0 ], [ -74.356173160829371, 3.960993676210852, 0.0 ], [ -74.356258704698931, 3.960999300570523, 0.0 ], [ -74.356349901666576, 3.961085180487342, 0.0 ], [ -74.356464161082513, 3.961131488246786, 0.0 ], [ -74.356607136044815, 3.961205481360936, 0.0 ], [ -74.356738271211668, 3.961251784632782, 0.0 ], [ -74.356863774840022, 3.961257394651982, 0.0 ], [ -74.356961119877468, 3.961222886760024, 0.0 ], [ -74.357023572552635, 3.961177085341374, 0.0 ], [ -74.357063510751871, 3.961119421326557, 0.0 ], [ -74.357092176890887, 3.961005243966469, 0.0 ], [ -74.357097779683329, 3.960936287307323, 0.0 ], [ -74.357114623993212, 3.960815895881454, 0.0 ], [ -74.357114599738694, 3.960815608210995, 0.0 ], [ -74.357103326780205, 3.960684208217572, 0.0 ], [ -74.357097661105712, 3.960569474275898, 0.0 ], [ -74.357080191568372, 3.960494876190122, 0.0 ], [ -74.357120154920409, 3.960494873501598, 0.0 ], [ -74.357017685892586, 3.960386378670258, 0.0 ], [ -74.356989024245124, 3.960300679707307, 0.0 ], [ -74.356988957769815, 3.960300478069033, 0.0 ], [ -74.35690893943756, 3.959990786670043, 0.0 ], [ -74.356863291546404, 3.959761932455561, 0.0 ], [ -74.356863280766618, 3.95976188943936, 0.0 ], [ -74.356817086699763, 3.959612692219318, 0.0 ], [ -74.35677144869004, 3.959457844613304, 0.0 ], [ -74.356725816968577, 3.959303560670062, 0.0 ], [ -74.356657116510576, 3.959171326997101, 0.0 ], [ -74.356622747866126, 3.959051516929912, 0.0 ], [ -74.356571479216242, 3.958885365804463, 0.0 ], [ -74.356519635644574, 3.958672870008226, 0.0 ], [ -74.356451475074067, 3.95847847504394, 0.0 ], [ -74.356405273820684, 3.958306661786335, 0.0 ], [ -74.356382828514995, 3.95813521681999, 0.0 ], [ -74.356382707242417, 3.958134283008169, 0.0 ], [ -74.356359571132288, 3.95793986461696, 0.0 ], [ -74.356330815161741, 3.957773705202882, 0.0 ], [ -74.356330528599145, 3.957769648227822, 0.0 ], [ -74.356330526802537, 3.957769611484744, 0.0 ], [ -74.356319505372312, 3.957613194334827, 0.0 ], [ -74.356313834307926, 3.957481516915575, 0.0 ], [ -74.356313797476986, 3.957372462477114, 0.0 ], [ -74.356313747171328, 3.957217559785571, 0.0 ], [ -74.35630751735485, 3.957085871549279, 0.0 ], [ -74.356307464354231, 3.956926729005477, 0.0 ], [ -74.35630746345592, 3.956925356067078, 0.0 ], [ -74.356301788798262, 3.956776711275301, 0.0 ], [ -74.356290534704385, 3.95665116086599, 0.0 ], [ -74.356290494280202, 3.956650662593144, 0.0 ], [ -74.356278625738653, 3.956507120568811, 0.0 ], [ -74.356295975800066, 3.956341365938215, 0.0 ], [ -74.356296019817506, 3.956340946528508, 0.0 ], [ -74.356307212825953, 3.956152168240092, 0.0 ], [ -74.356307151740509, 3.955968480182252, 0.0 ], [ -74.356318336664117, 3.955750875439238, 0.0 ], [ -74.356318401342818, 3.955750441690457, 0.0 ], [ -74.356335744217688, 3.955636135437004, 0.0 ], [ -74.356392409047501, 3.955442076721989, 0.0 ], [ -74.3563925213369, 3.955441691366518, 0.0 ], [ -74.356392623744853, 3.955441383978325, 0.0 ], [ -74.356443684883928, 3.955286808925975, 0.0 ], [ -74.356500320967641, 3.955155471683738, 0.0 ], [ -74.356500480867766, 3.95515509977078, 0.0 ], [ -74.356502657485692, 3.955150418148342, 0.0 ], [ -74.356502706893039, 3.955150310607261, 0.0 ], [ -74.356540410083824, 3.955069176222526, 0.0 ], [ -74.356574712252936, 3.954988908431999, 0.0 ], [ -74.356632076870369, 3.954874154881595, 0.0 ], [ -74.356632293364342, 3.954873721132356, 0.0 ], [ -74.356683254790411, 3.954771272065595, 0.0 ], [ -74.356717556959524, 3.954691001557704, 0.0 ], [ -74.356734421930668, 3.954633346949174, 0.0 ], [ -74.356751832179199, 3.954519170487186, 0.0 ], [ -74.356757426886787, 3.954421391352848, 0.0 ], [ -74.356757399937322, 3.954335482963551, 0.0 ], [ -74.356688640190526, 3.95402634227543, 0.0 ], [ -74.35664304350334, 3.953991879787213, 0.0 ], [ -74.356556902254113, 3.953871522302812, 0.0 ], [ -74.35644880797598, 3.953739865797158, 0.0 ], [ -74.356362670320024, 3.953636464849806, 0.0 ], [ -74.356265819355968, 3.953470328769537, 0.0 ], [ -74.356193117801723, 3.953369725655455, 0.0 ], [ -74.3561915008342, 3.953367488795826, 0.0 ], [ -74.356159823542342, 3.953317335999593, 0.0 ], [ -74.356151524007444, 3.953304198033046, 0.0 ], [ -74.356077202790715, 3.953195706740772, 0.0 ], [ -74.355985993246648, 3.953092293179061, 0.0 ], [ -74.355985852211163, 3.953092167714105, 0.0 ], [ -74.35589986996375, 3.953012075383087, 0.0 ], [ -74.355808683775876, 3.952949369797536, 0.0 ], [ -74.3557399770297, 3.952805832509201, 0.0 ], [ -74.355711822930374, 3.952754407105664, 0.0 ], [ -74.355699985829872, 3.952697326812857, 0.0 ], [ -74.355671227164365, 3.952519299149953, 0.0 ], [ -74.355637454102933, 3.952496702901051, 0.0 ], [ -74.355649105252169, 3.952185485080526, 0.0 ], [ -74.355649146574692, 3.952184362168241, 0.0 ], [ -74.35565419420827, 3.952049627915467, 0.0 ], [ -74.355654364888167, 3.952049178929693, 0.0 ], [ -74.3556941162378, 3.951946183740714, 0.0 ], [ -74.355712521819669, 3.951886220383354, 0.0 ], [ -74.355722224523049, 3.951854613033657, 0.0 ], [ -74.355755657122984, 3.951765352667171, 0.0 ], [ -74.355755667004445, 3.95176532488561, 0.0 ], [ -74.355756522200593, 3.951763041420321, 0.0 ], [ -74.355796455908234, 3.951694073237706, 0.0 ], [ -74.355800711227744, 3.951684768205416, 0.0 ], [ -74.355825136420307, 3.951631325432035, 0.0 ], [ -74.355876092456484, 3.951551416676743, 0.0 ], [ -74.3558763233235, 3.951551052827789, 0.0 ], [ -74.355876586529888, 3.951550532147387, 0.0 ], [ -74.355928064487244, 3.951448168703232, 0.0 ], [ -74.35597362434352, 3.951373549184028, 0.0 ], [ -74.356019182403145, 3.951293275658656, 0.0 ], [ -74.35608724146401, 3.951184171116115, 0.0 ], [ -74.35613817683894, 3.951105153120848, 0.0 ], [ -74.356138969153022, 3.951103920873102, 0.0 ], [ -74.356138987119337, 3.951103895780065, 0.0 ], [ -74.356207054265028, 3.951006661120622, 0.0 ], [ -74.356268808050928, 3.950927972902821, 0.0 ], [ -74.356270057607489, 3.950926382182632, 0.0 ], [ -74.356274823170054, 3.95091919660837, 0.0 ], [ -74.356274838441436, 3.950919174203844, 0.0 ], [ -74.356349932209298, 3.950805969586292, 0.0 ], [ -74.356424177967511, 3.95069742778111, 0.0 ], [ -74.356504054365956, 3.950577014255348, 0.0 ], [ -74.356555233184338, 3.950473565416056, 0.0 ], [ -74.356595157908814, 3.950370690119689, 0.0 ], [ -74.356617624774074, 3.950255958334686, 0.0 ], [ -74.356629416060485, 3.950158728952978, 0.0 ], [ -74.356623755775885, 3.950027297695645, 0.0 ], [ -74.356623744097789, 3.950027041387783, 0.0 ], [ -74.356560664398543, 3.949872196471652, 0.0 ], [ -74.356457619550596, 3.949694760578529, 0.0 ], [ -74.35645723866493, 3.949694028398099, 0.0 ], [ -74.356400745413325, 3.949585693465442, 0.0 ], [ -74.356332372840441, 3.949437227490366, 0.0 ], [ -74.356332039565459, 3.949436506960028, 0.0 ], [ -74.356331867987251, 3.949436162826161, 0.0 ], [ -74.356292058247107, 3.949356261925084, 0.0 ], [ -74.356274601286188, 3.949322355771884, 0.0 ], [ -74.356240809360145, 3.949230239896471, 0.0 ], [ -74.356212052491273, 3.949075950464775, 0.0 ], [ -74.356194679972006, 3.94894458356108, 0.0 ], [ -74.356194564089321, 3.948943700821308, 0.0 ], [ -74.356183256096514, 3.948777537811881, 0.0 ], [ -74.356182422459952, 3.948767002288046, 0.0 ], [ -74.356171952595318, 3.948634546473289, 0.0 ], [ -74.356171935527328, 3.948577461416101, 0.0 ], [ -74.356154446227052, 3.948439561259044, 0.0 ], [ -74.356143165183724, 3.948364957600592, 0.0 ], [ -74.356143060080825, 3.948363690397648, 0.0 ], [ -74.356137517475531, 3.948296571654592, 0.0 ], [ -74.356125671391879, 3.948216317547587, 0.0 ], [ -74.3561312687944, 3.948124752702204, 0.0 ], [ -74.356131255319667, 3.948085291953795, 0.0 ], [ -74.356131256217992, 3.948084624297099, 0.0 ], [ -74.356131215793795, 3.94808447463447, 0.0 ], [ -74.356108716589205, 3.947998723317159, 0.0 ], [ -74.356108653707125, 3.947804140340069, 0.0 ], [ -74.356108653707125, 3.947803728991744, 0.0 ], [ -74.356108660893653, 3.947803615176422, 0.0 ], [ -74.356114254702916, 3.94771781902091, 0.0 ], [ -74.356125494423765, 3.947672034779609, 0.0 ], [ -74.356142366581423, 3.947637550519007, 0.0 ], [ -74.35615980198277, 3.947608720281584, 0.0 ], [ -74.35618849596959, 3.947580451950517, 0.0 ], [ -74.356188511240944, 3.947580425065008, 0.0 ], [ -74.35621099427587, 3.947545966789908, 0.0 ], [ -74.356228430575527, 3.947517135653138, 0.0 ], [ -74.356261829937793, 3.947508841469634, 0.0 ], [ -74.356274010194738, 3.947505817744581, 0.0 ], [ -74.356290888640615, 3.947488291968774, 0.0 ], [ -74.35633645658173, 3.947442495168226, 0.0 ], [ -74.35636514697525, 3.94740801000193, 0.0 ], [ -74.35649058143332, 3.947224844275389, 0.0 ], [ -74.356627252018967, 3.946955766666387, 0.0 ], [ -74.356627264595375, 3.94695567884028, 0.0 ], [ -74.356644666759053, 3.946869851230698, 0.0 ], [ -74.356638973236784, 3.946674874563876, 0.0 ], [ -74.35655845633957, 3.946537544064531, 0.0 ], [ -74.356421668074631, 3.946428506110757, 0.0 ], [ -74.356411570112499, 3.94642204192664, 0.0 ], [ -74.356411535078223, 3.946422020418202, 0.0 ], [ -74.356278696705587, 3.946336991254585, 0.0 ], [ -74.356181878979186, 3.94627371070982, 0.0 ], [ -74.356056339418245, 3.946136418680124, 0.0 ], [ -74.356033242833973, 3.946067473330788, 0.0 ], [ -74.356021961790631, 3.945992871251583, 0.0 ], [ -74.356007797155229, 3.945980186639074, 0.0 ], [ -74.356005439975931, 3.945978077017878, 0.0 ], [ -74.356003028897703, 3.945975918106493, 0.0 ], [ -74.356000825330312, 3.94597394470554, 0.0 ], [ -74.355996422687099, 3.945970001488349, 0.0 ], [ -74.355995080604075, 3.945968800599474, 0.0 ], [ -74.355993299244872, 3.945967204492685, 0.0 ], [ -74.355991363375438, 3.945965471269487, 0.0 ], [ -74.355970115524002, 3.945946446142368, 0.0 ], [ -74.355964545070947, 3.945941457076281, 0.0 ], [ -74.356027471158271, 3.94595892642509, 0.0 ], [ -74.355822135148941, 3.945849942166484, 0.0 ], [ -74.35584633396607, 3.945836456361577, 0.0 ], [ -74.355848113528637, 3.945835465180017, 0.0 ], [ -74.355859304740463, 3.945829228622511, 0.0 ], [ -74.355865858848773, 3.94582557666506, 0.0 ], [ -74.356084604908673, 3.945703681037177, 0.0 ], [ -74.356110214080786, 3.945376890327743, 0.0 ], [ -74.356475753841252, 3.944709701714816, 0.0 ], [ -74.357705659754615, 3.943558626573961, 0.0 ], [ -74.35866971105628, 3.942891240235835, 0.0 ], [ -74.359384515799221, 3.942624181234116, 0.0 ], [ -74.360032908093203, 3.942623965252469, 0.0 ], [ -74.36228499259532, 3.942630505642219, 0.0 ], [ -74.363815622126467, 3.942288776930794, 0.0 ], [ -74.364568697795448, 3.941849821309297, 0.0 ], [ -74.365783598250303, 3.941922524733612, 0.0 ], [ -74.366293937451431, 3.942190444302922, 0.0 ], [ -74.366779816425662, 3.941970929751411, 0.0 ], [ -74.36811631822728, 3.942409171045886, 0.0 ], [ -74.368772368659052, 3.942457697917108, 0.0 ], [ -74.370181426487861, 3.941872279834647, 0.0 ], [ -74.371784721640651, 3.940896831853215, 0.0 ], [ -74.372197686159907, 3.940628599096276, 0.0 ], [ -74.372440579832968, 3.94038478658214, 0.0 ], [ -74.372561967380662, 3.940092272232687, 0.0 ], [ -74.37268340074246, 3.939921627388229, 0.0 ], [ -74.372853520996031, 3.940043429763802, 0.0 ], [ -74.373048001763451, 3.940335831210255, 0.0 ], [ -74.373412524631021, 3.940506308381951, 0.0 ], [ -74.373752771426354, 3.940749911151686, 0.0 ], [ -74.373742386901654, 3.94078450592963, 0.0 ], [ -74.373726092360712, 3.940835941036302, 0.0 ], [ -74.373681527837803, 3.941056849464503, 0.0 ], [ -74.373550063887549, 3.941308638775545, 0.0 ], [ -74.373008982540767, 3.94214539373653, 0.0 ], [ -74.372497223103196, 3.943158264200424, 0.0 ], [ -74.372372586349101, 3.94384152719127, 0.0 ], [ -74.372239058070321, 3.94509567685644, 0.0 ], [ -74.372178879031125, 3.94654851157788, 0.0 ], [ -74.371943698293094, 3.947446198201098, 0.0 ], [ -74.37189666430146, 3.947635182801053, 0.0 ], [ -74.371826148348276, 3.948013141117791, 0.0 ], [ -74.371896882592083, 3.948272949160894, 0.0 ], [ -74.371897150290039, 3.949052440912205, 0.0 ], [ -74.371991649464661, 3.94992638318895, 0.0 ], [ -74.371779835703819, 3.95030439064845, 0.0 ], [ -74.37173290591673, 3.950776836549911, 0.0 ], [ -74.371827243394634, 3.951201977318259, 0.0 ], [ -74.372416042350963, 3.951437988100509, 0.0 ], [ -74.373051902248406, 3.951555871585999, 0.0 ], [ -74.374276412880192, 3.951484580488186, 0.0 ], [ -74.377641252202849, 3.95155346534355, 0.0 ], [ -74.379645374737109, 3.951798897560196, 0.0 ], [ -74.38203808600538, 3.952187773025551, 0.0 ], [ -74.383510518180842, 3.952392360810928, 0.0 ], [ -74.383694743780993, 3.952884583281313, 0.0 ], [ -74.383605125153309, 3.953856675335128, 0.0 ], [ -74.383386715961649, 3.95444609714898, 0.0 ], [ -74.382649288944918, 3.955583923367081, 0.0 ], [ -74.382185100691515, 3.956653116318068, 0.0 ], [ -74.381994122455367, 3.957516628088084, 0.0 ], [ -74.382082672087876, 3.958224352828583, 0.0 ], [ -74.382758467489595, 3.961561324107323, 0.0 ], [ -74.382775920857256, 3.963879762602031, 0.0 ], [ -74.382634127179557, 3.964317123035462, 0.0 ], [ -74.382522656134256, 3.964479881978992, 0.0 ], [ -74.38230983536198, 3.964713859162274, 0.0 ], [ -74.381478557754264, 3.965070113531215, 0.0 ], [ -74.379765413913574, 3.966006344713889, 0.0 ], [ -74.378964670940661, 3.96663717496228, 0.0 ], [ -74.378799495014434, 3.966995716406235, 0.0 ], [ -74.378556688477985, 3.968231057332103, 0.0 ], [ -74.378604604615234, 3.968916383219953, 0.0 ], [ -74.378874894209488, 3.969378494730297, 0.0 ], [ -74.379367666855231, 3.969920226200053, 0.0 ], [ -74.379749276577812, 3.970621370581726, 0.0 ], [ -74.379733442872606, 3.970796697807399, 0.0 ], [ -74.379717657676437, 3.971083591365216, 0.0 ], [ -74.379590850592621, 3.971960238280207, 0.0 ], [ -74.379606811858594, 3.97216742899342, 0.0 ], [ -74.379670408987437, 3.972247099171857, 0.0 ], [ -74.379908757185149, 3.972262951297844, 0.0 ], [ -74.380433105613108, 3.972214947736477, 0.0 ], [ -74.380877995359256, 3.972151034690375, 0.0 ], [ -74.381080599591826, 3.972171278885466, 0.0 ], [ -74.381364159099434, 3.972223172668262, 0.0 ], [ -74.381617277397055, 3.972791770841217, 0.0 ], [ -74.382060092933202, 3.973390813731966, 0.0 ], [ -74.3828822229964, 3.973832832721816, 0.0 ], [ -74.383072159186796, 3.974527840495295, 0.0 ], [ -74.383388709323256, 3.975665113029245, 0.0 ], [ -74.383325705980809, 3.976297024721009, 0.0 ], [ -74.382946405826814, 3.976486728613888, 0.0 ], [ -74.382503955006669, 3.976929205670099, 0.0 ], [ -74.382377774946917, 3.977687513175916, 0.0 ], [ -74.382251496072485, 3.97819306874975, 0.0 ], [ -74.382084063578262, 3.979899489589552, 0.0 ], [ -74.381923448398709, 3.980366879532453, 0.0 ], [ -74.381873596392026, 3.980355447366578, 0.0 ], [ -74.381757137001969, 3.980346799533842, 0.0 ], [ -74.381588168388603, 3.98033835512671, 0.0 ], [ -74.381414583332983, 3.980320799577707, 0.0 ], [ -74.381291242847851, 3.980307609167808, 0.0 ], [ -74.381126777489001, 3.980285455479998, 0.0 ], [ -74.380859560133004, 3.980261439594865, 0.0 ], [ -74.380772799046241, 3.980257225008143, 0.0 ], [ -74.380572082174098, 3.980290008810718, 0.0 ], [ -74.380367269882569, 3.980414130750595, 0.0 ], [ -74.380205726743341, 3.980517518489027, 0.0 ], [ -74.380007978803221, 3.980684987975804, 0.0 ], [ -74.379869662503978, 3.980865910401073, 0.0 ], [ -74.379797314885948, 3.981003183222586, 0.0 ], [ -74.379663943812346, 3.981259433050253, 0.0 ], [ -74.37958241092052, 3.981383044936103, 0.0 ], [ -74.379498417543147, 3.981474703777805, 0.0 ], [ -74.379293446249832, 3.981569146938448, 0.0 ], [ -74.37912931955583, 3.981615475952228, 0.0 ], [ -74.378819361256944, 3.981712635318261, 0.0 ], [ -74.378573254310126, 3.981795832704296, 0.0 ], [ -74.37834992684229, 3.981872083151815, 0.0 ], [ -74.378176795435905, 3.981941275540635, 0.0 ], [ -74.377928759806153, 3.982092967181333, 0.0 ], [ -74.377696972004983, 3.982299388245743, 0.0 ], [ -74.377499349828994, 3.982491960216096, 0.0 ], [ -74.37732205293463, 3.982638808982422, 0.0 ], [ -74.377149325770105, 3.982787897191, 0.0 ], [ -74.376960605000278, 3.982934787127253, 0.0 ], [ -74.376806121720861, 3.983079245794531, 0.0 ], [ -74.376685885813345, 3.983225842639248, 0.0 ], [ -74.376515675728271, 3.983420595610001, 0.0 ], [ -74.376393055691977, 3.983548940609141, 0.0 ], [ -74.376204455296403, 3.983718657010273, 0.0 ], [ -74.376038753855724, 3.983901975059327, 0.0 ], [ -74.375886950250802, 3.9841240450391, 0.0 ], [ -74.375737580181976, 3.984375779121019, 0.0 ], [ -74.375640562131309, 3.984599915480579, 0.0 ], [ -74.375547988046321, 3.984798909573867, 0.0 ], [ -74.375466783039585, 3.984988725318139, 0.0 ], [ -74.375376398148973, 3.985169455022519, 0.0 ], [ -74.375233797784119, 3.985407468835846, 0.0 ], [ -74.375063470019739, 3.985579384884042, 0.0 ], [ -74.374842934515812, 3.985753798445665, 0.0 ], [ -74.37469291047347, 3.985879972623732, 0.0 ], [ -74.374506450763207, 3.986019992180994, 0.0 ], [ -74.374408683517572, 3.986098025560041, 0.0 ], [ -74.374394040978444, 3.986112094096495, 0.0 ], [ -74.374401719777495, 3.986082720347059, 0.0 ], [ -74.374401645217318, 3.986082927355916, 0.0 ] ] ] } },
{ "type": "Feature", "properties": { "OBJECTID": 6651, "DPTOMPIO": "25120", "CODIGO_VER": "25120014", "NOM_DEP": "CUNDINAMARCA", "NOMB_MPIO": "CABRERA", "NOMBRE_VER": "SANTA LUCIA", "VIGENCIA": "2010", "FUENTE": "EOT CABRERA", "DESCRIPCIO": "NULL", "SEUDONIMOS": "NULL", "AREA_HA": 1689.5372065399999, "COD_DPTO": "25", "ShapeSTAre": 17090823.180419922, "ShapeSTLen": 26939.263993142311 }, "geometry": { "type": "Polygon", "coordinates": [ [ [ -74.483662627398658, 3.986782878660002, 0.0 ], [ -74.483679017161009, 3.986860856405868, 0.0 ], [ -74.483698141395109, 3.986864236651154, 0.0 ], [ -74.483705392596079, 3.986869338383988, 0.0 ], [ -74.483903628321386, 3.987008825464885, 0.0 ], [ -74.483937971813035, 3.98703650188979, 0.0 ], [ -74.48399027801706, 3.98696752321123, 0.0 ], [ -74.484062840332456, 3.98689175356778, 0.0 ], [ -74.484087588918555, 3.986861785704457, 0.0 ], [ -74.484111781447453, 3.986849339196783, 0.0 ], [ -74.484137098667105, 3.986833500793667, 0.0 ], [ -74.484166920039613, 3.986821617958474, 0.0 ], [ -74.484191680303766, 3.986815954344676, 0.0 ], [ -74.484224884731631, 3.98681480907589, 0.0 ], [ -74.48423209011851, 3.98681481445277, 0.0 ], [ -74.484228829234041, 3.986824414815847, 0.0 ], [ -74.484216642688892, 3.986852645958507, 0.0 ], [ -74.484082669744041, 3.987163033431278, 0.0 ], [ -74.484419269379316, 3.987644170524221, 0.0 ], [ -74.484279377435072, 3.987776731204652, 0.0 ], [ -74.48425800471783, 3.987806698138452, 0.0 ], [ -74.484418759136233, 3.987958834975205, 0.0 ], [ -74.484585696658741, 3.988116826266491, 0.0 ], [ -74.484631298735835, 3.988151279264632, 0.0 ], [ -74.485040528060139, 3.988326853677749, 0.0 ], [ -74.485082738997036, 3.98833191776363, 0.0 ], [ -74.485507664584304, 3.988375796350454, 0.0 ], [ -74.485599405032687, 3.988388185482093, 0.0 ], [ -74.485719283410731, 3.988401125739496, 0.0 ], [ -74.485977735006173, 3.98867624595826, 0.0 ], [ -74.486071254118826, 3.988765582090228, 0.0 ], [ -74.486097098649552, 3.988787393224424, 0.0 ], [ -74.486129067893884, 3.988754830210802, 0.0 ], [ -74.486129161318672, 3.988754733427758, 0.0 ], [ -74.486171350695983, 3.98871175906581, 0.0 ], [ -74.485828426022792, 3.988323640120512, 0.0 ], [ -74.486235547001144, 3.987633347835025, 0.0 ], [ -74.486163322452299, 3.987607129450901, 0.0 ], [ -74.485944529680026, 3.987514801875465, 0.0 ], [ -74.485714340880023, 3.987495697948514, 0.0 ], [ -74.485662502698233, 3.987364600620733, 0.0 ], [ -74.4856280936296, 3.987204103574591, 0.0 ], [ -74.485543090545846, 3.987157234502511, 0.0 ], [ -74.485500876015692, 3.987143691122631, 0.0 ], [ -74.485442894255684, 3.98711150352699, 0.0 ], [ -74.485398423157534, 3.98708722079108, 0.0 ], [ -74.485365773888532, 3.98707254289531, 0.0 ], [ -74.485330310197753, 3.987055040362348, 0.0 ], [ -74.485299347066544, 3.987034706918985, 0.0 ], [ -74.485272884494904, 3.987011547941909, 0.0 ], [ -74.485220532476774, 3.986982750443449, 0.0 ], [ -74.485199701443648, 3.98697032544495, 0.0 ], [ -74.485174368054317, 3.986951685706507, 0.0 ], [ -74.48515128314817, 3.986929088607697, 0.0 ], [ -74.48515032464573, 3.986927608182236, 0.0 ], [ -74.485137765299754, 3.986908183423053, 0.0 ], [ -74.485127060974818, 3.986883884550573, 0.0 ], [ -74.485112410350865, 3.986846024369731, 0.0 ], [ -74.485103392163737, 3.986817771719473, 0.0 ], [ -74.485083664261779, 3.986755610867077, 0.0 ], [ -74.485080270426636, 3.986721135406917, 0.0 ], [ -74.4850746263117, 3.986688922702782, 0.0 ], [ -74.485065600039732, 3.98664088592879, 0.0 ], [ -74.485054426794207, 3.986574583992277, 0.0 ], [ -74.485187927225226, 3.986561560364954, 0.0 ], [ -74.485230881967169, 3.986709611922865, 0.0 ], [ -74.485322206495582, 3.986855096009038, 0.0 ], [ -74.485406622979468, 3.986959661363871, 0.0 ], [ -74.485541076522992, 3.987041427081764, 0.0 ], [ -74.485759737242915, 3.987116331935233, 0.0 ], [ -74.486213028931928, 3.987279750417945, 0.0 ], [ -74.486374736462835, 3.987331943455937, 0.0 ], [ -74.486490905697082, 3.987375070233984, 0.0 ], [ -74.486648074939168, 3.987436368055997, 0.0 ], [ -74.486796132569353, 3.987486289367388, 0.0 ], [ -74.486971527730276, 3.987554391576907, 0.0 ], [ -74.487115106360449, 3.987645253061973, 0.0 ], [ -74.487338415861984, 3.987774735500022, 0.0 ], [ -74.487611829796805, 3.987910987361051, 0.0 ], [ -74.487750915053923, 3.988033699418798, 0.0 ], [ -74.487890088345935, 3.988201893248724, 0.0 ], [ -74.487997386716756, 3.988365558850127, 0.0 ], [ -74.488081997236733, 3.988567907178329, 0.0 ], [ -74.488139342091188, 3.988799833429791, 0.0 ], [ -74.488176047253717, 3.988945367329774, 0.0 ], [ -74.48818772714904, 3.989102277687848, 0.0 ], [ -74.488204039656281, 3.989297848337467, 0.0 ], [ -74.488197449615356, 3.989422939436045, 0.0 ], [ -74.48814308896425, 3.989561699315237, 0.0 ], [ -74.488097830043614, 3.989698187460463, 0.0 ], [ -74.48809805192748, 3.98981644723697, 0.0 ], [ -74.488116543747608, 3.989966532441735, 0.0 ], [ -74.488162372200136, 3.990123418409, 0.0 ], [ -74.488226405910211, 3.990278025468315, 0.0 ], [ -74.488269909522799, 3.990409894801766, 0.0 ], [ -74.48846823418134, 3.990564399647481, 0.0 ], [ -74.488634581510709, 3.990657526234651, 0.0 ], [ -74.488839599516425, 3.990743800050508, 0.0 ], [ -74.489046876785082, 3.990816428378339, 0.0 ], [ -74.48921094868183, 3.990911832020938, 0.0 ], [ -74.489347665979878, 3.990982225368529, 0.0 ], [ -74.489454798162328, 3.991061754824812, 0.0 ], [ -74.489486870712923, 3.991164076614146, 0.0 ], [ -74.489514485823079, 3.991320970417903, 0.0 ], [ -74.489551267342392, 3.991514255391671, 0.0 ], [ -74.489567680460937, 3.991759861224098, 0.0 ], [ -74.489584238208252, 3.992085063550364, 0.0 ], [ -74.489653516282971, 3.992601265320585, 0.0 ], [ -74.489701891459333, 3.992899151333253, 0.0 ], [ -74.489752383964827, 3.993112897376121, 0.0 ], [ -74.489796035799429, 3.993322084727978, 0.0 ], [ -74.489873856852483, 3.993544909395186, 0.0 ], [ -74.489978939977789, 3.993742689748975, 0.0 ], [ -74.490072703432205, 3.993967776143245, 0.0 ], [ -74.490166292613438, 3.99410416318907, 0.0 ], [ -74.490293893807987, 3.994176844091483, 0.0 ], [ -74.490407801084331, 3.994222248481034, 0.0 ], [ -74.490558067671799, 3.994240333347935, 0.0 ], [ -74.490715197388027, 3.99427660344746, 0.0 ], [ -74.490879148012226, 3.994308326565251, 0.0 ], [ -74.491047667467939, 3.994353695102228, 0.0 ], [ -74.491239011318399, 3.994426329383625, 0.0 ], [ -74.491487308357875, 3.994521677046413, 0.0 ], [ -74.491612623340032, 3.99458298867314, 0.0 ], [ -74.491701582604279, 3.994685257151708, 0.0 ], [ -74.491783791029192, 3.994817106958423, 0.0 ], [ -74.491859194715829, 3.994964882811554, 0.0 ], [ -74.491966549680484, 3.995162660134656, 0.0 ], [ -74.492053506599987, 3.995396844568313, 0.0 ], [ -74.492181624325823, 3.995735606614382, 0.0 ], [ -74.492298145699635, 3.995960672747005, 0.0 ], [ -74.492444351902023, 3.996233475725648, 0.0 ], [ -74.492567617826992, 3.996415323119245, 0.0 ], [ -74.492652143905332, 3.996572180969961, 0.0 ], [ -74.492688863440875, 3.996724533045956, 0.0 ], [ -74.492705104981226, 3.996890537640873, 0.0 ], [ -74.492707670569672, 3.997040639474608, 0.0 ], [ -74.492694379096719, 3.997227137604251, 0.0 ], [ -74.49268102564001, 3.997386335094807, 0.0 ], [ -74.49269732916413, 3.997579630289478, 0.0 ], [ -74.492718303029378, 3.997829787539749, 0.0 ], [ -74.492809785661294, 3.998052588579188, 0.0 ], [ -74.492885096821439, 3.998157156988383, 0.0 ], [ -74.492976326128428, 3.998248053144956, 0.0 ], [ -74.493074437428817, 3.998366248960292, 0.0 ], [ -74.493167968219581, 3.998477618050183, 0.0 ], [ -74.493277421648742, 3.998575326540813, 0.0 ], [ -74.493391490621832, 3.998707150630479, 0.0 ], [ -74.493539698270666, 3.998838951399567, 0.0 ], [ -74.493651495404393, 3.998975320608867, 0.0 ], [ -74.493763276368469, 3.999100320619373, 0.0 ], [ -74.493868328052727, 3.999279908238818, 0.0 ], [ -74.494005263641384, 3.999464024847929, 0.0 ], [ -74.494121658352739, 3.999625411143407, 0.0 ], [ -74.494228896536427, 3.999754963381463, 0.0 ], [ -74.494418030531293, 3.999861718123743, 0.0 ], [ -74.49459343108208, 3.999932090988523, 0.0 ], [ -74.494720970292875, 3.99996610797282, 0.0 ], [ -74.494843885874872, 3.99996602284077, 0.0 ], [ -74.49495313179321, 3.999954573025081, 0.0 ], [ -74.495062330999161, 3.999924935413559, 0.0 ], [ -74.495153255777254, 3.999858907868893, 0.0 ], [ -74.495223694475328, 3.999797459529217, 0.0 ], [ -74.495312289921898, 3.999708700808211, 0.0 ], [ -74.495400896148269, 3.999617666810011, 0.0 ], [ -74.495484956000979, 3.999535727600151, 0.0 ], [ -74.495687246721488, 3.999380940371496, 0.0 ], [ -74.495810040132625, 3.999319450774084, 0.0 ], [ -74.495937390697193, 3.999255681422834, 0.0 ], [ -74.496078346246733, 3.999166878732874, 0.0 ], [ -74.496203398022502, 3.999091741089684, 0.0 ], [ -74.496403529193074, 3.999000626371412, 0.0 ], [ -74.496592315539914, 3.998927715591572, 0.0 ], [ -74.496758388883109, 3.998879833667872, 0.0 ], [ -74.496965488285369, 3.998859216444797, 0.0 ], [ -74.497104349861971, 3.99886366572166, 0.0 ], [ -74.497247821592623, 3.998902227016609, 0.0 ], [ -74.497341201466412, 3.998931715907863, 0.0 ], [ -74.497452847683192, 3.998986222903899, 0.0 ], [ -74.497594149982419, 3.999074818607864, 0.0 ], [ -74.497687590941652, 3.999136154985719, 0.0 ], [ -74.497771961611448, 3.999213413759591, 0.0 ], [ -74.497822223249912, 3.999306625393253, 0.0 ], [ -74.497858776597127, 3.999377098671999, 0.0 ], [ -74.497915878906483, 3.999479397917104, 0.0 ], [ -74.497963900146644, 3.999593073487847, 0.0 ], [ -74.49803474578151, 3.999738566940055, 0.0 ], [ -74.498094184608931, 3.999872710915848, 0.0 ], [ -74.498194650393671, 4.000031826345039, 0.0 ], [ -74.498317895657394, 4.000200026676986, 0.0 ], [ -74.498422985969214, 4.000395538225285, 0.0 ], [ -74.498532742130621, 4.000654719504211, 0.0 ], [ -74.498626406770356, 4.000834321120997, 0.0 ], [ -74.498692759930506, 4.001004832396991, 0.0 ], [ -74.4987659986773, 4.00121173888781, 0.0 ], [ -74.498825439301342, 4.001345872764999, 0.0 ], [ -74.498857665463845, 4.001527790714328, 0.0 ], [ -74.498921797988601, 4.001732425395788, 0.0 ], [ -74.498992752319637, 4.001939313780308, 0.0 ], [ -74.499052338470747, 4.002148500672359, 0.0 ], [ -74.499096004678393, 4.002362256849555, 0.0 ], [ -74.499160173135749, 4.002580536605963, 0.0 ], [ -74.499224351474609, 4.002812456207051, 0.0 ], [ -74.499290790873019, 4.003033003036476, 0.0 ], [ -74.499343529166708, 4.003230822322621, 0.0 ], [ -74.499430555256509, 4.003503671271563, 0.0 ], [ -74.499540460538242, 4.003837895584747, 0.0 ], [ -74.499622863897571, 4.004074357274972, 0.0 ], [ -74.499750976233514, 4.004406304308625, 0.0 ], [ -74.499856142902146, 4.00464501241237, 0.0 ], [ -74.499929393327037, 4.004851918879411, 0.0 ], [ -74.500011681702006, 4.005029247907462, 0.0 ], [ -74.500091735068551, 4.005229315079532, 0.0 ], [ -74.500167255536184, 4.005438494858032, 0.0 ], [ -74.500226742872599, 4.005590827362572, 0.0 ], [ -74.50027478836725, 4.005720418982206, 0.0 ], [ -74.500327415269865, 4.005856831851564, 0.0 ], [ -74.500375450883041, 4.005981879202083, 0.0 ], [ -74.500434946304324, 4.006143309018884, 0.0 ], [ -74.500505826973495, 4.0063069988188, 0.0 ], [ -74.500567604115602, 4.006468425883099, 0.0 ], [ -74.500627095943585, 4.006625295250324, 0.0 ], [ -74.500686526686152, 4.006754885809994, 0.0 ], [ -74.500752904999132, 4.00694587307806, 0.0 ], [ -74.500782727269936, 4.00706411065161, 0.0 ], [ -74.500812588168287, 4.007202819154132, 0.0 ], [ -74.500856169934309, 4.007373357779272, 0.0 ], [ -74.500902017251462, 4.007539330643691, 0.0 ], [ -74.500954718714226, 4.007716685076651, 0.0 ], [ -74.500980086239537, 4.007887232555844, 0.0 ], [ -74.501000839119229, 4.008025948983825, 0.0 ], [ -74.501023783888215, 4.00811917126358, 0.0 ], [ -74.501051297488743, 4.008221500780325, 0.0 ], [ -74.501071965926798, 4.008312449586604, 0.0 ], [ -74.501157683171201, 4.00854035743643, 0.0 ], [ -74.501447016151161, 4.00901832406579, 0.0 ], [ -74.501564195091788, 4.009388036830724, 0.0 ], [ -74.501712521318225, 4.009667893148873, 0.0 ], [ -74.501824726287126, 4.009889713303455, 0.0 ], [ -74.501946490228931, 4.010124886421645, 0.0 ], [ -74.502054899815732, 4.010301283242082, 0.0 ], [ -74.502199546542784, 4.010471935027592, 0.0 ], [ -74.502319680940673, 4.010591007270774, 0.0 ], [ -74.502428292648418, 4.010705897326476, 0.0 ], [ -74.502544491527047, 4.010843315701392, 0.0 ], [ -74.502644845022374, 4.010983534412597, 0.0 ], [ -74.502790540981692, 4.01111771328564, 0.0 ], [ -74.502858035002248, 4.01116105836014, 0.0 ], [ -74.502936741794173, 4.011199484658355, 0.0 ], [ -74.503079985352755, 4.01126085686816, 0.0 ], [ -74.503282903097343, 4.011336236241037, 0.0 ], [ -74.503508174519453, 4.011399479527689, 0.0 ], [ -74.503714712474633, 4.011447398355646, 0.0 ], [ -74.50385719426184, 4.011486020889479, 0.0 ], [ -74.504000047053282, 4.011536014217204, 0.0 ], [ -74.504143744261057, 4.011611038703382, 0.0 ], [ -74.504298695562753, 4.011749473119544, 0.0 ], [ -74.504469637774775, 4.01188966748018, 0.0 ], [ -74.504619367169695, 4.01207609053708, 0.0 ], [ -74.504743773056759, 4.012254242422844, 0.0 ], [ -74.50483881122058, 4.012371855533527, 0.0 ], [ -74.504942569330836, 4.012477791374092, 0.0 ], [ -74.505063982929684, 4.01256721541803, 0.0 ], [ -74.505207679239177, 4.012642240705644, 0.0 ], [ -74.505355165540834, 4.012694364023473, 0.0 ], [ -74.505575210564629, 4.012737284256707, 0.0 ], [ -74.505741472554035, 4.012738687569809, 0.0 ], [ -74.505898949918304, 4.012749486628451, 0.0 ], [ -74.506075286513607, 4.012711843605972, 0.0 ], [ -74.506196504279728, 4.012660043786087, 0.0 ], [ -74.506317387872571, 4.012530833218557, 0.0 ], [ -74.506403102422041, 4.012439208316108, 0.0 ], [ -74.506445994281918, 4.012360370943052, 0.0 ], [ -74.506544721826586, 4.012181764750815, 0.0 ], [ -74.506659622639631, 4.012077792257188, 0.0 ], [ -74.506785004097097, 4.012014488983366, 0.0 ], [ -74.506945335409, 4.01197508864766, 0.0 ], [ -74.507136712497143, 4.011977949939381, 0.0 ], [ -74.507300786190513, 4.011981689422708, 0.0 ], [ -74.507421406576981, 4.011980030715899, 0.0 ], [ -74.507564615101273, 4.011973081352451, 0.0 ], [ -74.507741877859644, 4.011962737509451, 0.0 ], [ -74.5079182225398, 4.011925084593464, 0.0 ], [ -74.508039585833004, 4.011877852216863, 0.0 ], [ -74.508194459879576, 4.011811296929527, 0.0 ], [ -74.508327043130663, 4.011759136814639, 0.0 ], [ -74.508537781608112, 4.011661146726081, 0.0 ], [ -74.50871697664266, 4.011573300640344, 0.0 ], [ -74.508833878003855, 4.011528480583406, 0.0 ], [ -74.508964487656272, 4.011485498454761, 0.0 ], [ -74.509114978822566, 4.011423643256111, 0.0 ], [ -74.509255077379322, 4.01139174247466, 0.0 ], [ -74.509406849543211, 4.011368559094613, 0.0 ], [ -74.509632101202385, 4.011363479917166, 0.0 ], [ -74.509838211559497, 4.011466073381503, 0.0 ], [ -74.510087098792113, 4.01162193545341, 0.0 ], [ -74.510284674255701, 4.011809081735467, 0.0 ], [ -74.510495428902814, 4.011982123141872, 0.0 ], [ -74.510738876836385, 4.012179166021082, 0.0 ], [ -74.510968467358381, 4.012438148213964, 0.0 ], [ -74.51114377538272, 4.012708018995214, 0.0 ], [ -74.511281090060422, 4.012931298988429, 0.0 ], [ -74.511470039900658, 4.013200719758213, 0.0 ], [ -74.51161175901818, 4.013419296819198, 0.0 ], [ -74.511744561458215, 4.013576669363493, 0.0 ], [ -74.511950852376685, 4.013752137962697, 0.0 ], [ -74.512094553177732, 4.013827163141486, 0.0 ], [ -74.51229192652039, 4.013873108588744, 0.0 ], [ -74.512462148283589, 4.013924487159148, 0.0 ], [ -74.512694099578155, 4.013982958450535, 0.0 ], [ -74.51293461002075, 4.014025207428402, 0.0 ], [ -74.513086178267045, 4.014063528746837, 0.0 ], [ -74.513429196365053, 4.014106998224523, 0.0 ], [ -74.513621248986269, 4.014130331177431, 0.0 ], [ -74.513776991703693, 4.014157132081303, 0.0 ], [ -74.513914380043246, 4.014179974859795, 0.0 ], [ -74.514087046122327, 4.01423583127974, 0.0 ], [ -74.514211238210351, 4.014272768992312, 0.0 ], [ -74.514381192275607, 4.014383377806572, 0.0 ], [ -74.514474847932163, 4.014460034745824, 0.0 ], [ -74.514609177508163, 4.014594586726046, 0.0 ], [ -74.514772706822512, 4.014785110664748, 0.0 ], [ -74.514893918300416, 4.014936030948979, 0.0 ], [ -74.515080800218868, 4.015144025377304, 0.0 ], [ -74.515153831454839, 4.015234951010163, 0.0 ], [ -74.51519488805657, 4.01528606693456, 0.0 ], [ -74.515359706453339, 4.015446950974502, 0.0 ], [ -74.515505274851847, 4.015644900776959, 0.0 ], [ -74.515787357529163, 4.015975054476685, 0.0 ], [ -74.516098414467663, 4.016354368590121, 0.0 ], [ -74.516463177185415, 4.016772924918215, 0.0 ], [ -74.51672540889156, 4.017121948409684, 0.0 ], [ -74.516940226618715, 4.017415577048875, 0.0 ], [ -74.517126717770026, 4.017695158199212, 0.0 ], [ -74.51698000042623, 4.017946688405438, 0.0 ], [ -74.516813579435023, 4.018266670359269, 0.0 ], [ -74.516739197132864, 4.018484979919765, 0.0 ], [ -74.516738597956561, 4.018486737185145, 0.0 ], [ -74.516738166765251, 4.018488002487924, 0.0 ], [ -74.516704567976987, 4.018586634265424, 0.0 ], [ -74.516652866339129, 4.018740946505692, 0.0 ], [ -74.516600216080306, 4.019135121252153, 0.0 ], [ -74.516600169367933, 4.019135474317933, 0.0 ], [ -74.51660015229993, 4.01913551912322, 0.0 ], [ -74.516445081522335, 4.019604093740924, 0.0 ], [ -74.516445052776234, 4.019604107182495, 0.0 ], [ -74.516114214935186, 4.019723523094127, 0.0 ], [ -74.515865492094278, 4.019800664324609, 0.0 ], [ -74.51586308910089, 4.019801408988156, 0.0 ], [ -74.515583016853185, 4.019888274745226, 0.0 ], [ -74.51527465036898, 4.019984522713773, 0.0 ], [ -74.515274616232986, 4.019984536155343, 0.0 ], [ -74.51491510776134, 4.020155393812738, 0.0 ], [ -74.514674887474584, 4.020309231716696, 0.0 ], [ -74.514674865915012, 4.020309247846586, 0.0 ], [ -74.514480775914734, 4.020445568668682, 0.0 ], [ -74.514480719320858, 4.020445612577817, 0.0 ], [ -74.514108929980978, 4.020770742566107, 0.0 ], [ -74.513748882520147, 4.021055785215712, 0.0 ], [ -74.513308987406987, 4.021438061276545, 0.0 ], [ -74.513308965847415, 4.021438080990818, 0.0 ], [ -74.512405047770869, 4.022408416257037, 0.0 ], [ -74.512257697114805, 4.02253181582875, 0.0 ], [ -74.512255816940922, 4.022533390280504, 0.0 ], [ -74.512084951085669, 4.022676481678557, 0.0 ], [ -74.511865094708085, 4.022793792196344, 0.0 ], [ -74.511864394022183, 4.022794161390387, 0.0 ], [ -74.511199337979676, 4.023148877030138, 0.0 ], [ -74.510874090354648, 4.023245128198005, 0.0 ], [ -74.510463273707217, 4.023318253664522, 0.0 ], [ -74.509961282550037, 4.023385769529816, 0.0 ], [ -74.509961250210694, 4.023385772218147, 0.0 ], [ -74.509328110411928, 4.023361236065831, 0.0 ], [ -74.509196950092232, 4.023303655275545, 0.0 ], [ -74.509020193983673, 4.02323423070715, 0.0 ], [ -74.508849600317959, 4.023113935338066, 0.0 ], [ -74.508741508734758, 4.02305069027113, 0.0 ], [ -74.508514019372214, 4.022826997256542, 0.0 ], [ -74.508485299334268, 4.022798187576837, 0.0 ], [ -74.508081051168205, 4.022499412768163, 0.0 ], [ -74.507534453267283, 4.022280407114879, 0.0 ], [ -74.507312131912556, 4.022245478827089, 0.0 ], [ -74.50675833401462, 4.022267245159838, 0.0 ], [ -74.50639929805682, 4.022329036809211, 0.0 ], [ -74.50618207464133, 4.0223568428707, 0.0 ], [ -74.505725654120184, 4.022413040145703, 0.0 ], [ -74.505645755263899, 4.022441333684027, 0.0 ], [ -74.505143329322109, 4.022754709601358, 0.0 ], [ -74.505143299677698, 4.022754726627287, 0.0 ], [ -74.504491795619586, 4.023124667051719, 0.0 ], [ -74.504268430422499, 4.023142612383539, 0.0 ], [ -74.504267637210091, 4.023142676006756, 0.0 ], [ -74.504080955615976, 4.023157667787194, 0.0 ], [ -74.503618878403486, 4.023133602977484, 0.0 ], [ -74.503385303853207, 4.023116202475292, 0.0 ], [ -74.503229637492552, 4.023077332271844, 0.0 ], [ -74.503227188685102, 4.023076721130463, 0.0 ], [ -74.503225100102071, 4.023076200495365, 0.0 ], [ -74.503037445632472, 4.023029342438844, 0.0 ], [ -74.502786962991905, 4.022965605405504, 0.0 ], [ -74.502455997590104, 4.022895693328798, 0.0 ], [ -74.50230234076075, 4.022878250704727, 0.0 ], [ -74.501891771150028, 4.0229631922032, 0.0 ], [ -74.501891540282998, 4.022963231631683, 0.0 ], [ -74.501823794734165, 4.02297543564266, 0.0 ], [ -74.501822483193848, 4.022975671317425, 0.0 ], [ -74.501674309681007, 4.023002348268579, 0.0 ], [ -74.501473894642785, 4.023053235200126, 0.0 ], [ -74.501473691623559, 4.023053287174002, 0.0 ], [ -74.501472707069993, 4.023053537186414, 0.0 ], [ -74.501428958217332, 4.023064642575269, 0.0 ], [ -74.501428929471246, 4.023064651536304, 0.0 ], [ -74.501126220576694, 4.023167099256837, 0.0 ], [ -74.500795371057549, 4.023320433879351, 0.0 ], [ -74.500313958506908, 4.024023205621927, 0.0 ], [ -74.500353010967245, 4.024457812543919, 0.0 ], [ -74.500243434468899, 4.024789634796906, 0.0 ], [ -74.500243403027866, 4.024789661679895, 0.0 ], [ -74.500031919847046, 4.024983606336823, 0.0 ], [ -74.499546843966669, 4.025119495352936, 0.0 ], [ -74.499363980212479, 4.02521623555817, 0.0 ], [ -74.499038236717411, 4.025461125140979, 0.0 ], [ -74.498838004037225, 4.025712736287475, 0.0 ], [ -74.498800127471569, 4.025841071966153, 0.0 ], [ -74.498799938825357, 4.025841714468935, 0.0 ], [ -74.498799405226094, 4.025843521899945, 0.0 ], [ -74.498740242181483, 4.026043984526013, 0.0 ], [ -74.498747023563553, 4.026255109775565, 0.0 ], [ -74.498747063987736, 4.026256399260903, 0.0 ], [ -74.498750539569571, 4.026364440024286, 0.0 ], [ -74.49875082972541, 4.02636537107022, 0.0 ], [ -74.49880127012861, 4.026524927594523, 0.0 ], [ -74.498914588110139, 4.026908631260022, 0.0 ], [ -74.49903300043762, 4.027355055265245, 0.0 ], [ -74.499106309253008, 4.027630274390545, 0.0 ], [ -74.49907769072469, 4.028053607392222, 0.0 ], [ -74.499077529027943, 4.028055985631655, 0.0 ], [ -74.499071121345025, 4.028150818595265, 0.0 ], [ -74.498835058461395, 4.028768109418732, 0.0 ], [ -74.498835047681624, 4.028768133613314, 0.0 ], [ -74.497952800562985, 4.030361842302956, 0.0 ], [ -74.497277264774382, 4.031160794573992, 0.0 ], [ -74.496683121740404, 4.031542593648592, 0.0 ], [ -74.496683097485899, 4.031542604401678, 0.0 ], [ -74.495792389135602, 4.031935289022216, 0.0 ], [ -74.495518635637609, 4.032017911385656, 0.0 ], [ -74.495518347278406, 4.032017998306577, 0.0 ], [ -74.49551484205216, 4.032019055694995, 0.0 ], [ -74.495398476086876, 4.032054170846544, 0.0 ], [ -74.494509323618658, 4.032741265100991, 0.0 ], [ -74.494498586954379, 4.032749562008244, 0.0 ], [ -74.494488893234148, 4.032757052433468, 0.0 ], [ -74.494255282751254, 4.032937578918546, 0.0 ], [ -74.494255228852353, 4.032937618346547, 0.0 ], [ -74.493866517049128, 4.033205670442319, 0.0 ], [ -74.493312307722789, 4.033547321924647, 0.0 ], [ -74.493210191732857, 4.033620808485567, 0.0 ], [ -74.493210139630577, 4.033620846121363, 0.0 ], [ -74.493106392300092, 4.033695504761403, 0.0 ], [ -74.493105953023928, 4.033695852444335, 0.0 ], [ -74.492940989998417, 4.033826713836802, 0.0 ], [ -74.492632105186289, 4.034026379663545, 0.0 ], [ -74.492409802696187, 4.03404853279187, 0.0 ], [ -74.492181839023161, 4.034024907388256, 0.0 ], [ -74.491982000703374, 4.03392158197091, 0.0 ], [ -74.491981950397715, 4.033921550607766, 0.0 ], [ -74.491492737775445, 4.033570845187851, 0.0 ], [ -74.491253957488098, 4.033284418877499, 0.0 ], [ -74.491253931436958, 4.033284388410405, 0.0 ], [ -74.491037704253131, 4.033009278729633, 0.0 ], [ -74.490447479670408, 4.032578922056282, 0.0 ], [ -74.490446861629522, 4.032578471322385, 0.0 ], [ -74.49032042285495, 4.032486275175878, 0.0 ], [ -74.490126791893772, 4.032434375354862, 0.0 ], [ -74.489739524581523, 4.032330572118513, 0.0 ], [ -74.489676780852193, 4.032288359933646, 0.0 ], [ -74.489675844807664, 4.032287729981294, 0.0 ], [ -74.489675728925008, 4.032287652021306, 0.0 ], [ -74.489329087023165, 4.032054402038214, 0.0 ], [ -74.48900476466288, 4.03176745008339, 0.0 ], [ -74.488765983477194, 4.031469150808263, 0.0 ], [ -74.488248998539603, 4.030832994793167, 0.0 ], [ -74.488168545422766, 4.030765763607237, 0.0 ], [ -74.488166105598467, 4.030763724995054, 0.0 ], [ -74.487884713725606, 4.030528551558032, 0.0 ], [ -74.487617236756492, 4.030241569493572, 0.0 ], [ -74.487389750987191, 4.030017868598155, 0.0 ], [ -74.487134080575885, 4.02970827251497, 0.0 ], [ -74.487125703785836, 4.029699344726184, 0.0 ], [ -74.487125676836399, 4.029699316051156, 0.0 ], [ -74.487125540292467, 4.029699170883859, 0.0 ], [ -74.487098041963307, 4.029669857842281, 0.0 ], [ -74.486860980153082, 4.029415643868036, 0.0 ], [ -74.486587866255562, 4.029128663203057, 0.0 ], [ -74.486587813254971, 4.029128655138202, 0.0 ], [ -74.486155022019076, 4.029041837859769, 0.0 ], [ -74.485790252114796, 4.028903543482667, 0.0 ], [ -74.485790216182195, 4.028903530937312, 0.0 ], [ -74.485294354230192, 4.028781712147648, 0.0 ], [ -74.48516571727815, 4.028742500802358, 0.0 ], [ -74.485165347172241, 4.02874238789432, 0.0 ], [ -74.485164985151187, 4.028742277674577, 0.0 ], [ -74.484935225745915, 4.028672241536711, 0.0 ], [ -74.484501802096048, 4.028562244902855, 0.0 ], [ -74.484245702290011, 4.028516026078348, 0.0 ], [ -74.483988355622358, 4.028524979866858, 0.0 ], [ -74.483986364955697, 4.028525049762346, 0.0 ], [ -74.483949105532645, 4.028526342828467, 0.0 ], [ -74.483949050735433, 4.028526344620646, 0.0 ], [ -74.483555144873236, 4.028542361435449, 0.0 ], [ -74.483555092770942, 4.028542363227642, 0.0 ], [ -74.483518617577147, 4.028544102549414, 0.0 ], [ -74.48351718206932, 4.028544171548774, 0.0 ], [ -74.483327211742932, 4.028553214050484, 0.0 ], [ -74.48332701411357, 4.028553212258293, 0.0 ], [ -74.483156116817284, 4.02855273284709, 0.0 ], [ -74.482745778971918, 4.028465895793089, 0.0 ], [ -74.482688929089164, 4.028445575924702, 0.0 ], [ -74.482608996096857, 4.028417356074894, 0.0 ], [ -74.482517806315741, 4.028388575268074, 0.0 ], [ -74.482517589821754, 4.028388498203857, 0.0 ], [ -74.482374826861843, 4.028337213739183, 0.0 ], [ -74.482238264972366, 4.028262806410075, 0.0 ], [ -74.482238026918822, 4.028262676476159, 0.0 ], [ -74.482236438697399, 4.028261662095494, 0.0 ], [ -74.482112481069649, 4.028182482151649, 0.0 ], [ -74.481972930485227, 4.028087684139484, 0.0 ], [ -74.481972886467759, 4.028087655464379, 0.0 ], [ -74.481969480056208, 4.028085339951808, 0.0 ], [ -74.481803991516244, 4.028039640836029, 0.0 ], [ -74.481616001076745, 4.028022210867513, 0.0 ], [ -74.481393122766548, 4.028011016832719, 0.0 ], [ -74.481102144072977, 4.028005505840522, 0.0 ], [ -74.480902346177373, 4.027999951835636, 0.0 ], [ -74.480702568943016, 4.028045830172896, 0.0 ], [ -74.480702516840736, 4.028045849887017, 0.0 ], [ -74.480525876614848, 4.028109217331049, 0.0 ], [ -74.480240610308172, 4.028269872127117, 0.0 ], [ -74.480240580663775, 4.028269886464663, 0.0 ], [ -74.480098250691825, 4.028338891230781, 0.0 ], [ -74.479915386937648, 4.02844806259058, 0.0 ], [ -74.479749974754498, 4.028557224078713, 0.0 ], [ -74.479624767570186, 4.028711868673701, 0.0 ], [ -74.479624542093049, 4.028712147359424, 0.0 ], [ -74.479623665337328, 4.028713065857319, 0.0 ], [ -74.479476596752278, 4.028867081363756, 0.0 ], [ -74.479379433174529, 4.028992980062163, 0.0 ], [ -74.479379290342393, 4.028993162865573, 0.0 ], [ -74.479225739514234, 4.029193879206729, 0.0 ], [ -74.479088488616924, 4.029348807742734, 0.0 ], [ -74.478860650708043, 4.029567073112513, 0.0 ], [ -74.478632242368974, 4.029762180657457, 0.0 ], [ -74.478632188470044, 4.029762222773891, 0.0 ], [ -74.478375697896865, 4.029962945197934, 0.0 ], [ -74.478170367277414, 4.030163689078672, 0.0 ], [ -74.477879501771596, 4.030398945957901, 0.0 ], [ -74.477646039510716, 4.030611571033838, 0.0 ], [ -74.477474999382281, 4.030726387476417, 0.0 ], [ -74.477292362003567, 4.030823564308452, 0.0 ], [ -74.477292127543279, 4.030823696034178, 0.0 ], [ -74.477064225854008, 4.030887106274265, 0.0 ], [ -74.477063871917778, 4.030887229935109, 0.0 ], [ -74.476881338743638, 4.030956141285485, 0.0 ], [ -74.476476168007778, 4.031071069691018, 0.0 ], [ -74.476476031463861, 4.031071116287837, 0.0 ], [ -74.476322544416092, 4.031123139856729, 0.0 ], [ -74.476048546576337, 4.031312047859334, 0.0 ], [ -74.476048489982475, 4.03131209176787, 0.0 ], [ -74.475883146969593, 4.031473213691572, 0.0 ], [ -74.475712141875476, 4.031656415297251, 0.0 ], [ -74.475523668142358, 4.031794403638786, 0.0 ], [ -74.475523641192893, 4.031794425144997, 0.0 ], [ -74.475392584179474, 4.031903546755883, 0.0 ], [ -74.475255880356144, 4.032029651981356, 0.0 ], [ -74.475255854305004, 4.032029674383656, 0.0 ], [ -74.475101735741603, 4.032167631298615, 0.0 ], [ -74.474971198852714, 4.032321934692207, 0.0 ], [ -74.474970674236587, 4.032322555683639, 0.0 ], [ -74.474810917846483, 4.032500100969346, 0.0 ], [ -74.474679868917875, 4.032683849855294, 0.0 ], [ -74.474531964899626, 4.03293034388091, 0.0 ], [ -74.47438912288797, 4.03317683245522, 0.0 ], [ -74.474241244022537, 4.033464019584175, 0.0 ], [ -74.474104628234116, 4.033779461223808, 0.0 ], [ -74.473968012445695, 4.034077368059759, 0.0 ], [ -74.473825185705422, 4.034358912196158, 0.0 ], [ -74.473719065924271, 4.034587336974335, 0.0 ], [ -74.473718094845452, 4.034589430238358, 0.0 ], [ -74.473716182332225, 4.034593545079209, 0.0 ], [ -74.473705423210049, 4.0346167053961, 0.0 ], [ -74.47354626599622, 4.034857540931003, 0.0 ], [ -74.473460892806571, 4.034994723145293, 0.0 ], [ -74.47346057210801, 4.034995238396208, 0.0 ], [ -74.473403418594685, 4.035087075822609, 0.0 ], [ -74.473334236639701, 4.035193049928936, 0.0 ], [ -74.473334116265463, 4.035193235419203, 0.0 ], [ -74.473249881241273, 4.035322266758303, 0.0 ], [ -74.473072693941361, 4.035517339766353, 0.0 ], [ -74.473005385872085, 4.035583139506755, 0.0 ], [ -74.472867353440478, 4.035718083171179, 0.0 ], [ -74.472772238919859, 4.035792377806874, 0.0 ], [ -74.472769470312159, 4.035794540066493, 0.0 ], [ -74.472768702252594, 4.035795140445284, 0.0 ], [ -74.472690691655004, 4.035856083368131, 0.0 ], [ -74.472690178716988, 4.035856389830083, 0.0 ], [ -74.472559595115698, 4.035936392530881, 0.0 ], [ -74.472462818711833, 4.035987870070961, 0.0 ], [ -74.472274338690497, 4.036131516468415, 0.0 ], [ -74.472251821519578, 4.036120226663951, 0.0 ], [ -74.472217492401001, 4.03612589441644, 0.0 ], [ -74.472108873506741, 4.03613725053127, 0.0 ], [ -74.471809646482228, 4.036148501803721, 0.0 ], [ -74.471809135340834, 4.036148520621562, 0.0 ], [ -74.471808857761403, 4.036148530478521, 0.0 ], [ -74.471789196334768, 4.036149271542736, 0.0 ], [ -74.471788845991824, 4.036149230322722, 0.0 ], [ -74.471589384964446, 4.036126192813497, 0.0 ], [ -74.471349622818479, 4.036120657681959, 0.0 ], [ -74.471161636870548, 4.036115093875558, 0.0 ], [ -74.470910629613854, 4.036132734251087, 0.0 ], [ -74.470771097894058, 4.036129864083366, 0.0 ], [ -74.470769120702116, 4.036129822863313, 0.0 ], [ -74.470768313116665, 4.036129806733779, 0.0 ], [ -74.470642160904703, 4.036127207184379, 0.0 ], [ -74.470419857516276, 4.036144837702658, 0.0 ], [ -74.470419827871865, 4.036144841287028, 0.0 ], [ -74.470168856547787, 4.036167564269062, 0.0 ], [ -74.469871691156854, 4.036173931865384, 0.0 ], [ -74.469591979133583, 4.036202879964851, 0.0 ], [ -74.469329709698172, 4.036214308661656, 0.0 ], [ -74.469145690710533, 4.036231286826579, 0.0 ], [ -74.469145002601039, 4.036231350448741, 0.0 ], [ -74.46901567125127, 4.036243283642281, 0.0 ], [ -74.469015100821053, 4.036243412678861, 0.0 ], [ -74.468862037778109, 4.036277832284154, 0.0 ], [ -74.468725157885004, 4.036329170909069, 0.0 ], [ -74.468724733880194, 4.036329329516512, 0.0 ], [ -74.468724164348302, 4.036329615368292, 0.0 ], [ -74.468724705134107, 4.036329305322147, 0.0 ], [ -74.468683544327774, 4.036350035401327, 0.0 ], [ -74.468683473360883, 4.036350070348715, 0.0 ], [ -74.468633730948653, 4.03637507655489, 0.0 ], [ -74.469006264093608, 4.036061311606728, 0.0 ], [ -74.4692987842962, 4.035377641424784, 0.0 ], [ -74.46934735889856, 4.034840574386516, 0.0 ], [ -74.469932902360313, 4.034693821916535, 0.0 ], [ -74.470713643445109, 4.034449341042266, 0.0 ], [ -74.471006240004499, 4.033912143457266, 0.0 ], [ -74.471054814606873, 4.033375083514944, 0.0 ], [ -74.470859273827401, 4.032789287516534, 0.0 ], [ -74.47002927003075, 4.032106173742378, 0.0 ], [ -74.469638521746774, 4.031422844331892, 0.0 ], [ -74.469736139872055, 4.031325144253372, 0.0 ], [ -74.469833606182064, 4.031080980478636, 0.0 ], [ -74.469882304751934, 4.030788017186842, 0.0 ], [ -74.469882212225471, 4.030592727981046, 0.0 ], [ -74.469930900015555, 4.030446239091632, 0.0 ], [ -74.47012608057058, 4.030299671319578, 0.0 ], [ -74.470272370316295, 4.030006678175186, 0.0 ], [ -74.47129701747545, 4.029548083076035, 0.0 ], [ -74.471589455033055, 4.028864402038666, 0.0 ], [ -74.471638005380882, 4.02827851945356, 0.0 ], [ -74.471589110079975, 4.028132077640415, 0.0 ], [ -74.471491430869236, 4.027936820952546, 0.0 ], [ -74.471686613220911, 4.027790268858069, 0.0 ], [ -74.471979280747206, 4.02759484989461, 0.0 ], [ -74.472369665213506, 4.0274970023964, 0.0 ], [ -74.472808851555897, 4.027350333730102, 0.0 ], [ -74.472906281034994, 4.027008519242758, 0.0 ], [ -74.47310134031747, 4.026617847567683, 0.0 ], [ -74.47339408689551, 4.026422421153966, 0.0 ], [ -74.473540383827753, 4.02615483637806, 0.0 ], [ -74.473442620175391, 4.025959597137772, 0.0 ], [ -74.473540176316916, 4.025715438921489, 0.0 ], [ -74.47354005863761, 4.025471320060384, 0.0 ], [ -74.473539920297057, 4.025178381631686, 0.0 ], [ -74.473490941452823, 4.024885478941582, 0.0 ], [ -74.473686024989817, 4.024690080787208, 0.0 ], [ -74.474222639912995, 4.024201619247915, 0.0 ], [ -74.474222407249329, 4.023713390401934, 0.0 ], [ -74.474320003815066, 4.023566860845809, 0.0 ], [ -74.475539629408317, 4.022736300976178, 0.0 ], [ -74.475832269086851, 4.022296738584577, 0.0 ], [ -74.47592968059962, 4.021931565948211, 0.0 ], [ -74.475734360805717, 4.021638717649053, 0.0 ], [ -74.475587830311525, 4.021394671046627, 0.0 ], [ -74.475636467795937, 4.021150539241289, 0.0 ], [ -74.475880454718691, 4.020955130333917, 0.0 ], [ -74.476026675294122, 4.020710950903397, 0.0 ], [ -74.476026559411451, 4.020466831438712, 0.0 ], [ -74.476026418375952, 4.020173893002787, 0.0 ], [ -74.476075066640149, 4.019783300491554, 0.0 ], [ -74.476221368063946, 4.019539104580137, 0.0 ], [ -74.477001913316016, 4.018904027117062, 0.0 ], [ -74.477148008127301, 4.018220447366187, 0.0 ], [ -74.477391340178201, 4.016825222713502, 0.0 ], [ -74.47734227689233, 4.016337019021458, 0.0 ], [ -74.477252674434311, 4.013310204096602, 0.0 ], [ -74.477496346048397, 4.012437998563027, 0.0 ], [ -74.477496205911208, 4.012145058141011, 0.0 ], [ -74.477593643475132, 4.011852087146053, 0.0 ], [ -74.477593550050344, 4.011656782649625, 0.0 ], [ -74.477886054981582, 4.010973125140639, 0.0 ], [ -74.477934671804761, 4.010680160894398, 0.0 ], [ -74.478032147996231, 4.010435997208171, 0.0 ], [ -74.478032028520303, 4.010191885423699, 0.0 ], [ -74.478129592746683, 4.009996541101345, 0.0 ], [ -74.47851975712571, 4.009459310369712, 0.0 ], [ -74.478470762111826, 4.009117580684669, 0.0 ], [ -74.478275498911771, 4.008922387549358, 0.0 ], [ -74.478226569474856, 4.008727097586781, 0.0 ], [ -74.477738617188948, 4.008824993038723, 0.0 ], [ -74.47734837914804, 4.009215751197735, 0.0 ], [ -74.476958089004881, 4.009460062211619, 0.0 ], [ -74.476762979416748, 4.009753089623395, 0.0 ], [ -74.476275304710242, 4.010436839556846, 0.0 ], [ -74.476177803365943, 4.010632193631225, 0.0 ], [ -74.476031413907251, 4.010681077620381, 0.0 ], [ -74.475884969651304, 4.010632331632999, 0.0 ], [ -74.475787223965256, 4.010290615880083, 0.0 ], [ -74.475738306206438, 4.010095352231761, 0.0 ], [ -74.475640573995108, 4.009802459360132, 0.0 ], [ -74.475298748859828, 4.009460860651565, 0.0 ], [ -74.47539615677934, 4.008923771154434, 0.0 ], [ -74.475444685567624, 4.008435527790913, 0.0 ], [ -74.475346835676987, 4.007898514686405, 0.0 ], [ -74.474858652524034, 4.007508170800899, 0.0 ], [ -74.474712078910699, 4.007166478833482, 0.0 ], [ -74.474663193491239, 4.007068843057609, 0.0 ], [ -74.474955343587951, 4.005624795721225, 0.0 ], [ -74.474906285691986, 4.005136592506202, 0.0 ], [ -74.47475975250282, 4.004746060909473, 0.0 ], [ -74.474125216722101, 4.004648736695202, 0.0 ], [ -74.473637331809826, 4.004893087606498, 0.0 ], [ -74.473247010225634, 4.005088553228133, 0.0 ], [ -74.47285664462396, 4.005186375633599, 0.0 ], [ -74.472451826027708, 4.005137762840748, 0.0 ], [ -74.471963543161749, 4.004698570931213, 0.0 ], [ -74.471377862257754, 4.004503558654213, 0.0 ], [ -74.470938780119923, 4.004845538492732, 0.0 ], [ -74.470890112092775, 4.005040841927732, 0.0 ], [ -74.470743749583534, 4.005138570246157, 0.0 ], [ -74.470353259116038, 4.004992273036204, 0.0 ], [ -74.470011505845989, 4.00479714702173, 0.0 ], [ -74.469767465024319, 4.004699607744242, 0.0 ], [ -74.469572291655822, 4.004699700940932, 0.0 ], [ -74.469425927349945, 4.004797422131096, 0.0 ], [ -74.469230795303929, 4.005041624241834, 0.0 ], [ -74.469084467828978, 4.005236983189561, 0.0 ], [ -74.468927575267969, 4.005284736596245, 0.0 ], [ -74.468547681327593, 4.005334895189369, 0.0 ], [ -74.467815561557558, 4.005091120616121, 0.0 ], [ -74.467571514447684, 4.004993581373708, 0.0 ], [ -74.467181288084888, 4.005384356597249, 0.0 ], [ -74.466839769275111, 4.005530977236738, 0.0 ], [ -74.466693342087183, 4.005531045341955, 0.0 ], [ -74.466682336826636, 4.005522135210998, 0.0 ], [ -74.46667034880916, 4.005515478824244, 0.0 ], [ -74.466669069608201, 4.005502157089395, 0.0 ], [ -74.466654380356687, 4.005482187032432, 0.0 ], [ -74.466639688410197, 4.005459536676862, 0.0 ], [ -74.466630389948691, 4.005443556149872, 0.0 ], [ -74.466626424785019, 4.005428896505078, 0.0 ], [ -74.466625065634005, 4.005408919277338, 0.0 ], [ -74.466622355416789, 4.005378288064846, 0.0 ], [ -74.466622339247124, 4.005345491822448, 0.0 ], [ -74.466616987084649, 4.005269543756407, 0.0 ], [ -74.466618324676119, 4.005245573408305, 0.0 ], [ -74.466723269460857, 4.00479850106173, 0.0 ], [ -74.466797448743762, 4.004566206548179, 0.0 ], [ -74.466871639704763, 4.004336183638689, 0.0 ], [ -74.466871524720418, 4.004094622190664, 0.0 ], [ -74.466852869406921, 4.003918123665871, 0.0 ], [ -74.466787799041001, 4.003778781047625, 0.0 ], [ -74.466555471352308, 4.003435159065608, 0.0 ], [ -74.466388228402622, 4.003258697139712, 0.0 ], [ -74.466174565010604, 4.00309561519803, 0.0 ], [ -74.465998129600592, 4.00312356529408, 0.0 ], [ -74.465747466398668, 4.003309488520157, 0.0 ], [ -74.465450496840447, 4.003746269708234, 0.0 ], [ -74.465311431346265, 4.004253416883829, 0.0 ], [ -74.465144466874307, 4.004671560920845, 0.0 ], [ -74.464884685772233, 4.005205739919777, 0.0 ], [ -74.464587601229667, 4.005391687764238, 0.0 ], [ -74.464401867358163, 4.005401051333899, 0.0 ], [ -74.464009117627754, 4.005382664720524, 0.0 ], [ -74.463711918999138, 4.005317765832568, 0.0 ], [ -74.463173134644563, 4.005002128581188, 0.0 ], [ -74.463061633056554, 4.004862833641938, 0.0 ], [ -74.462820090449696, 4.004677129422432, 0.0 ], [ -74.462539640011244, 4.004556486312376, 0.0 ], [ -74.462251740742474, 4.004528752230694, 0.0 ], [ -74.461936033225754, 4.004621802853547, 0.0 ], [ -74.461713255526874, 4.004844880739355, 0.0 ], [ -74.461469276688959, 4.00520732426228, 0.0 ], [ -74.461218635944903, 4.005439692971899, 0.0 ], [ -74.460928270800679, 4.005909746876513, 0.0 ], [ -74.460779783775791, 4.006142058931052, 0.0 ], [ -74.460538410950534, 4.006318709316581, 0.0 ], [ -74.460334152919543, 4.006420992460356, 0.0 ], [ -74.459983113764395, 4.006558886498992, 0.0 ], [ -74.459790355965666, 4.006751887393695, 0.0 ], [ -74.459694017041329, 4.006848386031679, 0.0 ], [ -74.459629784803582, 4.006912718450722, 0.0 ], [ -74.459469056436305, 4.006912791932526, 0.0 ], [ -74.459501049935156, 4.006623413398814, 0.0 ], [ -74.459629389544858, 4.006044621075537, 0.0 ], [ -74.459886218782898, 4.0054336271283, 0.0 ], [ -74.459950221950251, 4.004887011005359, 0.0 ], [ -74.460142767746575, 4.004211727477474, 0.0 ], [ -74.460302916700485, 4.003129162482171, 0.0 ], [ -74.460591760996934, 4.002260924882857, 0.0 ], [ -74.460752377074783, 4.002035797751635, 0.0 ], [ -74.46155553112591, 4.001424549897104, 0.0 ], [ -74.462133789250728, 4.000942000524705, 0.0 ], [ -74.462808334197561, 4.000105742481039, 0.0 ], [ -74.463065190385066, 3.99955904931906, 0.0 ], [ -74.463225581884103, 3.999016924253486, 0.0 ], [ -74.463289506898022, 3.998116629551168, 0.0 ], [ -74.463160623807596, 3.997473655779004, 0.0 ], [ -74.462774752477301, 3.996927261961315, 0.0 ], [ -74.462517598049118, 3.996830924353936, 0.0 ], [ -74.462003037664488, 3.996059529481818, 0.0 ], [ -74.46193850269448, 3.995609424093008, 0.0 ], [ -74.462002713372669, 3.995352173279785, 0.0 ], [ -74.462162997073861, 3.994565101859188, 0.0 ], [ -74.462195026505313, 3.994340024590081, 0.0 ], [ -74.462162776088306, 3.994082833419765, 0.0 ], [ -74.462162630561238, 3.993761309618327, 0.0 ], [ -74.462226348962645, 3.99241091186137, 0.0 ], [ -74.462258239155233, 3.991896469982331, 0.0 ], [ -74.462354058853322, 3.990650104425988, 0.0 ], [ -74.462450162419046, 3.990039161734419, 0.0 ], [ -74.462417884154263, 3.989717649791501, 0.0 ], [ -74.462321337719104, 3.989364032660134, 0.0 ], [ -74.462256921326713, 3.989010392973062, 0.0 ], [ -74.462256802749096, 3.988753186691282, 0.0 ], [ -74.462192386356705, 3.988560298057628, 0.0 ], [ -74.462031498089317, 3.988013799731467, 0.0 ], [ -74.461709961404708, 3.987628118854966, 0.0 ], [ -74.46158124180765, 3.987338812375638, 0.0 ], [ -74.461709442178503, 3.986487467365369, 0.0 ], [ -74.463316125776544, 3.986100901280375, 0.0 ], [ -74.463926700793678, 3.986068465412506, 0.0 ], [ -74.464440853343177, 3.98597177255493, 0.0 ], [ -74.465083483842918, 3.985778562449536, 0.0 ], [ -74.466176336488346, 3.986035271407026, 0.0 ], [ -74.467012007756111, 3.986259944999509, 0.0 ], [ -74.467911807057092, 3.986227380093483, 0.0 ], [ -74.468940159766802, 3.986130434542453, 0.0 ], [ -74.469222925163734, 3.985249292418377, 0.0 ], [ -74.469861998334935, 3.98501647977551, 0.0 ], [ -74.470733372245391, 3.98472543923534, 0.0 ], [ -74.471953443403009, 3.984608595529815, 0.0 ], [ -74.472650813642915, 3.984898899481383, 0.0 ], [ -74.473348133577161, 3.985072960106865, 0.0 ], [ -74.473755084773899, 3.985537795792878, 0.0 ], [ -74.473871586384789, 3.986119040094623, 0.0 ], [ -74.473987932587136, 3.986525863455464, 0.0 ], [ -74.474046188333304, 3.986816490237238, 0.0 ], [ -74.473814177749915, 3.987630394155797, 0.0 ], [ -74.474221053488193, 3.987920835046006, 0.0 ], [ -74.474918734545184, 3.988850574625726, 0.0 ], [ -74.477533273993089, 3.988733056713574, 0.0 ], [ -74.478114363607673, 3.988907175672439, 0.0 ], [ -74.479102214874473, 3.989139212949381, 0.0 ], [ -74.480206132967552, 3.989022411989748, 0.0 ], [ -74.481948693040536, 3.98791712950617, 0.0 ], [ -74.482645544054208, 3.987103004524684, 0.0 ], [ -74.483256734417324, 3.986909869961026, 0.0 ], [ -74.483651621239801, 3.986785087648712, 0.0 ], [ -74.483662627398658, 3.986782878660002, 0.0 ] ], [ [ -74.488586363539511, 3.991477621338755, 0.0 ], [ -74.488621313393963, 3.991484069935852, 0.0 ], [ -74.488625354016108, 3.991478382158502, 0.0 ], [ -74.48864286038436, 3.991453741993231, 0.0 ], [ -74.488718357495785, 3.991453704355539, 0.0 ], [ -74.488815963044658, 3.991261881862389, 0.0 ], [ -74.488749290084272, 3.991141499346158, 0.0 ], [ -74.488647106720705, 3.991052350765176, 0.0 ], [ -74.488509361749976, 3.990896324370701, 0.0 ], [ -74.488322728664869, 3.990664503559155, 0.0 ], [ -74.488047282740879, 3.990446104133181, 0.0 ], [ -74.48783858793071, 3.990499725413057, 0.0 ], [ -74.487771976055754, 3.990508676929607, 0.0 ], [ -74.487705367774069, 3.990522090314137, 0.0 ], [ -74.487598081081373, 3.990583730225822, 0.0 ], [ -74.487604695376803, 3.990608687649795, 0.0 ], [ -74.487625517426778, 3.990614747330167, 0.0 ], [ -74.487746410901096, 3.990618060349696, 0.0 ], [ -74.487924398599915, 3.990628092606515, 0.0 ], [ -74.488038585252298, 3.990651642197523, 0.0 ], [ -74.488142712570152, 3.990705551124004, 0.0 ], [ -74.48825024899449, 3.99086400339766, 0.0 ], [ -74.488448505381072, 3.991123581092435, 0.0 ], [ -74.488539272954, 3.991322510876575, 0.0 ], [ -74.488586363539511, 3.991477621338755, 0.0 ] ] ] } },
{ "type": "Feature", "properties": { "OBJECTID": 6652, "DPTOMPIO": "25120", "CODIGO_VER": "25120001", "NOM_DEP": "CUNDINAMARCA", "NOMB_MPIO": "CABRERA", "NOMBRE_VER": "ALTO ARIARI", "VIGENCIA": "2010", "FUENTE": "EOT CABRERA", "DESCRIPCIO": "NULL", "SEUDONIMOS": "NULL", "AREA_HA": 1904.50957331, "COD_DPTO": "25", "ShapeSTAre": 19264292.519287109, "ShapeSTLen": 21404.964981136683 }, "geometry": { "type": "Polygon", "coordinates": [ [ [ -74.485187927225226, 3.986561560364954, 0.0 ], [ -74.485187344218602, 3.986559544942245, 0.0 ], [ -74.485164194633725, 3.986357156689419, 0.0 ], [ -74.485177403461662, 3.986125175084016, 0.0 ], [ -74.485192623617536, 3.985749913667553, 0.0 ], [ -74.485260314369143, 3.985442845870844, 0.0 ], [ -74.485282607859531, 3.985199488365945, 0.0 ], [ -74.485331953216416, 3.984815117227345, 0.0 ], [ -74.485372482507088, 3.984587658024985, 0.0 ], [ -74.48542899372498, 3.984378387796447, 0.0 ], [ -74.485449094427764, 3.984180522743279, 0.0 ], [ -74.485460180536705, 3.984028145040741, 0.0 ], [ -74.485468958873653, 3.983857563027684, 0.0 ], [ -74.485482313228658, 3.983696091187663, 0.0 ], [ -74.485456669920552, 3.983384539209985, 0.0 ], [ -74.485410649228555, 3.9831253085681, 0.0 ], [ -74.48530326821276, 3.982913881841086, 0.0 ], [ -74.485186869009809, 3.982752496742005, 0.0 ], [ -74.485056767803854, 3.98256609927903, 0.0 ], [ -74.484944970670114, 3.982427451133716, 0.0 ], [ -74.484939422674913, 3.982423246415682, 0.0 ], [ -74.484924542980536, 3.982402613544978, 0.0 ], [ -74.484905958633945, 3.982375491678662, 0.0 ], [ -74.484891318789764, 3.982360240165224, 0.0 ], [ -74.484853594039407, 3.982321260489424, 0.0 ], [ -74.48478828292501, 3.982265905529025, 0.0 ], [ -74.484766889546506, 3.982245567486567, 0.0 ], [ -74.484727482251614, 3.982221285503125, 0.0 ], [ -74.484691453520512, 3.982197562714374, 0.0 ], [ -74.484645852341757, 3.982164804976013, 0.0 ], [ -74.484611510646758, 3.982139953041001, 0.0 ], [ -74.484591244653942, 3.982128659802467, 0.0 ], [ -74.48455803034463, 3.982106067051857, 0.0 ], [ -74.484530443082249, 3.982086300746939, 0.0 ], [ -74.484507925911345, 3.982070485551937, 0.0 ], [ -74.484493852904095, 3.982063708891336, 0.0 ], [ -74.484483719907686, 3.982059193208551, 0.0 ], [ -74.484451636577319, 3.982048472606572, 0.0 ], [ -74.484499374848156, 3.981844415514631, 0.0 ], [ -74.484519588738678, 3.981748888943861, 0.0 ], [ -74.484412577828778, 3.98157768811683, 0.0 ], [ -74.484396271609725, 3.981607651691914, 0.0 ], [ -74.484247792669677, 3.98180667160095, 0.0 ], [ -74.484148235980001, 3.981920320941151, 0.0 ], [ -74.484134163871076, 3.981914110644073, 0.0 ], [ -74.48407562964718, 3.981905097199807, 0.0 ], [ -74.483965878875637, 3.981888193182964, 0.0 ], [ -74.483884839158918, 3.98188484338621, 0.0 ], [ -74.483812800561338, 3.981884877439811, 0.0 ], [ -74.483752023244165, 3.981889427177101, 0.0 ], [ -74.483659320700113, 3.981898363552901, 0.0 ], [ -74.483651853903453, 3.981899085847226, 0.0 ], [ -74.483641675991294, 3.981901976816742, 0.0 ], [ -74.483503059654737, 3.981866737636067, 0.0 ], [ -74.483352696947534, 3.981796333650411, 0.0 ], [ -74.483238729484086, 3.981716817636233, 0.0 ], [ -74.483113321077155, 3.981603200529237, 0.0 ], [ -74.483108975926129, 3.981598502029923, 0.0 ], [ -74.483006117927772, 3.98148728389277, 0.0 ], [ -74.482930736699018, 3.981348611369726, 0.0 ], [ -74.482859884775934, 3.98119629049627, 0.0 ], [ -74.482811813230143, 3.981053043986331, 0.0 ], [ -74.482722576386436, 3.980812040259994, 0.0 ], [ -74.482642337068626, 3.980594844432804, 0.0 ], [ -74.483477129784063, 3.980308098464862, 0.0 ], [ -74.483898602247379, 3.980135796867626, 0.0 ], [ -74.485059122288206, 3.979555289455262, 0.0 ], [ -74.48555340140868, 3.979275816275863, 0.0 ], [ -74.485918606995853, 3.978803088243453, 0.0 ], [ -74.486649137646154, 3.978098804432078, 0.0 ], [ -74.486950017570777, 3.977969774820108, 0.0 ], [ -74.48746557418707, 3.977239230359006, 0.0 ], [ -74.487701838293333, 3.97685248428501, 0.0 ], [ -74.488861930736064, 3.975421837769164, 0.0 ], [ -74.489635413433376, 3.974648195868877, 0.0 ], [ -74.490022303453188, 3.974562086154222, 0.0 ], [ -74.490817473278057, 3.97417995312736, 0.0 ], [ -74.491419017531655, 3.973470838670007, 0.0 ], [ -74.491891503523348, 3.972611432730127, 0.0 ], [ -74.49320840318714, 3.971180697307052, 0.0 ], [ -74.493981856240026, 3.970364101202613, 0.0 ], [ -74.49481967627797, 3.969316074467904, 0.0 ], [ -74.495145315568479, 3.969285028780399, 0.0 ], [ -74.495206787283351, 3.969702513107741, 0.0 ], [ -74.495228427698549, 3.969981733229996, 0.0 ], [ -74.49548665561349, 3.970561546586273, 0.0 ], [ -74.495551265143675, 3.970797787536589, 0.0 ], [ -74.495594309717134, 3.970902351345124, 0.0 ], [ -74.495529920274208, 3.971095693090114, 0.0 ], [ -74.495594708569115, 3.971718566946054, 0.0 ], [ -74.495638086417571, 3.972491805635019, 0.0 ], [ -74.495899744998582, 3.972939501362081, 0.0 ], [ -74.495913726377651, 3.97297002982982, 0.0 ], [ -74.495958660108172, 3.972980480806815, 0.0 ], [ -74.496005085940368, 3.97298345156557, 0.0 ], [ -74.496044018924792, 3.972992414922639, 0.0 ], [ -74.496076957451308, 3.972989399356102, 0.0 ], [ -74.496133870216127, 3.972992371010959, 0.0 ], [ -74.496474521253347, 3.972983214084073, 0.0 ], [ -74.496561371273316, 3.972978684013056, 0.0 ], [ -74.496855482392277, 3.973020428773429, 0.0 ], [ -74.49710602072841, 3.973070550801675, 0.0 ], [ -74.497266714959679, 3.973103393140272, 0.0 ], [ -74.498335618519633, 3.97373498238678, 0.0 ], [ -74.498868980643167, 3.97395672801075, 0.0 ], [ -74.499624619205647, 3.974355978597696, 0.0 ], [ -74.499713576673301, 3.974533545416751, 0.0 ], [ -74.499580621519655, 3.97524405785675, 0.0 ], [ -74.499225565098556, 3.97613229388215, 0.0 ], [ -74.499048230474955, 3.976957357394614, 0.0 ], [ -74.499625853490841, 3.976823859388523, 0.0 ], [ -74.500292486974985, 3.976956729191936, 0.0 ], [ -74.500781490289782, 3.977356112748778, 0.0 ], [ -74.501004012867128, 3.978022041036786, 0.0 ], [ -74.501004234751008, 3.978466076570502, 0.0 ], [ -74.501048855867808, 3.978821272922215, 0.0 ], [ -74.50264864130277, 3.978864866144344, 0.0 ], [ -74.503581911831233, 3.979042000047718, 0.0 ], [ -74.504381681030367, 3.978819578302287, 0.0 ], [ -74.505758660918687, 3.977664391574149, 0.0 ], [ -74.506424782363112, 3.976775996788563, 0.0 ], [ -74.50771283442819, 3.97553205572151, 0.0 ], [ -74.512922423475615, 3.97029992723084, 0.0 ], [ -74.514920914471332, 3.968008618332863, 0.0 ], [ -74.51910888547873, 3.963770992195359, 0.0 ], [ -74.522815681090705, 3.961147466945898, 0.0 ], [ -74.52310671188657, 3.960941486883014, 0.0 ], [ -74.523321112795429, 3.960797441955227, 0.0 ], [ -74.523321159507816, 3.960797458086288, 0.0 ], [ -74.526116316023376, 3.961673140882143, 0.0 ], [ -74.527164890708448, 3.961935968315255, 0.0 ], [ -74.527996539320398, 3.963020555489463, 0.0 ], [ -74.528026513406473, 3.963059646305751, 0.0 ], [ -74.52909357991166, 3.964829778155748, 0.0 ], [ -74.529106560567513, 3.964851313008339, 0.0 ], [ -74.529861636784631, 3.966103873345933, 0.0 ], [ -74.530071055636938, 3.966628724141662, 0.0 ], [ -74.530073806278338, 3.966635616534174, 0.0 ], [ -74.530658453221434, 3.968100803812018, 0.0 ], [ -74.53093795234399, 3.968661448705612, 0.0 ], [ -74.531527173508522, 3.969843364362115, 0.0 ], [ -74.531600502086832, 3.972240269557184, 0.0 ], [ -74.531506117896569, 3.973433236861575, 0.0 ], [ -74.531488024928436, 3.973661912539106, 0.0 ], [ -74.531486274111941, 3.973684039520269, 0.0 ], [ -74.531444395551716, 3.974213330426413, 0.0 ], [ -74.531394399814573, 3.97484519931926, 0.0 ], [ -74.531313190316254, 3.975871735546694, 0.0 ], [ -74.531317715130356, 3.975910169770355, 0.0 ], [ -74.531424237356731, 3.976852921607348, 0.0 ], [ -74.531822115569113, 3.980374281718658, 0.0 ], [ -74.531751474750109, 3.984006182331844, 0.0 ], [ -74.53182208322977, 3.980374303226218, 0.0 ], [ -74.531746227690562, 3.979703192616863, 0.0 ], [ -74.531561474779323, 3.98000286395038, 0.0 ], [ -74.531310544777753, 3.980368556226215, 0.0 ], [ -74.531173540018813, 3.980677192383394, 0.0 ], [ -74.53103648046266, 3.98105444645749, 0.0 ], [ -74.530910862748286, 3.981374533328558, 0.0 ], [ -74.530796671604307, 3.981660320943888, 0.0 ], [ -74.530671079941072, 3.981946100394645, 0.0 ], [ -74.530568265061859, 3.982243330705128, 0.0 ], [ -74.530488154203127, 3.982609213760925, 0.0 ], [ -74.53045374513448, 3.982826474475247, 0.0 ], [ -74.530396597909373, 3.983020831444182, 0.0 ], [ -74.530384988980956, 3.983215243032109, 0.0 ], [ -74.530384826385884, 3.983363920701712, 0.0 ], [ -74.530373177033283, 3.983604066070116, 0.0 ], [ -74.530361550138565, 3.983821355198368, 0.0 ], [ -74.530338173279915, 3.984370287550052, 0.0 ], [ -74.530326461045235, 3.984667628106638, 0.0 ], [ -74.530334297049478, 3.984979624981654, 0.0 ], [ -74.530311221126453, 3.985306232455134, 0.0 ], [ -74.530264849193173, 3.985516222946449, 0.0 ], [ -74.53031148972272, 3.985796134908798, 0.0 ], [ -74.530311638843045, 3.986076089790684, 0.0 ], [ -74.530381519687324, 3.986371728853183, 0.0 ], [ -74.530381039986963, 3.986817763654184, 0.0 ], [ -74.530403475411177, 3.987126580204829, 0.0 ], [ -74.530482941279544, 3.987355384708386, 0.0 ], [ -74.530482786769312, 3.987492639420342, 0.0 ], [ -74.530471156281322, 3.987709915871272, 0.0 ], [ -74.53048223430541, 3.987995849148501, 0.0 ], [ -74.530504633797023, 3.988338966799084, 0.0 ], [ -74.530615144543262, 3.988525429267914, 0.0 ], [ -74.530661833581846, 3.98889867041575, 0.0 ], [ -74.530571974205657, 3.989242534172987, 0.0 ], [ -74.530582681225525, 3.98986011515202, 0.0 ], [ -74.530548082612356, 3.99026036259498, 0.0 ], [ -74.53053633624171, 3.990580576718591, 0.0 ], [ -74.530524608735675, 3.99088934794427, 0.0 ], [ -74.530558516544374, 3.991118117346755, 0.0 ], [ -74.530546961514887, 3.99127821932821, 0.0 ], [ -74.530535214245916, 3.991609866856814, 0.0 ], [ -74.530523551418582, 3.991850020569581, 0.0 ], [ -74.530454653331248, 3.992364592417357, 0.0 ], [ -74.530420273906984, 3.992570416764736, 0.0 ], [ -74.530340227726981, 3.992867675494213, 0.0 ], [ -74.530134694986586, 3.993370661480196, 0.0 ], [ -74.529906376479047, 3.993873617585543, 0.0 ], [ -74.529735061466155, 3.994319460124724, 0.0 ], [ -74.529575256567, 3.994662378879943, 0.0 ], [ -74.529472548587307, 3.994868122895188, 0.0 ], [ -74.529267089508778, 3.995291046313798, 0.0 ], [ -74.529061600785852, 3.995748281500971, 0.0 ], [ -74.528867651821074, 3.996068294542434, 0.0 ], [ -74.528620342030095, 3.996458270193993, 0.0 ], [ -74.528388049375707, 3.996761664217101, 0.0 ], [ -74.528080736615337, 3.997108145861072, 0.0 ], [ -74.527784011398893, 3.997391872281378, 0.0 ], [ -74.527621468434759, 3.997718561742573, 0.0 ], [ -74.527412363992809, 3.997905301672931, 0.0 ], [ -74.527272991274799, 3.998091999442683, 0.0 ], [ -74.527110398004993, 3.998325379212177, 0.0 ], [ -74.526971078287573, 3.998605406888664, 0.0 ], [ -74.526645933070512, 3.999142134847704, 0.0 ], [ -74.526506628624446, 3.999416596396189, 0.0 ], [ -74.526346605434682, 3.999953934982619, 0.0 ], [ -74.526209787525332, 4.000102467137151, 0.0 ], [ -74.526027146553332, 4.000491100264265, 0.0 ], [ -74.525901495601289, 4.000834061244426, 0.0 ], [ -74.525730156333893, 4.001302772708891, 0.0 ], [ -74.525593105760876, 4.001657150880749, 0.0 ], [ -74.525376203043947, 4.002137248034636, 0.0 ], [ -74.525284922532975, 4.0022972609407, 0.0 ], [ -74.525102119864229, 4.002834578818883, 0.0 ], [ -74.525056325547681, 4.003051821634277, 0.0 ], [ -74.524964755779209, 4.003474873455925, 0.0 ], [ -74.524918961462646, 4.003692121478142, 0.0 ], [ -74.52487297670325, 4.004080910619337, 0.0 ], [ -74.5248500337309, 4.004241002900431, 0.0 ], [ -74.524770102535228, 4.004435332394882, 0.0 ], [ -74.5246900267108, 4.00475546570813, 0.0 ], [ -74.524552968951284, 4.005121286752335, 0.0 ], [ -74.524370264198907, 4.005555671642209, 0.0 ], [ -74.524164728763566, 4.006058652528911, 0.0 ], [ -74.523970747459444, 4.006401541279287, 0.0 ], [ -74.523788110979027, 4.006790174104501, 0.0 ], [ -74.523616795067809, 4.007236016783422, 0.0 ], [ -74.523263033119036, 4.007898947511566, 0.0 ], [ -74.523137436065909, 4.0081847160304, 0.0 ], [ -74.52297755301332, 4.008596252774991, 0.0 ], [ -74.522772251139969, 4.008881945776223, 0.0 ], [ -74.522532792624588, 4.009156154042177, 0.0 ], [ -74.522270471985209, 4.009510402460394, 0.0 ], [ -74.522144929729293, 4.009750420092748, 0.0 ], [ -74.521893935049036, 4.010161870021999, 0.0 ], [ -74.521665773746648, 4.010516140407224, 0.0 ], [ -74.521460544636824, 4.010733216297313, 0.0 ], [ -74.521072976388979, 4.011064445528462, 0.0 ], [ -74.520833611298372, 4.011258598659108, 0.0 ], [ -74.520582841196912, 4.011464178995515, 0.0 ], [ -74.520469244737654, 4.011556333610912, 0.0 ], [ -74.520190411266725, 4.011766436560496, 0.0 ], [ -74.519934747143608, 4.011836555697176, 0.0 ], [ -74.519586186440321, 4.012070031015481, 0.0 ], [ -74.519272266571036, 4.01228613869007, 0.0 ], [ -74.518941879684263, 4.012400141355062, 0.0 ], [ -74.518896285692009, 4.012434405148239, 0.0 ], [ -74.518622762162721, 4.012628513147654, 0.0 ], [ -74.518280836416139, 4.012868299563033, 0.0 ], [ -74.518041493783414, 4.013039588844623, 0.0 ], [ -74.517722347515786, 4.013290828352934, 0.0 ], [ -74.517551352303144, 4.013439321345131, 0.0 ], [ -74.517323357189085, 4.013644919054937, 0.0 ], [ -74.517106746424616, 4.013850534635186, 0.0 ], [ -74.51693572605916, 4.014033336057291, 0.0 ], [ -74.516867242095159, 4.014170501169001, 0.0 ], [ -74.516775924753262, 4.014353379585033, 0.0 ], [ -74.516650395073782, 4.014593405651658, 0.0 ], [ -74.516194441676589, 4.014970306285202, 0.0 ], [ -74.516034878424236, 4.01508449317422, 0.0 ], [ -74.515750066665092, 4.015175663451859, 0.0 ], [ -74.515647547331611, 4.015198421071369, 0.0 ], [ -74.515153831454839, 4.015234951010163, 0.0 ], [ -74.515080800218868, 4.015144025377304, 0.0 ], [ -74.514893918300416, 4.014936030948979, 0.0 ], [ -74.514772706822512, 4.014785110664748, 0.0 ], [ -74.514609177508163, 4.014594586726046, 0.0 ], [ -74.514474847932163, 4.014460034745824, 0.0 ], [ -74.514381192275607, 4.014383377806572, 0.0 ], [ -74.514211238210351, 4.014272768992312, 0.0 ], [ -74.514087046122327, 4.01423583127974, 0.0 ], [ -74.513914380043246, 4.014179974859795, 0.0 ], [ -74.513776991703693, 4.014157132081303, 0.0 ], [ -74.513621248986269, 4.014130331177431, 0.0 ], [ -74.513429196365053, 4.014106998224523, 0.0 ], [ -74.513086178267045, 4.014063528746837, 0.0 ], [ -74.51293461002075, 4.014025207428402, 0.0 ], [ -74.512694099578155, 4.013982958450535, 0.0 ], [ -74.512462148283589, 4.013924487159148, 0.0 ], [ -74.51229192652039, 4.013873108588744, 0.0 ], [ -74.512094553177732, 4.013827163141486, 0.0 ], [ -74.511950852376685, 4.013752137962697, 0.0 ], [ -74.511744561458215, 4.013576669363493, 0.0 ], [ -74.51161175901818, 4.013419296819198, 0.0 ], [ -74.511470039900658, 4.013200719758213, 0.0 ], [ -74.511281090060422, 4.012931298988429, 0.0 ], [ -74.51114377538272, 4.012708018995214, 0.0 ], [ -74.510968467358381, 4.012438148213964, 0.0 ], [ -74.510738876836385, 4.012179166021082, 0.0 ], [ -74.510495428902814, 4.011982123141872, 0.0 ], [ -74.510284674255701, 4.011809081735467, 0.0 ], [ -74.510087098792113, 4.01162193545341, 0.0 ], [ -74.509838211559497, 4.011466073381503, 0.0 ], [ -74.509632101202385, 4.011363479917166, 0.0 ], [ -74.509406849543211, 4.011368559094613, 0.0 ], [ -74.509255077379322, 4.01139174247466, 0.0 ], [ -74.509114978822566, 4.011423643256111, 0.0 ], [ -74.508964487656272, 4.011485498454761, 0.0 ], [ -74.508833878003855, 4.011528480583406, 0.0 ], [ -74.50871697664266, 4.011573300640344, 0.0 ], [ -74.508537781608112, 4.011661146726081, 0.0 ], [ -74.508327043130663, 4.011759136814639, 0.0 ], [ -74.508194459879576, 4.011811296929527, 0.0 ], [ -74.508039585833004, 4.011877852216863, 0.0 ], [ -74.5079182225398, 4.011925084593464, 0.0 ], [ -74.507741877859644, 4.011962737509451, 0.0 ], [ -74.507564615101273, 4.011973081352451, 0.0 ], [ -74.507421406576981, 4.011980030715899, 0.0 ], [ -74.507300786190513, 4.011981689422708, 0.0 ], [ -74.507136712497143, 4.011977949939381, 0.0 ], [ -74.506945335409, 4.01197508864766, 0.0 ], [ -74.506785004097097, 4.012014488983366, 0.0 ], [ -74.506659622639631, 4.012077792257188, 0.0 ], [ -74.506544721826586, 4.012181764750815, 0.0 ], [ -74.506445994281918, 4.012360370943052, 0.0 ], [ -74.506403102422041, 4.012439208316108, 0.0 ], [ -74.506317387872571, 4.012530833218557, 0.0 ], [ -74.506196504279728, 4.012660043786087, 0.0 ], [ -74.506075286513607, 4.012711843605972, 0.0 ], [ -74.505898949918304, 4.012749486628451, 0.0 ], [ -74.505741472554035, 4.012738687569809, 0.0 ], [ -74.505575210564629, 4.012737284256707, 0.0 ], [ -74.505355165540834, 4.012694364023473, 0.0 ], [ -74.505207679239177, 4.012642240705644, 0.0 ], [ -74.505063982929684, 4.01256721541803, 0.0 ], [ -74.504942569330836, 4.012477791374092, 0.0 ], [ -74.50483881122058, 4.012371855533527, 0.0 ], [ -74.504743773056759, 4.012254242422844, 0.0 ], [ -74.504619367169695, 4.01207609053708, 0.0 ], [ -74.504469637774775, 4.01188966748018, 0.0 ], [ -74.504298695562753, 4.011749473119544, 0.0 ], [ -74.504143744261057, 4.011611038703382, 0.0 ], [ -74.504000047053282, 4.011536014217204, 0.0 ], [ -74.50385719426184, 4.011486020889479, 0.0 ], [ -74.503714712474633, 4.011447398355646, 0.0 ], [ -74.503508174519453, 4.011399479527689, 0.0 ], [ -74.503282903097343, 4.011336236241037, 0.0 ], [ -74.503079985352755, 4.01126085686816, 0.0 ], [ -74.502936741794173, 4.011199484658355, 0.0 ], [ -74.502858035002248, 4.01116105836014, 0.0 ], [ -74.502790540981692, 4.01111771328564, 0.0 ], [ -74.502644845022374, 4.010983534412597, 0.0 ], [ -74.502544491527047, 4.010843315701392, 0.0 ], [ -74.502428292648418, 4.010705897326476, 0.0 ], [ -74.502319680940673, 4.010591007270774, 0.0 ], [ -74.502199546542784, 4.010471935027592, 0.0 ], [ -74.502054899815732, 4.010301283242082, 0.0 ], [ -74.501946490228931, 4.010124886421645, 0.0 ], [ -74.501824726287126, 4.009889713303455, 0.0 ], [ -74.501712521318225, 4.009667893148873, 0.0 ], [ -74.501564195091788, 4.009388036830724, 0.0 ], [ -74.501447016151161, 4.00901832406579, 0.0 ], [ -74.501157683171201, 4.00854035743643, 0.0 ], [ -74.501071965926798, 4.008312449586604, 0.0 ], [ -74.501051297488743, 4.008221500780325, 0.0 ], [ -74.501023783888215, 4.00811917126358, 0.0 ], [ -74.501000839119229, 4.008025948983825, 0.0 ], [ -74.500980086239537, 4.007887232555844, 0.0 ], [ -74.500954718714226, 4.007716685076651, 0.0 ], [ -74.500902017251462, 4.007539330643691, 0.0 ], [ -74.500856169934309, 4.007373357779272, 0.0 ], [ -74.500812588168287, 4.007202819154132, 0.0 ], [ -74.500782727269936, 4.00706411065161, 0.0 ], [ -74.500752904999132, 4.00694587307806, 0.0 ], [ -74.500686526686152, 4.006754885809994, 0.0 ], [ -74.500627095943585, 4.006625295250324, 0.0 ], [ -74.500567604115602, 4.006468425883099, 0.0 ], [ -74.500505826973495, 4.0063069988188, 0.0 ], [ -74.500434946304324, 4.006143309018884, 0.0 ], [ -74.500375450883041, 4.005981879202083, 0.0 ], [ -74.500327415269865, 4.005856831851564, 0.0 ], [ -74.50027478836725, 4.005720418982206, 0.0 ], [ -74.500226742872599, 4.005590827362572, 0.0 ], [ -74.500167255536184, 4.005438494858032, 0.0 ], [ -74.500091735068551, 4.005229315079532, 0.0 ], [ -74.500011681702006, 4.005029247907462, 0.0 ], [ -74.499929393327037, 4.004851918879411, 0.0 ], [ -74.499856142902146, 4.00464501241237, 0.0 ], [ -74.499750976233514, 4.004406304308625, 0.0 ], [ -74.499622863897571, 4.004074357274972, 0.0 ], [ -74.499540460538242, 4.003837895584747, 0.0 ], [ -74.499430555256509, 4.003503671271563, 0.0 ], [ -74.499343529166708, 4.003230822322621, 0.0 ], [ -74.499290790873019, 4.003033003036476, 0.0 ], [ -74.499224351474609, 4.002812456207051, 0.0 ], [ -74.499160173135749, 4.002580536605963, 0.0 ], [ -74.499096004678393, 4.002362256849555, 0.0 ], [ -74.499052338470747, 4.002148500672359, 0.0 ], [ -74.498992752319637, 4.001939313780308, 0.0 ], [ -74.498921797988601, 4.001732425395788, 0.0 ], [ -74.498857665463845, 4.001527790714328, 0.0 ], [ -74.498825439301342, 4.001345872764999, 0.0 ], [ -74.4987659986773, 4.00121173888781, 0.0 ], [ -74.498692759930506, 4.001004832396991, 0.0 ], [ -74.498626406770356, 4.000834321120997, 0.0 ], [ -74.498532742130621, 4.000654719504211, 0.0 ], [ -74.498422985969214, 4.000395538225285, 0.0 ], [ -74.498317895657394, 4.000200026676986, 0.0 ], [ -74.498194650393671, 4.000031826345039, 0.0 ], [ -74.498094184608931, 3.999872710915848, 0.0 ], [ -74.49803474578151, 3.999738566940055, 0.0 ], [ -74.497963900146644, 3.999593073487847, 0.0 ], [ -74.497915878906483, 3.999479397917104, 0.0 ], [ -74.497858776597127, 3.999377098671999, 0.0 ], [ -74.497822223249912, 3.999306625393253, 0.0 ], [ -74.497771961611448, 3.999213413759591, 0.0 ], [ -74.497687590941652, 3.999136154985719, 0.0 ], [ -74.497594149982419, 3.999074818607864, 0.0 ], [ -74.497452847683192, 3.998986222903899, 0.0 ], [ -74.497341201466412, 3.998931715907863, 0.0 ], [ -74.497247821592623, 3.998902227016609, 0.0 ], [ -74.497104349861971, 3.99886366572166, 0.0 ], [ -74.496965488285369, 3.998859216444797, 0.0 ], [ -74.496758388883109, 3.998879833667872, 0.0 ], [ -74.496592315539914, 3.998927715591572, 0.0 ], [ -74.496403529193074, 3.999000626371412, 0.0 ], [ -74.496203398022502, 3.999091741089684, 0.0 ], [ -74.496078346246733, 3.999166878732874, 0.0 ], [ -74.495937390697193, 3.999255681422834, 0.0 ], [ -74.495810040132625, 3.999319450774084, 0.0 ], [ -74.495687246721488, 3.999380940371496, 0.0 ], [ -74.495484956000979, 3.999535727600151, 0.0 ], [ -74.495400896148269, 3.999617666810011, 0.0 ], [ -74.495312289921898, 3.999708700808211, 0.0 ], [ -74.495223694475328, 3.999797459529217, 0.0 ], [ -74.495153255777254, 3.999858907868893, 0.0 ], [ -74.495062330999161, 3.999924935413559, 0.0 ], [ -74.49495313179321, 3.999954573025081, 0.0 ], [ -74.494843885874872, 3.99996602284077, 0.0 ], [ -74.494720970292875, 3.99996610797282, 0.0 ], [ -74.49459343108208, 3.999932090988523, 0.0 ], [ -74.494418030531293, 3.999861718123743, 0.0 ], [ -74.494228896536427, 3.999754963381463, 0.0 ], [ -74.494121658352739, 3.999625411143407, 0.0 ], [ -74.494005263641384, 3.999464024847929, 0.0 ], [ -74.493868328052727, 3.999279908238818, 0.0 ], [ -74.493763276368469, 3.999100320619373, 0.0 ], [ -74.493651495404393, 3.998975320608867, 0.0 ], [ -74.493539698270666, 3.998838951399567, 0.0 ], [ -74.493391490621832, 3.998707150630479, 0.0 ], [ -74.493277421648742, 3.998575326540813, 0.0 ], [ -74.493167968219581, 3.998477618050183, 0.0 ], [ -74.493074437428817, 3.998366248960292, 0.0 ], [ -74.492976326128428, 3.998248053144956, 0.0 ], [ -74.492885096821439, 3.998157156988383, 0.0 ], [ -74.492809785661294, 3.998052588579188, 0.0 ], [ -74.492718303029378, 3.997829787539749, 0.0 ], [ -74.49269732916413, 3.997579630289478, 0.0 ], [ -74.49268102564001, 3.997386335094807, 0.0 ], [ -74.492694379096719, 3.997227137604251, 0.0 ], [ -74.492707670569672, 3.997040639474608, 0.0 ], [ -74.492705104981226, 3.996890537640873, 0.0 ], [ -74.492688863440875, 3.996724533045956, 0.0 ], [ -74.492652143905332, 3.996572180969961, 0.0 ], [ -74.492567617826992, 3.996415323119245, 0.0 ], [ -74.492444351902023, 3.996233475725648, 0.0 ], [ -74.492298145699635, 3.995960672747005, 0.0 ], [ -74.492181624325823, 3.995735606614382, 0.0 ], [ -74.492053506599987, 3.995396844568313, 0.0 ], [ -74.491966549680484, 3.995162660134656, 0.0 ], [ -74.491859194715829, 3.994964882811554, 0.0 ], [ -74.491783791029192, 3.994817106958423, 0.0 ], [ -74.491701582604279, 3.994685257151708, 0.0 ], [ -74.491612623340032, 3.99458298867314, 0.0 ], [ -74.491487308357875, 3.994521677046413, 0.0 ], [ -74.491239011318399, 3.994426329383625, 0.0 ], [ -74.491047667467939, 3.994353695102228, 0.0 ], [ -74.490879148012226, 3.994308326565251, 0.0 ], [ -74.490715197388027, 3.99427660344746, 0.0 ], [ -74.490558067671799, 3.994240333347935, 0.0 ], [ -74.490407801084331, 3.994222248481034, 0.0 ], [ -74.490293893807987, 3.994176844091483, 0.0 ], [ -74.490166292613438, 3.99410416318907, 0.0 ], [ -74.490072703432205, 3.993967776143245, 0.0 ], [ -74.489978939977789, 3.993742689748975, 0.0 ], [ -74.489873856852483, 3.993544909395186, 0.0 ], [ -74.489796035799429, 3.993322084727978, 0.0 ], [ -74.489752383964827, 3.993112897376121, 0.0 ], [ -74.489701891459333, 3.992899151333253, 0.0 ], [ -74.489653516282971, 3.992601265320585, 0.0 ], [ -74.489584238208252, 3.992085063550364, 0.0 ], [ -74.489567680460937, 3.991759861224098, 0.0 ], [ -74.489551267342392, 3.991514255391671, 0.0 ], [ -74.489514485823079, 3.991320970417903, 0.0 ], [ -74.489486870712923, 3.991164076614146, 0.0 ], [ -74.489454798162328, 3.991061754824812, 0.0 ], [ -74.489347665979878, 3.990982225368529, 0.0 ], [ -74.48921094868183, 3.990911832020938, 0.0 ], [ -74.489046876785082, 3.990816428378339, 0.0 ], [ -74.488839599516425, 3.990743800050508, 0.0 ], [ -74.488634581510709, 3.990657526234651, 0.0 ], [ -74.48846823418134, 3.990564399647481, 0.0 ], [ -74.488269909522799, 3.990409894801766, 0.0 ], [ -74.488226405910211, 3.990278025468315, 0.0 ], [ -74.488162372200136, 3.990123418409, 0.0 ], [ -74.488116543747608, 3.989966532441735, 0.0 ], [ -74.48809805192748, 3.98981644723697, 0.0 ], [ -74.488097830043614, 3.989698187460463, 0.0 ], [ -74.48814308896425, 3.989561699315237, 0.0 ], [ -74.488197449615356, 3.989422939436045, 0.0 ], [ -74.488204039656281, 3.989297848337467, 0.0 ], [ -74.48818772714904, 3.989102277687848, 0.0 ], [ -74.488176047253717, 3.988945367329774, 0.0 ], [ -74.488139342091188, 3.988799833429791, 0.0 ], [ -74.488081997236733, 3.988567907178329, 0.0 ], [ -74.487997386716756, 3.988365558850127, 0.0 ], [ -74.487890088345935, 3.988201893248724, 0.0 ], [ -74.487750915053923, 3.988033699418798, 0.0 ], [ -74.487611829796805, 3.987910987361051, 0.0 ], [ -74.487338415861984, 3.987774735500022, 0.0 ], [ -74.487115106360449, 3.987645253061973, 0.0 ], [ -74.486971527730276, 3.987554391576907, 0.0 ], [ -74.486796132569353, 3.987486289367388, 0.0 ], [ -74.486648074939168, 3.987436368055997, 0.0 ], [ -74.486490905697082, 3.987375070233984, 0.0 ], [ -74.486374736462835, 3.987331943455937, 0.0 ], [ -74.486213028931928, 3.987279750417945, 0.0 ], [ -74.485759737242915, 3.987116331935233, 0.0 ], [ -74.485541076522992, 3.987041427081764, 0.0 ], [ -74.485406622979468, 3.986959661363871, 0.0 ], [ -74.485322206495582, 3.986855096009038, 0.0 ], [ -74.485230881967169, 3.986709611922865, 0.0 ], [ -74.485187927225226, 3.986561560364954, 0.0 ] ] ] } },
{ "type": "Feature", "properties": { "OBJECTID": 6653, "DPTOMPIO": "25120", "CODIGO_VER": "25120007", "NOM_DEP": "CUNDINAMARCA", "NOMB_MPIO": "CABRERA", "NOMBRE_VER": "LAS AGUILAS", "VIGENCIA": "2010", "FUENTE": "EOT CABRERA", "DESCRIPCIO": "NULL", "SEUDONIMOS": "NULL", "AREA_HA": 13589.379132100001, "COD_DPTO": "25", "ShapeSTAre": 137412837.6340332, "ShapeSTLen": 67873.59316575274 }, "geometry": { "type": "Polygon", "coordinates": [ [ [ -74.409331115989161, 3.930342105237723, 0.0 ], [ -74.409037383060934, 3.930121306888953, 0.0 ], [ -74.408908783838115, 3.929777716110849, 0.0 ], [ -74.408094441270123, 3.927888048993015, 0.0 ], [ -74.407536904583978, 3.925654635453554, 0.0 ], [ -74.407707708455476, 3.924408892532608, 0.0 ], [ -74.408242717190916, 3.921295201502074, 0.0 ], [ -74.408114866264754, 3.920885376975675, 0.0 ], [ -74.407527342916083, 3.920475730594802, 0.0 ], [ -74.406556627911655, 3.919758825195633, 0.0 ], [ -74.406147922305152, 3.919477196199656, 0.0 ], [ -74.405458355730133, 3.919349383495896, 0.0 ], [ -74.403874935802989, 3.91911942920111, 0.0 ], [ -74.403645042548746, 3.919017045639182, 0.0 ], [ -74.403338365795591, 3.918402353254516, 0.0 ], [ -74.403108447388519, 3.91819750169831, 0.0 ], [ -74.402112327129515, 3.917788009046151, 0.0 ], [ -74.40147367526815, 3.917250298975475, 0.0 ], [ -74.400988240061665, 3.916661286397882, 0.0 ], [ -74.400713174125045, 3.915698664293523, 0.0 ], [ -74.400662007883085, 3.914950085108441, 0.0 ], [ -74.400492028665013, 3.913980381793871, 0.0 ], [ -74.400033722580119, 3.912976761659144, 0.0 ], [ -74.399422824169463, 3.912126315444966, 0.0 ], [ -74.398769232426616, 3.911429185221218, 0.0 ], [ -74.398727330510184, 3.911403891123866, 0.0 ], [ -74.398690500481862, 3.91137753231301, 0.0 ], [ -74.398658930987835, 3.911361716667591, 0.0 ], [ -74.398632622926414, 3.911340624061295, 0.0 ], [ -74.398587909283151, 3.911332726544841, 0.0 ], [ -74.398556340687435, 3.911324823650974, 0.0 ], [ -74.398511628840794, 3.911324841575435, 0.0 ], [ -74.398469549057936, 3.911327494395347, 0.0 ], [ -74.39841464223116, 3.911347830589814, 0.0 ], [ -74.398350652538511, 3.911380039048405, 0.0 ], [ -74.397905103428954, 3.911247795078004, 0.0 ], [ -74.397393481433596, 3.91091696145291, 0.0 ], [ -74.396898464796294, 3.910867489024726, 0.0 ], [ -74.396568435439008, 3.910784857220293, 0.0 ], [ -74.396188905316308, 3.910702237058611, 0.0 ], [ -74.395578315027805, 3.910437647609693, 0.0 ], [ -74.395017276708685, 3.910321987219907, 0.0 ], [ -74.393895277325555, 3.910322403964056, 0.0 ], [ -74.392410278617589, 3.910322952453154, 0.0 ], [ -74.391717208612945, 3.910108040595817, 0.0 ], [ -74.391321087505247, 3.909793712289095, 0.0 ], [ -74.390991080605858, 3.909777280907487, 0.0 ], [ -74.390149504711701, 3.909545869411053, 0.0 ], [ -74.389951443259548, 3.90938042718464, 0.0 ], [ -74.38997926228727, 3.908734901147644, 0.0 ], [ -74.390117763639466, 3.908456790612385, 0.0 ], [ -74.390740928545327, 3.90699673410776, 0.0 ], [ -74.391295044446849, 3.906231851029407, 0.0 ], [ -74.391844949944669, 3.905166591501742, 0.0 ], [ -74.392081686564751, 3.904024638368488, 0.0 ], [ -74.392697678423076, 3.902406776309643, 0.0 ], [ -74.393361378907798, 3.901550137161772, 0.0 ], [ -74.393503517538576, 3.901169465531036, 0.0 ], [ -74.393550812041653, 3.900788817926109, 0.0 ], [ -74.393503239959145, 3.900408223922852, 0.0 ], [ -74.393266047893206, 3.900265575626726, 0.0 ], [ -74.392886588737412, 3.90021813791989, 0.0 ], [ -74.391795655791768, 3.900028223951031, 0.0 ], [ -74.391463485749156, 3.899552568596484, 0.0 ], [ -74.390893921519677, 3.89841090896717, 0.0 ], [ -74.39037207849303, 3.898078059126862, 0.0 ], [ -74.389992343554439, 3.897221791987036, 0.0 ], [ -74.389755074233378, 3.896888844882288, 0.0 ], [ -74.389565421012293, 3.897079221122925, 0.0 ], [ -74.389470699055479, 3.897459874888792, 0.0 ], [ -74.389281151835576, 3.897888150051948, 0.0 ], [ -74.386767424023787, 3.897936634695353, 0.0 ], [ -74.384870297128089, 3.898032473818748, 0.0 ], [ -74.384301135343861, 3.897985099618734, 0.0 ], [ -74.383779278842496, 3.897604655810214, 0.0 ], [ -74.382497908446481, 3.895368962179931, 0.0 ], [ -74.382165766251646, 3.894988451762707, 0.0 ], [ -74.381027213612796, 3.894227615037773, 0.0 ], [ -74.379272211873129, 3.893847611377246, 0.0 ], [ -74.377564531586003, 3.893134538858582, 0.0 ], [ -74.375666996855159, 3.892040915447947, 0.0 ], [ -74.37505488392226, 3.891509343392682, 0.0 ], [ -74.374851022048318, 3.891188233417208, 0.0 ], [ -74.374093956961147, 3.890400109760666, 0.0 ], [ -74.373511499212398, 3.889495142651084, 0.0 ], [ -74.37266720591451, 3.888999046917938, 0.0 ], [ -74.371997669075384, 3.88879488188334, 0.0 ], [ -74.371269977999702, 3.888765929520746, 0.0 ], [ -74.370716861024746, 3.888561732164753, 0.0 ], [ -74.370642706894671, 3.888513941573098, 0.0 ], [ -74.370380423984543, 3.888296346152328, 0.0 ], [ -74.370380441052518, 3.888296301339941, 0.0 ], [ -74.370425947009863, 3.888061164502224, 0.0 ], [ -74.370453993311372, 3.887809076860369, 0.0 ], [ -74.370459543103181, 3.88756264984731, 0.0 ], [ -74.370465650748798, 3.887316221865938, 0.0 ], [ -74.370465014741569, 3.887110489780953, 0.0 ], [ -74.370470555550256, 3.886846542687635, 0.0 ], [ -74.370470582499721, 3.886846126828088, 0.0 ], [ -74.370482310904052, 3.886663415686536, 0.0 ], [ -74.370539089819914, 3.886508546493423, 0.0 ], [ -74.370613334679817, 3.886388121934405, 0.0 ], [ -74.370755450852741, 3.886267865853097, 0.0 ], [ -74.370755661956807, 3.886267686603142, 0.0 ], [ -74.370755790415899, 3.886267567401958, 0.0 ], [ -74.37083554554178, 3.886193618735958, 0.0 ], [ -74.370944132096682, 3.886153460473192, 0.0 ], [ -74.37105834839349, 3.886095763495667, 0.0 ], [ -74.371161314189663, 3.886055598954486, 0.0 ], [ -74.371161885518177, 3.886055502159496, 0.0 ], [ -74.37132674613575, 3.886027282835331, 0.0 ], [ -74.371463476908531, 3.885987098573389, 0.0 ], [ -74.371467133950048, 3.885984967291012, 0.0 ], [ -74.371467217493375, 3.885984917997261, 0.0 ], [ -74.371467273188912, 3.885984885732252, 0.0 ], [ -74.371600751162021, 3.885906803536309, 0.0 ], [ -74.371680640136887, 3.885860996195619, 0.0 ], [ -74.371754325346387, 3.885763191106721, 0.0 ], [ -74.371811703438524, 3.885700434769797, 0.0 ], [ -74.371806064713482, 3.885671612257279, 0.0 ], [ -74.371817287366341, 3.885585709351577, 0.0 ], [ -74.371822887463807, 3.885494134067867, 0.0 ], [ -74.371794167425875, 3.885345084911704, 0.0 ], [ -74.371794136883139, 3.885344932549089, 0.0 ], [ -74.371771601745934, 3.885264682263419, 0.0 ], [ -74.371754138496797, 3.885207604534355, 0.0 ], [ -74.371748490788605, 3.885150522320201, 0.0 ], [ -74.371759690085256, 3.885121813612739, 0.0 ], [ -74.371759736797657, 3.885121693515134, 0.0 ], [ -74.371862433099253, 3.884285168386425, 0.0 ], [ -74.371901723613135, 3.883981631163053, 0.0 ], [ -74.371901752359236, 3.883981486866465, 0.0 ], [ -74.371953407284693, 3.883740853902833, 0.0 ], [ -74.371986992598224, 3.883552141678037, 0.0 ], [ -74.371987109379219, 3.883551500857475, 0.0 ], [ -74.37206131561156, 3.883333884438963, 0.0 ], [ -74.372094476021971, 3.883256701835572, 0.0 ], [ -74.372095062621838, 3.883255336842466, 0.0 ], [ -74.372152402984753, 3.88312189732946, 0.0 ], [ -74.372255287932546, 3.882864133135934, 0.0 ], [ -74.372352003250995, 3.882646510266468, 0.0 ], [ -74.372471778322776, 3.882382511586512, 0.0 ], [ -74.372574680338559, 3.882159224267488, 0.0 ], [ -74.37268823906858, 3.881826850192018, 0.0 ], [ -74.372762447097571, 3.881620529721872, 0.0 ], [ -74.372853507521285, 3.881368459873376, 0.0 ], [ -74.372853523690964, 3.881368419541894, 0.0 ], [ -74.372927746092984, 3.881207877875319, 0.0 ], [ -74.37299634773629, 3.881059211559469, 0.0 ], [ -74.373093063054739, 3.880846663719244, 0.0 ], [ -74.37316164403677, 3.880652222877925, 0.0 ], [ -74.373172723857493, 3.880613583504861, 0.0 ], [ -74.373173095760038, 3.880612287519182, 0.0 ], [ -74.373173199066287, 3.880611929016931, 0.0 ], [ -74.373224037423157, 3.880434591372121, 0.0 ], [ -74.373286970697009, 3.880159328749822, 0.0 ], [ -74.373287121613984, 3.880158770382252, 0.0 ], [ -74.373361158963078, 3.87989591096281, 0.0 ], [ -74.373401046856628, 3.879706556158975, 0.0 ], [ -74.37340108548419, 3.879706290867039, 0.0 ], [ -74.373423502043792, 3.87955168658576, 0.0 ], [ -74.37348029802763, 3.879437495397295, 0.0 ], [ -74.373508949793617, 3.87929392847259, 0.0 ], [ -74.373582963786504, 3.879105635598713, 0.0 ], [ -74.373583163212487, 3.879105127420856, 0.0 ], [ -74.373583206331645, 3.879105049446466, 0.0 ], [ -74.373668643301684, 3.878950235330954, 0.0 ], [ -74.37379409482773, 3.878847326151095, 0.0 ], [ -74.373883604759271, 3.878790119823415, 0.0 ], [ -74.37398256406928, 3.878726875404027, 0.0 ], [ -74.373983692353292, 3.878725819612489, 0.0 ], [ -74.373983717506107, 3.878725795413531, 0.0 ], [ -74.37414795109963, 3.87857195366829, 0.0 ], [ -74.374273362201492, 3.878462864743888, 0.0 ], [ -74.374273402625676, 3.878462831582357, 0.0 ], [ -74.374273704459611, 3.878462611102909, 0.0 ], [ -74.374450612383455, 3.878336728080795, 0.0 ], [ -74.374616007498616, 3.87819932901817, 0.0 ], [ -74.374752699643835, 3.878061939792032, 0.0 ], [ -74.374889384602497, 3.877901375986927, 0.0 ], [ -74.374889463654242, 3.877901289946129, 0.0 ], [ -74.374958011398647, 3.877826749016701, 0.0 ], [ -74.375015398473948, 3.87779846936819, 0.0 ], [ -74.375072221407251, 3.877763971475985, 0.0 ], [ -74.375117462361587, 3.87774095107144, 0.0 ], [ -74.375117792941609, 3.877740782574826, 0.0 ], [ -74.375118897869385, 3.877740783471068, 0.0 ], [ -74.375208953976625, 3.87774075120574, 0.0 ], [ -74.375251576341924, 3.87774375098366, 0.0 ], [ -74.375288860917792, 3.877746375229113, 0.0 ], [ -74.375367967460022, 3.877746349237607, 0.0 ], [ -74.375368766960634, 3.877746356407697, 0.0 ], [ -74.375443039668312, 3.877729367823862, 0.0 ], [ -74.375522924151596, 3.877660387268851, 0.0 ], [ -74.375540347874832, 3.877603295581936, 0.0 ], [ -74.375528499994559, 3.877511739150291, 0.0 ], [ -74.375460385238142, 3.877437155166088, 0.0 ], [ -74.375420406614737, 3.877373868521262, 0.0 ], [ -74.375317395902798, 3.877265386209742, 0.0 ], [ -74.375254431187884, 3.877110813747267, 0.0 ], [ -74.375254319796795, 3.877110543076962, 0.0 ], [ -74.375254293745655, 3.877110158581691, 0.0 ], [ -74.375243008210745, 3.876944381054003, 0.0 ], [ -74.375259847130735, 3.876818335582819, 0.0 ], [ -74.37525986509705, 3.876818305109976, 0.0 ], [ -74.375328460452153, 3.876703575796352, 0.0 ], [ -74.375408337748894, 3.876623291527969, 0.0 ], [ -74.375488101857911, 3.876571910739433, 0.0 ], [ -74.375488224927111, 3.876571830972279, 0.0 ], [ -74.375591187130027, 3.876526015058938, 0.0 ], [ -74.375592098920038, 3.876525556173827, 0.0 ], [ -74.37559218156504, 3.876525515842116, 0.0 ], [ -74.375671080596447, 3.876485858128965, 0.0 ], [ -74.375744748737958, 3.87645759008696, 0.0 ], [ -74.375744786467195, 3.876457579331863, 0.0 ], [ -74.375887704835634, 3.876428698246976, 0.0 ], [ -74.375978864074042, 3.876423015957954, 0.0 ], [ -74.376104919267974, 3.876439927489658, 0.0 ], [ -74.376224808425789, 3.876531448186983, 0.0 ], [ -74.376225144395704, 3.876531630127764, 0.0 ], [ -74.376310355888606, 3.876577765109364, 0.0 ], [ -74.376361573334535, 3.876606006259563, 0.0 ], [ -74.376492444396703, 3.876629088536927, 0.0 ], [ -74.376492694128345, 3.876629133349912, 0.0 ], [ -74.376493258270344, 3.876629186229279, 0.0 ], [ -74.37661255633671, 3.876640395751543, 0.0 ], [ -74.376749393110686, 3.876640349146036, 0.0 ], [ -74.376749866522829, 3.876640361693693, 0.0 ], [ -74.376750321070375, 3.876640219188368, 0.0 ], [ -74.376852262787125, 3.876611489577677, 0.0 ], [ -74.37698954871874, 3.876560010199809, 0.0 ], [ -74.376990367982273, 3.876559497539087, 0.0 ], [ -74.377080689990834, 3.876502891550772, 0.0 ], [ -74.377189269359235, 3.876445778275486, 0.0 ], [ -74.377286034085003, 3.876365478746191, 0.0 ], [ -74.377354635728295, 3.876221895167007, 0.0 ], [ -74.377411422728983, 3.876084532507357, 0.0 ], [ -74.377440057426981, 3.875901399587449, 0.0 ], [ -74.377439946035892, 3.87557471610048, 0.0 ], [ -74.377445520980544, 3.875425503866986, 0.0 ], [ -74.377445461691735, 3.875253729124447, 0.0 ], [ -74.377445465284993, 3.875253684311386, 0.0 ], [ -74.377462306001632, 3.875144594958844, 0.0 ], [ -74.377507854179782, 3.875030421996636, 0.0 ], [ -74.377553400561311, 3.874955789395442, 0.0 ], [ -74.377605151606517, 3.874898118540868, 0.0 ], [ -74.377679429704102, 3.874898095238063, 0.0 ], [ -74.37775370331012, 3.874892426382673, 0.0 ], [ -74.377850468934213, 3.874818343177772, 0.0 ], [ -74.377935975972846, 3.874743706972857, 0.0 ], [ -74.377992789024674, 3.874680386964737, 0.0 ], [ -74.378044534679987, 3.874611979768726, 0.0 ], [ -74.378072660033212, 3.874583144330206, 0.0 ], [ -74.378095744939387, 3.874623266396261, 0.0 ], [ -74.378112583859391, 3.874497219682867, 0.0 ], [ -74.378113106678896, 3.874496745560215, 0.0 ], [ -74.378226778596613, 3.874393752485962, 0.0 ], [ -74.378306663978208, 3.874330986341797, 0.0 ], [ -74.378397689367617, 3.874262503831434, 0.0 ], [ -74.378398361307461, 3.874261999235721, 0.0 ], [ -74.378466432944748, 3.874210542121405, 0.0 ], [ -74.378523811036885, 3.874159089485271, 0.0 ], [ -74.378597354312575, 3.874073324329646, 0.0 ], [ -74.378597498043021, 3.874073155832268, 0.0 ], [ -74.378689175609338, 3.873941433005052, 0.0 ], [ -74.378768609138319, 3.873844160708909, 0.0 ], [ -74.378769046617876, 3.873843624743703, 0.0 ], [ -74.378905754034449, 3.87375201681805, 0.0 ], [ -74.379024700859532, 3.873670522314439, 0.0 ], [ -74.379031209153766, 3.87366606430217, 0.0 ], [ -74.379179750975879, 3.87362023209869, 0.0 ], [ -74.379265278675774, 3.873603246120772, 0.0 ], [ -74.379265488881543, 3.873603209373966, 0.0 ], [ -74.379465027164031, 3.873568698762978, 0.0 ], [ -74.379647886426639, 3.873488376554, 0.0 ], [ -74.379807662579708, 3.87339675962725, 0.0 ], [ -74.379978700013169, 3.873305137312996, 0.0 ], [ -74.379978759301977, 3.873305084433476, 0.0 ], [ -74.380121583347318, 3.873184701013, 0.0 ], [ -74.380201319608574, 3.873064480695388, 0.0 ], [ -74.380201447169327, 3.873064287998671, 0.0 ], [ -74.380275115310837, 3.872926918552468, 0.0 ], [ -74.38034372773393, 3.872817813663449, 0.0 ], [ -74.380389828375996, 3.87269458363904, 0.0 ], [ -74.380549464391876, 3.872551644747057, 0.0 ], [ -74.380549588359372, 3.872551531817774, 0.0 ], [ -74.380675051563529, 3.872488186550248, 0.0 ], [ -74.380766606060661, 3.87247123012635, 0.0 ], [ -74.380766769554043, 3.872471199653341, 0.0 ], [ -74.380943454695696, 3.872454181386852, 0.0 ], [ -74.381068897238606, 3.872414016197246, 0.0 ], [ -74.381068924188057, 3.872414006338341, 0.0 ], [ -74.381268650218445, 3.872310496762235, 0.0 ], [ -74.381269579974756, 3.87230998499525, 0.0 ], [ -74.381359794185485, 3.872259043114342, 0.0 ], [ -74.381513946884866, 3.872178731536227, 0.0 ], [ -74.381867256981067, 3.871954789041437, 0.0 ], [ -74.381953318280225, 3.871857545197417, 0.0 ], [ -74.382010094501126, 3.871691358839869, 0.0 ], [ -74.382044306838708, 3.871536744130798, 0.0 ], [ -74.382044370619113, 3.871536484213846, 0.0 ], [ -74.382135949370749, 3.87114081257758, 0.0 ], [ -74.382227058303485, 3.871020405546384, 0.0 ], [ -74.382255737018937, 3.870934476056053, 0.0 ], [ -74.382341223396324, 3.870797101782912, 0.0 ], [ -74.382427240678041, 3.870590775036566, 0.0 ], [ -74.382461503321295, 3.870407075383657, 0.0 ], [ -74.382484486717829, 3.870154989645097, 0.0 ], [ -74.382467502270771, 3.869874104083205, 0.0 ], [ -74.382449390437998, 3.869621473255472, 0.0 ], [ -74.382444889878428, 3.869558723786535, 0.0 ], [ -74.382370547102127, 3.869398222002895, 0.0 ], [ -74.382262449230751, 3.869208932069487, 0.0 ], [ -74.382056345161843, 3.868771545232058, 0.0 ], [ -74.382307821339097, 3.868698555835128, 0.0 ], [ -74.382307850085198, 3.868698544183649, 0.0 ], [ -74.382327234830711, 3.868685441637528, 0.0 ], [ -74.382570574068154, 3.868520979974342, 0.0 ], [ -74.382570758222755, 3.868520963841538, 0.0 ], [ -74.382877805081833, 3.868493178622212, 0.0 ], [ -74.382997687951445, 3.868544577826579, 0.0 ], [ -74.383100113860124, 3.868601614555926, 0.0 ], [ -74.383231392757438, 3.868647770583956, 0.0 ], [ -74.383231803287529, 3.868647914883165, 0.0 ], [ -74.383418608849169, 3.868668772839612, 0.0 ], [ -74.383539619104468, 3.86868228498058, 0.0 ], [ -74.38372757001811, 3.868704836883238, 0.0 ], [ -74.383727689494037, 3.868704800136216, 0.0 ], [ -74.383853046696998, 3.868676522871684, 0.0 ], [ -74.384030272624443, 3.86858998457731, 0.0 ], [ -74.384212552473699, 3.86849270718499, 0.0 ], [ -74.38435474859665, 3.868401545918447, 0.0 ], [ -74.384355451079202, 3.868401095095355, 0.0 ], [ -74.384443470705691, 3.868281157319532, 0.0 ], [ -74.384443962084148, 3.868280486014283, 0.0 ], [ -74.384515179621559, 3.868183427276039, 0.0 ], [ -74.384845353607602, 3.867776377727876, 0.0 ], [ -74.384959526785266, 3.867615823622965, 0.0 ], [ -74.385124868001512, 3.86735181756313, 0.0 ], [ -74.385159171068963, 3.867282853191495, 0.0 ], [ -74.385256427173204, 3.867019437669903, 0.0 ], [ -74.385256385850681, 3.866904702546971, 0.0 ], [ -74.385250642921079, 3.866837774464989, 0.0 ], [ -74.385245086841039, 3.86677301624812, 0.0 ], [ -74.38524476165091, 3.866771548157359, 0.0 ], [ -74.385210705620182, 3.866618165818549, 0.0 ], [ -74.385205058810314, 3.866549254267174, 0.0 ], [ -74.385205054318718, 3.866549213935017, 0.0 ], [ -74.38525678200773, 3.866428808043821, 0.0 ], [ -74.385313570805039, 3.866308402135564, 0.0 ], [ -74.385410875418302, 3.866176675411913, 0.0 ], [ -74.385467666012246, 3.866056269467843, 0.0 ], [ -74.385564408280146, 3.865924544497543, 0.0 ], [ -74.385638644156913, 3.865815437810405, 0.0 ], [ -74.385963765119484, 3.865471680938278, 0.0 ], [ -74.386049211072674, 3.865224674697308, 0.0 ], [ -74.386100928880211, 3.865070343822768, 0.0 ], [ -74.386163330351422, 3.864897937796867, 0.0 ], [ -74.386163339334573, 3.864897907323629, 0.0 ], [ -74.386197608266031, 3.864766234157173, 0.0 ], [ -74.386230236873786, 3.864646257327383, 0.0 ], [ -74.386230254840086, 3.864646191003225, 0.0 ], [ -74.38623188977391, 3.864640184184461, 0.0 ], [ -74.386226210624685, 3.86449662550551, 0.0 ], [ -74.386203084396001, 3.864341771971412, 0.0 ], [ -74.386197412433319, 3.864210084378278, 0.0 ], [ -74.386190029179986, 3.864153894331531, 0.0 ], [ -74.386190008518739, 3.86415372045455, 0.0 ], [ -74.386186126898394, 3.864124176604253, 0.0 ], [ -74.386180625615594, 3.864018238011376, 0.0 ], [ -74.386180461223901, 3.86401509567742, 0.0 ], [ -74.386180567225097, 3.864014329363786, 0.0 ], [ -74.386209086938749, 3.863808790583208, 0.0 ], [ -74.386254446470687, 3.863648834437845, 0.0 ], [ -74.386254609964098, 3.863648257237651, 0.0 ], [ -74.386255021392472, 3.863647366341639, 0.0 ], [ -74.386357505691663, 3.86342496945737, 0.0 ], [ -74.386409130972737, 3.863339229207066, 0.0 ], [ -74.386409244160447, 3.863339040989562, 0.0 ], [ -74.386499787154577, 3.86318979702375, 0.0 ], [ -74.3865252202569, 3.86313866010315, 0.0 ], [ -74.38658525736227, 3.863017947201979, 0.0 ], [ -74.386653820378044, 3.862782814987936, 0.0 ], [ -74.386751104330031, 3.862582122962885, 0.0 ], [ -74.386658841960468, 3.862468343564918, 0.0 ], [ -74.386625565667387, 3.862427303137769, 0.0 ], [ -74.386511291878421, 3.862301304801489, 0.0 ], [ -74.386431937401156, 3.862266857365769, 0.0 ], [ -74.386306416704826, 3.86216347023644, 0.0 ], [ -74.386259231796217, 3.862134410305476, 0.0 ], [ -74.386232124234212, 3.862117717179345, 0.0 ], [ -74.386135328965707, 3.86207763216469, 0.0 ], [ -74.38595859172176, 3.861957300029641, 0.0 ], [ -74.385844921600665, 3.861946036536519, 0.0 ], [ -74.38574250108185, 3.861922898289993, 0.0 ], [ -74.385548693152558, 3.861922968199501, 0.0 ], [ -74.385548364369171, 3.861922967303208, 0.0 ], [ -74.38544596002005, 3.861939960685457, 0.0 ], [ -74.38532632778039, 3.86194000370667, 0.0 ], [ -74.385326104099875, 3.86194000370667, 0.0 ], [ -74.385326011573426, 3.86194001535825, 0.0 ], [ -74.385148860206129, 3.861963238750465, 0.0 ], [ -74.384984116369552, 3.861894410174557, 0.0 ], [ -74.384983961859319, 3.861894344746438, 0.0 ], [ -74.384983843281688, 3.86189428917739, 0.0 ], [ -74.384841010253197, 3.861825441774075, 0.0 ], [ -74.384784140607508, 3.861722028598992, 0.0 ], [ -74.384767247788588, 3.861648061654789, 0.0 ], [ -74.38476723431387, 3.861647995330364, 0.0 ], [ -74.384778433610506, 3.861498778851758, 0.0 ], [ -74.384823906330197, 3.861361030198898, 0.0 ], [ -74.384823946754395, 3.861360904720227, 0.0 ], [ -74.38482396382237, 3.861360855425039, 0.0 ], [ -74.384875704986101, 3.861274928540791, 0.0 ], [ -74.38497240143991, 3.861103121352549, 0.0 ], [ -74.384972429287686, 3.861103072953641, 0.0 ], [ -74.385125972030991, 3.860885419394342, 0.0 ], [ -74.385127470420883, 3.860882957322676, 0.0 ], [ -74.385188956508841, 3.860781965772297, 0.0 ], [ -74.385286263817051, 3.860633295870296, 0.0 ], [ -74.385385818710091, 3.860500893368976, 0.0 ], [ -74.385394244009134, 3.860489689010839, 0.0 ], [ -74.385519632653114, 3.860352348000321, 0.0 ], [ -74.385519679365515, 3.860352298705082, 0.0 ], [ -74.385651312199059, 3.86024317068702, 0.0 ], [ -74.385736244315893, 3.860145925499724, 0.0 ], [ -74.385736259587262, 3.860145902196525, 0.0 ], [ -74.385839159806437, 3.859967855792114, 0.0 ], [ -74.385924636302335, 3.859812959306622, 0.0 ], [ -74.385975807934201, 3.859710075586582, 0.0 ], [ -74.386038751987826, 3.85954958538343, 0.0 ], [ -74.386038765462558, 3.8595495378807, 0.0 ], [ -74.386078674017369, 3.85940596400025, 0.0 ], [ -74.386106738285164, 3.859205310613149, 0.0 ], [ -74.386192696278073, 3.858798328459731, 0.0 ], [ -74.386261243124139, 3.858575109313594, 0.0 ], [ -74.386261259293818, 3.858575063603362, 0.0 ], [ -74.386328732653126, 3.858431481491674, 0.0 ], [ -74.386420398541347, 3.858288463115428, 0.0 ], [ -74.386523278997572, 3.857995630698789, 0.0 ], [ -74.386523284387465, 3.85799551776756, 0.0 ], [ -74.386534469311073, 3.857818170010634, 0.0 ], [ -74.386505699865779, 3.857623182530562, 0.0 ], [ -74.386528703025249, 3.857428186939185, 0.0 ], [ -74.386539922983147, 3.857330970110631, 0.0 ], [ -74.386562866853822, 3.857267947263439, 0.0 ], [ -74.386562971058396, 3.857267660453753, 0.0 ], [ -74.38656302136404, 3.85726745520555, 0.0 ], [ -74.386591065868913, 3.85715291325713, 0.0 ], [ -74.386682762299856, 3.85706131876511, 0.0 ], [ -74.386790773034676, 3.857004197009638, 0.0 ], [ -74.386858849163531, 3.856975347528129, 0.0 ], [ -74.386944374168479, 3.856964014059051, 0.0 ], [ -74.387013019829212, 3.856946468468339, 0.0 ], [ -74.387121029665707, 3.856866172469663, 0.0 ], [ -74.387132811968996, 3.856768977087512, 0.0 ], [ -74.386904870753852, 3.856637345681854, 0.0 ], [ -74.386739422638087, 3.856596710091976, 0.0 ], [ -74.386596484506711, 3.856562848592696, 0.0 ], [ -74.386166260655898, 3.856402192879292, 0.0 ], [ -74.385997690894499, 3.856339245250883, 0.0 ], [ -74.385997115972728, 3.856338338214167, 0.0 ], [ -74.385867069563986, 3.856132993861266, 0.0 ], [ -74.385838346831093, 3.85604653047178, 0.0 ], [ -74.385843926267327, 3.855920489063716, 0.0 ], [ -74.385935585867344, 3.855748637771041, 0.0 ], [ -74.386049774316376, 3.855628209733515, 0.0 ], [ -74.386145957832142, 3.855524745612167, 0.0 ], [ -74.386178349284663, 3.855427022166365, 0.0 ], [ -74.386185865488642, 3.855404343535117, 0.0 ], [ -74.386191457501297, 3.855324174662855, 0.0 ], [ -74.386191461094541, 3.855324093997437, 0.0 ], [ -74.386185666960955, 3.855316118876543, 0.0 ], [ -74.386128974283395, 3.855238198768779, 0.0 ], [ -74.386083382087776, 3.855198084748433, 0.0 ], [ -74.386054326079901, 3.855175330823341, 0.0 ], [ -74.386032161946915, 3.855157974311325, 0.0 ], [ -74.385975321945608, 3.855089625591555, 0.0 ], [ -74.385975304877633, 3.855089605873337, 0.0 ], [ -74.386043285785064, 3.854785506077715, 0.0 ], [ -74.386174303272625, 3.854676421262603, 0.0 ], [ -74.386174355374919, 3.854676378241021, 0.0 ], [ -74.386299099926831, 3.854632709535259, 0.0 ], [ -74.386299720662706, 3.854632494427311, 0.0 ], [ -74.386304402681972, 3.854630855125448, 0.0 ], [ -74.386552655703994, 3.854543951508136, 0.0 ], [ -74.386681850509831, 3.854498725951544, 0.0 ], [ -74.386909727944584, 3.854469832467086, 0.0 ], [ -74.38701774945919, 3.854407044234071, 0.0 ], [ -74.387103799978576, 3.854286626761915, 0.0 ], [ -74.387149336478643, 3.854160572544969, 0.0 ], [ -74.387211725373433, 3.853959906267831, 0.0 ], [ -74.387274135827795, 3.853821975343399, 0.0 ], [ -74.387297169530001, 3.853713450582263, 0.0 ], [ -74.387330863539674, 3.853524098892725, 0.0 ], [ -74.38732519696687, 3.853398218441962, 0.0 ], [ -74.387325190678652, 3.853398061592195, 0.0 ], [ -74.387325129593208, 3.853220023633327, 0.0 ], [ -74.387343880128142, 3.85311276434943, 0.0 ], [ -74.387348148922371, 3.85308833879748, 0.0 ], [ -74.387404900888754, 3.852847533040164, 0.0 ], [ -74.387404943109573, 3.852847403975112, 0.0 ], [ -74.387461672618088, 3.852675692778237, 0.0 ], [ -74.387598786971481, 3.852578536353658, 0.0 ], [ -74.387598937888455, 3.852578429695703, 0.0 ], [ -74.38759934302864, 3.852578134817853, 0.0 ], [ -74.387651595333764, 3.852539991603534, 0.0 ], [ -74.387740701023418, 3.852474948173935, 0.0 ], [ -74.387843627293748, 3.852434798171872, 0.0 ], [ -74.387843660531416, 3.852434789209005, 0.0 ], [ -74.387963511959981, 3.852423436857432, 0.0 ], [ -74.387971221301754, 3.852424085768104, 0.0 ], [ -74.388037227712204, 3.85242962839738, 0.0 ], [ -74.38817404562154, 3.852407049173872, 0.0 ], [ -74.388174518135386, 3.852406971197015, 0.0 ], [ -74.38817487835982, 3.852406903079342, 0.0 ], [ -74.38832756321203, 3.852378091085822, 0.0 ], [ -74.388401614035857, 3.852343687165815, 0.0 ], [ -74.388401828733194, 3.852343586781848, 0.0 ], [ -74.388401896106842, 3.85234355272298, 0.0 ], [ -74.38849353145234, 3.852297774937492, 0.0 ], [ -74.388573406952474, 3.852223141232761, 0.0 ], [ -74.388618859909215, 3.852160531194749, 0.0 ], [ -74.3886189650121, 3.852160385996448, 0.0 ], [ -74.388619126708846, 3.852160136829033, 0.0 ], [ -74.388675204040453, 3.852073891729348, 0.0 ], [ -74.388726766439447, 3.851948222587514, 0.0 ], [ -74.388726926339572, 3.851947834495697, 0.0 ], [ -74.388727121273988, 3.851946999157195, 0.0 ], [ -74.388755018455129, 3.851827439978902, 0.0 ], [ -74.388772423313753, 3.851724577699566, 0.0 ], [ -74.388771798086339, 3.851540877549371, 0.0 ], [ -74.388767794295092, 3.851512402530251, 0.0 ], [ -74.388754874724697, 3.851420497315607, 0.0 ], [ -74.388754841487028, 3.8514204049981, 0.0 ], [ -74.388720515961708, 3.851323295933392, 0.0 ], [ -74.388720484520661, 3.851237386856433, 0.0 ], [ -74.388743504748163, 3.851185456002797, 0.0 ], [ -74.388743537985803, 3.851185380714742, 0.0 ], [ -74.388743722140447, 3.851184994415117, 0.0 ], [ -74.38880089092514, 3.851064973542049, 0.0 ], [ -74.38890253080794, 3.850927810266334, 0.0 ], [ -74.388902689809754, 3.850927594261138, 0.0 ], [ -74.388971302232832, 3.850824139427264, 0.0 ], [ -74.38904552193992, 3.85066359735471, 0.0 ], [ -74.389045867791296, 3.850662894665477, 0.0 ], [ -74.38909612942976, 3.850560714320117, 0.0 ], [ -74.389199043123654, 3.850377000474441, 0.0 ], [ -74.389341330874771, 3.850205129239904, 0.0 ], [ -74.389353004481904, 3.850186616415198, 0.0 ], [ -74.38956910410495, 3.849843877677288, 0.0 ], [ -74.389751251003531, 3.84937413380962, 0.0 ], [ -74.389722510304338, 3.849259409748008, 0.0 ], [ -74.389431509152885, 3.849012524275116, 0.0 ], [ -74.389260979267561, 3.848921023913291, 0.0 ], [ -74.389186313996092, 3.848848467510943, 0.0 ], [ -74.389084224057299, 3.848749279657934, 0.0 ], [ -74.389084160276923, 3.848749024215463, 0.0 ], [ -74.389044231060865, 3.848611372985206, 0.0 ], [ -74.389020555961551, 3.848468432727581, 0.0 ], [ -74.389020547876711, 3.848468387913108, 0.0 ], [ -74.389026678878523, 3.848307870492524, 0.0 ], [ -74.389072202802183, 3.848141684007652, 0.0 ], [ -74.389072311498339, 3.848141343417471, 0.0 ], [ -74.389094683142162, 3.848072724350845, 0.0 ], [ -74.389125146810088, 3.847958785264149, 0.0 ], [ -74.389134580917201, 3.847923499216003, 0.0 ], [ -74.38917447599728, 3.847762968248382, 0.0 ], [ -74.389196939269269, 3.847636922028228, 0.0 ], [ -74.389231184844533, 3.847413091371994, 0.0 ], [ -74.389231143522025, 3.8472989227466, 0.0 ], [ -74.389202378568328, 3.847092084784191, 0.0 ], [ -74.389236038442007, 3.846823027124085, 0.0 ], [ -74.389259043398127, 3.8466336792798, 0.0 ], [ -74.38928769696075, 3.846507631996298, 0.0 ], [ -74.3892877131304, 3.846507603314946, 0.0 ], [ -74.389389491353782, 3.846364032611246, 0.0 ], [ -74.389492427505573, 3.84626113202774, 0.0 ], [ -74.389492449065145, 3.846261113205586, 0.0 ], [ -74.389547315467738, 3.846224183287652, 0.0 ], [ -74.389679761276597, 3.846135024637543, 0.0 ], [ -74.389822641915799, 3.846008935154569, 0.0 ], [ -74.389964974582682, 3.845916756873161, 0.0 ], [ -74.390096061240527, 3.845865278322771, 0.0 ], [ -74.390279895175212, 3.845794140491105, 0.0 ], [ -74.390289038228161, 3.845790603721131, 0.0 ], [ -74.390574254229179, 3.845590422158211, 0.0 ], [ -74.390625401606528, 3.845429888062183, 0.0 ], [ -74.390619733237088, 3.845309502483242, 0.0 ], [ -74.390591242269522, 3.845211649694917, 0.0 ], [ -74.390567905835084, 3.845131497788675, 0.0 ], [ -74.390559657504127, 3.845113489466798, 0.0 ], [ -74.390558576830855, 3.845111127734316, 0.0 ], [ -74.390557641684651, 3.84510908508223, 0.0 ], [ -74.390465409857782, 3.844907705911278, 0.0 ], [ -74.39036794893768, 3.844581043662807, 0.0 ], [ -74.390373552628404, 3.844518319233754, 0.0 ], [ -74.390316657829885, 3.844340302722168, 0.0 ], [ -74.390287862333466, 3.844065062452018, 0.0 ], [ -74.390339022287208, 3.843944656961851, 0.0 ], [ -74.390367039842602, 3.84384772182243, 0.0 ], [ -74.390367129674118, 3.843847447556318, 0.0 ], [ -74.390394644172957, 3.843779995119528, 0.0 ], [ -74.390394822039397, 3.843779559520377, 0.0 ], [ -74.390470007435411, 3.843595319880134, 0.0 ], [ -74.390503744564214, 3.843526353581425, 0.0 ], [ -74.390566148730372, 3.843371469340395, 0.0 ], [ -74.390585902683483, 3.843337664678021, 0.0 ], [ -74.390639816871897, 3.843245403648657, 0.0 ], [ -74.390657213645682, 3.843113708307794, 0.0 ], [ -74.390657222628832, 3.84311367783378, 0.0 ], [ -74.390657236103564, 3.843113636604198, 0.0 ], [ -74.390719604337107, 3.842924345298929, 0.0 ], [ -74.390725179281773, 3.842792640049239, 0.0 ], [ -74.390708253225171, 3.842649097401415, 0.0 ], [ -74.39069409936954, 3.842584219927701, 0.0 ], [ -74.390684581719128, 3.842540588246383, 0.0 ], [ -74.390616424741893, 3.842328113219805, 0.0 ], [ -74.390593881519834, 3.842242197858185, 0.0 ], [ -74.390484659856, 3.842070417301554, 0.0 ], [ -74.390484302326527, 3.842070004108966, 0.0 ], [ -74.390405284717502, 3.841978320157394, 0.0 ], [ -74.390348318952078, 3.841887516359219, 0.0 ], [ -74.390347857218018, 3.841886777810848, 0.0 ], [ -74.39034774672524, 3.841886626336753, 0.0 ], [ -74.390285370406858, 3.841800891086268, 0.0 ], [ -74.390279126217322, 3.841651718631437, 0.0 ], [ -74.390279126217322, 3.84165168188327, 0.0 ], [ -74.390347733250508, 3.841536924515628, 0.0 ], [ -74.390438279837895, 3.841388244978034, 0.0 ], [ -74.390529943929494, 3.841255956001728, 0.0 ], [ -74.390631758983787, 3.841158704163829, 0.0 ], [ -74.390639798007271, 3.841151290888722, 0.0 ], [ -74.390639908500049, 3.841151189607151, 0.0 ], [ -74.390774635131407, 3.841026964582302, 0.0 ], [ -74.390928198535974, 3.840883347244686, 0.0 ], [ -74.390928555167136, 3.840883076562817, 0.0 ], [ -74.391048020320142, 3.84079174562503, 0.0 ], [ -74.391218417254819, 3.840676987245437, 0.0 ], [ -74.391218474746992, 3.840676948704645, 0.0 ], [ -74.3914119898255, 3.840533883427686, 0.0 ], [ -74.391588629153063, 3.840413432624271, 0.0 ], [ -74.391804939880231, 3.840200216725622, 0.0 ], [ -74.391850191614353, 3.840155611542352, 0.0 ], [ -74.392037505622454, 3.839977505386857, 0.0 ], [ -74.392129187680325, 3.839880260573697, 0.0 ], [ -74.392219736064348, 3.839754188988366, 0.0 ], [ -74.392316434314793, 3.839513381255861, 0.0 ], [ -74.392316449586161, 3.839512717994603, 0.0 ], [ -74.392321980513344, 3.839289561015753, 0.0 ], [ -74.392355687099439, 3.839146569002833, 0.0 ], [ -74.392418673373911, 3.839037449022503, 0.0 ], [ -74.392474907910696, 3.838939651085362, 0.0 ], [ -74.392526617633393, 3.838779682199346, 0.0 ], [ -74.392571574720108, 3.838624801578321, 0.0 ], [ -74.392611492258084, 3.838527009867994, 0.0 ], [ -74.392647674601093, 3.838416285431169, 0.0 ], [ -74.392650837569207, 3.838406606285359, 0.0 ], [ -74.392673867678141, 3.838291863718555, 0.0 ], [ -74.392690682343627, 3.838125677970973, 0.0 ], [ -74.392685034635434, 3.838110828064228, 0.0 ], [ -74.392683393413407, 3.838106514169851, 0.0 ], [ -74.392450757602603, 3.837495020094613, 0.0 ], [ -74.392358956068762, 3.837375097680259, 0.0 ], [ -74.392358297603664, 3.837374238127329, 0.0 ], [ -74.392358112550724, 3.837373997022277, 0.0 ], [ -74.392262167088489, 3.837248662722992, 0.0 ], [ -74.392214441394074, 3.83715051502346, 0.0 ], [ -74.392214402766513, 3.837150437045215, 0.0 ], [ -74.392159119545596, 3.837036751049313, 0.0 ], [ -74.392204593163598, 3.836744529776257, 0.0 ], [ -74.392346887202919, 3.836555138465442, 0.0 ], [ -74.392381369933418, 3.836502274563381, 0.0 ], [ -74.392414371342014, 3.836451682784281, 0.0 ], [ -74.392459929401639, 3.836394581158515, 0.0 ], [ -74.392543232872896, 3.83627058937659, 0.0 ], [ -74.392543487994445, 3.836270209344376, 0.0 ], [ -74.392590966652151, 3.836199542167985, 0.0 ], [ -74.39265959075334, 3.836136781270883, 0.0 ], [ -74.392744493225777, 3.836022041088109, 0.0 ], [ -74.392744512988713, 3.836022014199051, 0.0 ], [ -74.392898050342126, 3.835798141954787, 0.0 ], [ -74.392982969882567, 3.835672074248397, 0.0 ], [ -74.393034108276751, 3.835517230708696, 0.0 ], [ -74.393034119954834, 3.835517190375026, 0.0 ], [ -74.393034039106468, 3.835516512769809, 0.0 ], [ -74.393010981149757, 3.835322207651397, 0.0 ], [ -74.392999674953586, 3.835167914378672, 0.0 ], [ -74.393055807082433, 3.834783559590592, 0.0 ], [ -74.393055950812894, 3.834783195691156, 0.0 ], [ -74.393174987469507, 3.834491312450504, 0.0 ], [ -74.393231751113973, 3.834313255307078, 0.0 ], [ -74.393356571124414, 3.834026655622794, 0.0 ], [ -74.393361987067237, 3.833951742464718, 0.0 ], [ -74.39336776772609, 3.83387178668845, 0.0 ], [ -74.393458885642005, 3.833768889080543, 0.0 ], [ -74.393544366629484, 3.833635472268555, 0.0 ], [ -74.393583732601883, 3.833573850387154, 0.0 ], [ -74.393657363912453, 3.833419009156281, 0.0 ], [ -74.393657384573686, 3.833418961652076, 0.0 ], [ -74.393702365016608, 3.833310427124131, 0.0 ], [ -74.393759499665293, 3.833132978326364, 0.0 ], [ -74.393759702684562, 3.833132381386758, 0.0 ], [ -74.393838942177467, 3.832885929541836, 0.0 ], [ -74.393890101232884, 3.832749121865989, 0.0 ], [ -74.393940675485069, 3.832559762833275, 0.0 ], [ -74.393969329047692, 3.832439364684058, 0.0 ], [ -74.393997415773342, 3.832307664091819, 0.0 ], [ -74.394059807363092, 3.83211830137615, 0.0 ], [ -74.394104768941375, 3.831974727356404, 0.0 ], [ -74.394127788270538, 3.831831723363911, 0.0 ], [ -74.3941159314071, 3.831716993359052, 0.0 ], [ -74.394115885593038, 3.831715717913903, 0.0 ], [ -74.39410399189866, 3.831379010182175, 0.0 ], [ -74.394109593792777, 3.831304402433123, 0.0 ], [ -74.394109010786153, 3.83119903429218, 0.0 ], [ -74.394109010786153, 3.831198999336153, 0.0 ], [ -74.394108991023217, 3.831195319992816, 0.0 ], [ -74.394108878733803, 3.831193665408667, 0.0 ], [ -74.394073920794526, 3.830684394837657, 0.0 ], [ -74.39407386689561, 3.830512575208713, 0.0 ], [ -74.394076418111027, 3.830422334866448, 0.0 ], [ -74.39407645853521, 3.83042090525428, 0.0 ], [ -74.394084417608624, 3.830140109658322, 0.0 ], [ -74.39412104282107, 3.829890602329884, 0.0 ], [ -74.394124206687508, 3.829869050576602, 0.0 ], [ -74.394129886735044, 3.829830366769078, 0.0 ], [ -74.394129893921559, 3.829830340776109, 0.0 ], [ -74.394219807196663, 3.829532475668387, 0.0 ], [ -74.394305270217856, 3.829343665361659, 0.0 ], [ -74.394470036512317, 3.82907401233809, 0.0 ], [ -74.394594405568469, 3.828902815321415, 0.0 ], [ -74.394594891557034, 3.828902148466652, 0.0 ], [ -74.394663519251466, 3.828850689505985, 0.0 ], [ -74.394733334518719, 3.828764229625414, 0.0 ], [ -74.394765320831056, 3.828724614501481, 0.0 ], [ -74.394805248250478, 3.828661298239749, 0.0 ], [ -74.394833347552577, 3.8285697275775, 0.0 ], [ -74.394862005606768, 3.828454980105466, 0.0 ], [ -74.394884476963597, 3.828357759974618, 0.0 ], [ -74.39491817097327, 3.828168407140704, 0.0 ], [ -74.394923769274129, 3.828093799111789, 0.0 ], [ -74.394924377433583, 3.828072219527635, 0.0 ], [ -74.39492876750036, 3.827916338476532, 0.0 ], [ -74.39491745591431, 3.827749595895897, 0.0 ], [ -74.394894351245199, 3.827641087538242, 0.0 ], [ -74.394877432375154, 3.827543315187048, 0.0 ], [ -74.394836858168688, 3.827377164099575, 0.0 ], [ -74.394836771032118, 3.827375973797544, 0.0 ], [ -74.394825550175895, 3.827222303821225, 0.0 ], [ -74.394824950101295, 3.827125102372994, 0.0 ], [ -74.394830544808883, 3.827027308451418, 0.0 ], [ -74.394870267412429, 3.826833065043259, 0.0 ], [ -74.394870423719297, 3.826832302281478, 0.0 ], [ -74.394937897976916, 3.826700587381794, 0.0 ], [ -74.395017174300733, 3.826528738271335, 0.0 ], [ -74.395017347675591, 3.826528457725471, 0.0 ], [ -74.395188130885842, 3.826253428626786, 0.0 ], [ -74.395324189718764, 3.826156219001807, 0.0 ], [ -74.395324266075562, 3.826156163430392, 0.0 ], [ -74.39539792882718, 3.826024448426742, 0.0 ], [ -74.395437840975248, 3.825921002227973, 0.0 ], [ -74.395449066323039, 3.825840740058593, 0.0 ], [ -74.395477726173851, 3.825737299215521, 0.0 ], [ -74.395488371209979, 3.825616922514577, 0.0 ], [ -74.395493955137795, 3.825490866752976, 0.0 ], [ -74.395545013581909, 3.82534247124576, 0.0 ], [ -74.395545106108372, 3.825342202351578, 0.0 ], [ -74.395601830226994, 3.825049413302808, 0.0 ], [ -74.39560123015238, 3.824940894743664, 0.0 ], [ -74.395583742648753, 3.824814296612378, 0.0 ], [ -74.395571884887005, 3.824705783401324, 0.0 ], [ -74.395492504358614, 3.82458542537815, 0.0 ], [ -74.395492435188331, 3.824585239841015, 0.0 ], [ -74.395451951711735, 3.8244763582156, 0.0 ], [ -74.39542324155525, 3.824304839399295, 0.0 ], [ -74.395423193046213, 3.824304548993241, 0.0 ], [ -74.395423158910248, 3.824304357181825, 0.0 ], [ -74.395400074902383, 3.82417230219011, 0.0 ], [ -74.395416859025161, 3.824017808821783, 0.0 ], [ -74.395416899449344, 3.824017431473053, 0.0 ], [ -74.395484899221415, 3.823770984174938, 0.0 ], [ -74.395484909102876, 3.823770959974454, 0.0 ], [ -74.395546743737142, 3.82363926880471, 0.0 ], [ -74.395643855212612, 3.823542216634769, 0.0 ], [ -74.395644052841973, 3.823542018548997, 0.0 ], [ -74.395780190726668, 3.823456061862176, 0.0 ], [ -74.39589376562634, 3.823375802150919, 0.0 ], [ -74.395893821321891, 3.823375763609314, 0.0 ], [ -74.396024892708368, 3.823277934303532, 0.0 ], [ -74.396172834455868, 3.823163713156672, 0.0 ], [ -74.396173090475727, 3.823163455017625, 0.0 ], [ -74.396280832614266, 3.823054590241619, 0.0 ], [ -74.396401051453793, 3.822956345008392, 0.0 ], [ -74.396427797893082, 3.822934486540469, 0.0 ], [ -74.396428210219796, 3.822934150421804, 0.0 ], [ -74.396428523731828, 3.822933759627852, 0.0 ], [ -74.396644746424073, 3.822664472973, 0.0 ], [ -74.396675512824245, 3.822634677613103, 0.0 ], [ -74.396797783415877, 3.822516273269865, 0.0 ], [ -74.396798302642125, 3.822515770436091, 0.0 ], [ -74.396995367862644, 3.822399716219528, 0.0 ], [ -74.396995398405352, 3.822399698293184, 0.0 ], [ -74.397139215089069, 3.822315003506254, 0.0 ], [ -74.397139482787026, 3.822314909392979, 0.0 ], [ -74.397304059536978, 3.822257293234442, 0.0 ], [ -74.397401375828323, 3.822183215310675, 0.0 ], [ -74.39740230738127, 3.822182265214426, 0.0 ], [ -74.397474495099189, 3.822108584352733, 0.0 ], [ -74.397570573512084, 3.822023234329059, 0.0 ], [ -74.397571246350253, 3.82202263827801, 0.0 ], [ -74.397627593176438, 3.821984688200164, 0.0 ], [ -74.397741696285507, 3.821907840631836, 0.0 ], [ -74.39786713613347, 3.821804365254111, 0.0 ], [ -74.398054452836504, 3.821626815477321, 0.0 ], [ -74.39815738808997, 3.821552182678334, 0.0 ], [ -74.398236664413801, 3.821391636002347, 0.0 ], [ -74.398236679685155, 3.821391614490717, 0.0 ], [ -74.398360918485579, 3.821168381977357, 0.0 ], [ -74.398360940045151, 3.82116834074672, 0.0 ], [ -74.398457624820864, 3.820944524671904, 0.0 ], [ -74.398457639193907, 3.82094448792286, 0.0 ], [ -74.398502611551976, 3.820835388029705, 0.0 ], [ -74.39854251741184, 3.820703683860741, 0.0 ], [ -74.398581860028031, 3.820583283148836, 0.0 ], [ -74.398644250719457, 3.820422754217927, 0.0 ], [ -74.398694842937942, 3.820267862208405, 0.0 ], [ -74.398762884930818, 3.820136143611211, 0.0 ], [ -74.398882090470707, 3.819929807291115, 0.0 ], [ -74.399001331943211, 3.819774890991951, 0.0 ], [ -74.399370929393825, 3.819574118939068, 0.0 ], [ -74.399553219124527, 3.819528272174054, 0.0 ], [ -74.399723696907586, 3.819488078496855, 0.0 ], [ -74.399723919689748, 3.819488031888231, 0.0 ], [ -74.39985478985362, 3.819460337392166, 0.0 ], [ -74.400019473503079, 3.819356936113858, 0.0 ], [ -74.400019617233525, 3.81935684648182, 0.0 ], [ -74.400104561028471, 3.819299729374996, 0.0 ], [ -74.400286830996251, 3.819196233067376, 0.0 ], [ -74.400287224458353, 3.819195810004165, 0.0 ], [ -74.400377386566774, 3.819098985893188, 0.0 ], [ -74.40048537304709, 3.818967254568114, 0.0 ], [ -74.400627067011797, 3.818777901452721, 0.0 ], [ -74.400627096656208, 3.818777862910925, 0.0 ], [ -74.400797502574022, 3.81856018780399, 0.0 ], [ -74.400858807202269, 3.818476535059468, 0.0 ], [ -74.400859712704076, 3.818475299032728, 0.0 ], [ -74.400927984665671, 3.818382114800702, 0.0 ], [ -74.401104003257387, 3.818181432950487, 0.0 ], [ -74.401104029308541, 3.818181405164525, 0.0 ], [ -74.401365028526115, 3.817952403986547, 0.0 ], [ -74.401467409519043, 3.817860800809284, 0.0 ], [ -74.401501707196601, 3.817814447530937, 0.0 ], [ -74.401625690875491, 3.81769487013355, 0.0 ], [ -74.401626578410998, 3.817694015042467, 0.0 ], [ -74.401705880785954, 3.817596771283418, 0.0 ], [ -74.401802048132055, 3.817459393794775, 0.0 ], [ -74.401802574544817, 3.817458697352482, 0.0 ], [ -74.401927462827189, 3.817293178907282, 0.0 ], [ -74.402023127116763, 3.817179021498954, 0.0 ], [ -74.402023639156468, 3.817178409310763, 0.0 ], [ -74.40215337474811, 3.817068274582732, 0.0 ], [ -74.402153777193362, 3.81706793308384, 0.0 ], [ -74.402156144254121, 3.817065923528721, 0.0 ], [ -74.402233451470849, 3.817000295686359, 0.0 ], [ -74.402233639218736, 3.817000160341658, 0.0 ], [ -74.402500649962221, 3.816805769458253, 0.0 ], [ -74.402568705429829, 3.816725485820561, 0.0 ], [ -74.402630023532822, 3.816668331789456, 0.0 ], [ -74.402630578691657, 3.8166678146111, 0.0 ], [ -74.40263106917179, 3.816666707652248, 0.0 ], [ -74.402704227968528, 3.816501619289502, 0.0 ], [ -74.402766626744793, 3.816341080632088, 0.0 ], [ -74.402897620876161, 3.816048827201996, 0.0 ], [ -74.40300494978969, 3.81565880265554, 0.0 ], [ -74.403027387010511, 3.815470018872781, 0.0 ], [ -74.403027528046024, 3.815468931631523, 0.0 ], [ -74.403054879051496, 3.815257496792848, 0.0 ], [ -74.40308718696069, 3.815079427586391, 0.0 ], [ -74.403089135406518, 3.815068707544, 0.0 ], [ -74.403089142593046, 3.815068683343235, 0.0 ], [ -74.40310842133735, 3.814997822604775, 0.0 ], [ -74.403108852528703, 3.814996235213712, 0.0 ], [ -74.403173420736366, 3.814758950247721, 0.0 ], [ -74.403258295361056, 3.814529460556365, 0.0 ], [ -74.403304183102392, 3.814428770964643, 0.0 ], [ -74.403360062804651, 3.814306159034421, 0.0 ], [ -74.403439331941939, 3.814122441883183, 0.0 ], [ -74.4035529167231, 3.813921754556128, 0.0 ], [ -74.403694599009711, 3.813612540020082, 0.0 ], [ -74.403749520209558, 3.813496083942165, 0.0 ], [ -74.403749543565738, 3.813496031955223, 0.0 ], [ -74.403751383315452, 3.813492132935999, 0.0 ], [ -74.403751471350347, 3.813491905269108, 0.0 ], [ -74.403807598089287, 3.813348552212215, 0.0 ], [ -74.403892932651416, 3.813239629723073, 0.0 ], [ -74.403893085364999, 3.813239437012844, 0.0 ], [ -74.404386962938531, 3.812827226203059, 0.0 ], [ -74.404568670560948, 3.812741250516889, 0.0 ], [ -74.40477286660817, 3.812695401594492, 0.0 ], [ -74.404772904337406, 3.81269539442388, 0.0 ], [ -74.405068853409446, 3.812649500682685, 0.0 ], [ -74.40530739923652, 3.812557848538378, 0.0 ], [ -74.405307430677553, 3.812557833300824, 0.0 ], [ -74.405562800153277, 3.812431715567349, 0.0 ], [ -74.405648252394684, 3.812328296412746, 0.0 ], [ -74.405648282937392, 3.812328253389027, 0.0 ], [ -74.405715765279851, 3.812207842539765, 0.0 ], [ -74.40579559496588, 3.812024689626599, 0.0 ], [ -74.40579560305072, 3.812024662736777, 0.0 ], [ -74.405885487579724, 3.811645987464454, 0.0 ], [ -74.405884867742202, 3.811508634121665, 0.0 ], [ -74.405890928675419, 3.81133297257336, 0.0 ], [ -74.40589099155747, 3.811331160197097, 0.0 ], [ -74.405890989760849, 3.811330289862112, 0.0 ], [ -74.405890307041247, 3.810998260135793, 0.0 ], [ -74.405907057028017, 3.810844059289352, 0.0 ], [ -74.405907128893247, 3.810843391524212, 0.0 ], [ -74.405907280708533, 3.810842149212187, 0.0 ], [ -74.405952007826528, 3.810476562517701, 0.0 ], [ -74.405991817566644, 3.810316344517322, 0.0 ], [ -74.405991892126821, 3.810316032594624, 0.0 ], [ -74.406071172942234, 3.810155488300338, 0.0 ], [ -74.406115472462147, 3.810076436495037, 0.0 ], [ -74.40611615787671, 3.810075213004809, 0.0 ], [ -74.406116213572261, 3.810075130542466, 0.0 ], [ -74.406184201666221, 3.809972321505208, 0.0 ], [ -74.406274774304734, 3.809920856031528, 0.0 ], [ -74.406360255292213, 3.809892009443064, 0.0 ], [ -74.406360279546746, 3.809891997790746, 0.0 ], [ -74.40646830555292, 3.809846178295375, 0.0 ], [ -74.406547618707663, 3.80978849855741, 0.0 ], [ -74.406604411996554, 3.809685612401498, 0.0 ], [ -74.406666834129012, 3.809594027166087, 0.0 ], [ -74.406717419160984, 3.809444797116881, 0.0 ], [ -74.406717428144148, 3.809444766641633, 0.0 ], [ -74.406756750099078, 3.809295570627072, 0.0 ], [ -74.406842194255645, 3.809146934793391, 0.0 ], [ -74.406842223900057, 3.809146893562143, 0.0 ], [ -74.407046400184342, 3.808957474643656, 0.0 ], [ -74.407131909019597, 3.808911663165509, 0.0 ], [ -74.407135522043674, 3.808910512276429, 0.0 ], [ -74.407222487048017, 3.808882803098249, 0.0 ], [ -74.407238605519169, 3.808876481275161, 0.0 ], [ -74.407324879719042, 3.808842634916784, 0.0 ], [ -74.407409549527827, 3.808820073366105, 0.0 ], [ -74.407409835192098, 3.80881999717794, 0.0 ], [ -74.407562859607495, 3.808762854273586, 0.0 ], [ -74.407642736904236, 3.808711389623912, 0.0 ], [ -74.407881266561631, 3.808590913732536, 0.0 ], [ -74.407983650249491, 3.808528140058866, 0.0 ], [ -74.408159091224491, 3.808361952127223, 0.0 ], [ -74.408159140631824, 3.808361907310651, 0.0 ], [ -74.408238428633751, 3.808235273571274, 0.0 ], [ -74.408312088690423, 3.808097902653695, 0.0 ], [ -74.40833746789383, 3.808055284760441, 0.0 ], [ -74.408414429259167, 3.807926047131339, 0.0 ], [ -74.408493703786363, 3.807765498805866, 0.0 ], [ -74.408635431887049, 3.807587409225196, 0.0 ], [ -74.408822155702012, 3.807444368900769, 0.0 ], [ -74.40882218624472, 3.807444348285139, 0.0 ], [ -74.409063206032087, 3.807333274746306, 0.0 ], [ -74.409146193296351, 3.807295028229899, 0.0 ], [ -74.409146225635709, 3.807295011199594, 0.0 ], [ -74.409327910800229, 3.807146297935818, 0.0 ], [ -74.409469632612712, 3.806951250501705, 0.0 ], [ -74.409543205532785, 3.806779574017111, 0.0 ], [ -74.409543281889597, 3.806779409091801, 0.0 ], [ -74.409543387890807, 3.806779069381489, 0.0 ], [ -74.409605101252509, 3.806590039847026, 0.0 ], [ -74.409639358505856, 3.806418209121026, 0.0 ], [ -74.409640012479386, 3.806414592414833, 0.0 ], [ -74.409640017869279, 3.806414568213814, 0.0 ], [ -74.40967361126765, 3.806228854138215, 0.0 ], [ -74.4097011266648, 3.806102849311555, 0.0 ], [ -74.409701139241207, 3.806102808080193, 0.0 ], [ -74.409724164858574, 3.805999367549325, 0.0 ], [ -74.409803357639092, 3.805879104605995, 0.0 ], [ -74.409803419622833, 3.805879004216532, 0.0 ], [ -74.409803456453758, 3.805878950436508, 0.0 ], [ -74.409803569641483, 3.805878788200001, 0.0 ], [ -74.409882749845565, 3.805764186487394, 0.0 ], [ -74.410001990419758, 3.80562679814521, 0.0 ], [ -74.410178039554197, 3.805483748531783, 0.0 ], [ -74.410450283882511, 3.805237209870059, 0.0 ], [ -74.410592020068037, 3.805099259441817, 0.0 ], [ -74.410739967205458, 3.804991241206964, 0.0 ], [ -74.41089857015875, 3.804904726040516, 0.0 ], [ -74.41089860519304, 3.804904706321141, 0.0 ], [ -74.411256440103315, 3.804847486968466, 0.0 ], [ -74.411421225262401, 3.804641127260008, 0.0 ], [ -74.411422064288871, 3.8046400633098, 0.0 ], [ -74.411511771849788, 3.804526358664333, 0.0 ], [ -74.411573613670569, 3.804463621444133, 0.0 ], [ -74.411573638823398, 3.804463598139407, 0.0 ], [ -74.411732833766493, 3.80434880352635, 0.0 ], [ -74.411852077933929, 3.804251544813478, 0.0 ], [ -74.411943209324548, 3.804182554733661, 0.0 ], [ -74.412084110076876, 3.804102414227978, 0.0 ], [ -74.412084407419229, 3.804102244820465, 0.0 ], [ -74.412277866802171, 3.803918510253107, 0.0 ], [ -74.412277893751636, 3.803918483363043, 0.0 ], [ -74.41239655311584, 3.803746617147053, 0.0 ], [ -74.412521368634685, 3.803626231091131, 0.0 ], [ -74.412521420736965, 3.803626183585298, 0.0 ], [ -74.412658083237758, 3.803454311036644, 0.0 ], [ -74.412748614553777, 3.803305066478409, 0.0 ], [ -74.412748940642217, 3.803304547499351, 0.0 ], [ -74.412816657444964, 3.803196523661506, 0.0 ], [ -74.412900248377113, 3.803077982190536, 0.0 ], [ -74.412901573392148, 3.803076105260615, 0.0 ], [ -74.41296397755832, 3.802938173309462, 0.0 ], [ -74.413037621445298, 3.802766325721076, 0.0 ], [ -74.413105614929151, 3.802531178733892, 0.0 ], [ -74.413133764536894, 3.802342459296717, 0.0 ], [ -74.413133952284781, 3.80234119456397, 0.0 ], [ -74.413144904544737, 3.802267795244862, 0.0 ], [ -74.413105426282954, 3.802027027184816, 0.0 ], [ -74.413105378672242, 3.802026726911537, 0.0 ], [ -74.413076659532607, 3.801843349540774, 0.0 ], [ -74.413087814811789, 3.801660153191408, 0.0 ], [ -74.413087843557889, 3.801659655723496, 0.0 ], [ -74.41318960112001, 3.801425062371852, 0.0 ], [ -74.41320158644254, 3.801384211728769, 0.0 ], [ -74.41325197474346, 3.801212524275358, 0.0 ], [ -74.41325199270976, 3.80121185650275, 0.0 ], [ -74.413257526331904, 3.801018095764858, 0.0 ], [ -74.413291704533535, 3.800834790783112, 0.0 ], [ -74.413291779992008, 3.800834392808409, 0.0 ], [ -74.413291842874088, 3.80083421533319, 0.0 ], [ -74.413365409505943, 3.800628068889181, 0.0 ], [ -74.413455795294894, 3.800496569577098, 0.0 ], [ -74.413455948906815, 3.800496345492161, 0.0 ], [ -74.413461542716078, 3.800409868417219, 0.0 ], [ -74.413438420978991, 3.800272535691028, 0.0 ], [ -74.41339842349096, 3.800140861538435, 0.0 ], [ -74.413342205123854, 3.800048891654744, 0.0 ], [ -74.413342121580527, 3.800048755411028, 0.0 ], [ -74.413256563337924, 3.799962877942905, 0.0 ], [ -74.413241605490128, 3.799926973236837, 0.0 ], [ -74.413227843299964, 3.799893934129599, 0.0 ], [ -74.413176622260792, 3.799848174157279, 0.0 ], [ -74.413035703542178, 3.799727786660705, 0.0 ], [ -74.413029157518693, 3.799722192599049, 0.0 ], [ -74.412944935070911, 3.799654343198451, 0.0 ], [ -74.412943605564294, 3.799653272071359, 0.0 ], [ -74.412847350183284, 3.799549877376228, 0.0 ], [ -74.412790693438311, 3.799475556381138, 0.0 ], [ -74.412790514673574, 3.799475326917909, 0.0 ], [ -74.41279049041907, 3.799475295545986, 0.0 ], [ -74.412727439465911, 3.799383756731331, 0.0 ], [ -74.412642636706451, 3.799223112698692, 0.0 ], [ -74.412642421110775, 3.799222699485417, 0.0 ], [ -74.412857759860799, 3.798787411927967, 0.0 ], [ -74.412902719642474, 3.798661369263623, 0.0 ], [ -74.41299418969794, 3.798552495112156, 0.0 ], [ -74.41299439181887, 3.798552253996188, 0.0 ], [ -74.412995811157032, 3.798550745452933, 0.0 ], [ -74.413113066454443, 3.7984261682731, 0.0 ], [ -74.41326656787524, 3.798276944356933, 0.0 ], [ -74.413266615485938, 3.798276897747163, 0.0 ], [ -74.413425791564407, 3.798116322526779, 0.0 ], [ -74.413515885400869, 3.798048255188761, 0.0 ], [ -74.413516353423148, 3.798047901133549, 0.0 ], [ -74.413519776902689, 3.798044440355766, 0.0 ], [ -74.41364147257255, 3.797921448732708, 0.0 ], [ -74.413641912747039, 3.797921004146823, 0.0 ], [ -74.413642142715744, 3.797920770201455, 0.0 ], [ -74.413726145974593, 3.797835872223924, 0.0 ], [ -74.413726381333191, 3.797835412400218, 0.0 ], [ -74.413817230652839, 3.797658366799995, 0.0 ], [ -74.413845241021704, 3.797567076079571, 0.0 ], [ -74.413845327259963, 3.797566792835248, 0.0 ], [ -74.413916146843704, 3.797388943160255, 0.0 ], [ -74.413952694801054, 3.797297154940929, 0.0 ], [ -74.41403250741908, 3.797188103141374, 0.0 ], [ -74.414032548741602, 3.79718804129372, 0.0 ], [ -74.414137869920452, 3.797058568089763, 0.0 ], [ -74.414214207854982, 3.796964720934394, 0.0 ], [ -74.414333457412326, 3.796878766073796, 0.0 ], [ -74.414333478073573, 3.796878749939593, 0.0 ], [ -74.414487028901718, 3.796780929273267, 0.0 ], [ -74.41458934701258, 3.796689374038668, 0.0 ], [ -74.41458940001317, 3.796689327428809, 0.0 ], [ -74.414617511891677, 3.796632232122856, 0.0 ], [ -74.414616910020442, 3.796528803004721, 0.0 ], [ -74.414609017422364, 3.796491352858826, 0.0 ], [ -74.414599997438586, 3.796448550641283, 0.0 ], [ -74.415453818268375, 3.795657500706729, 0.0 ], [ -74.415462571452494, 3.79499001397428, 0.0 ], [ -74.415486008498263, 3.794916629267774, 0.0 ], [ -74.415486558267219, 3.794914903802521, 0.0 ], [ -74.41561711491903, 3.794506153086304, 0.0 ], [ -74.415890064424858, 3.794014067051652, 0.0 ], [ -74.415891869140253, 3.794010811521055, 0.0 ], [ -74.415892911185978, 3.794008932778715, 0.0 ], [ -74.416011269614557, 3.793795552082882, 0.0 ], [ -74.416126261157444, 3.79367316937058, 0.0 ], [ -74.416128127856609, 3.793671183065888, 0.0 ], [ -74.416250864673884, 3.793540557528815, 0.0 ], [ -74.416502185442596, 3.793052133420223, 0.0 ], [ -74.416765856249839, 3.792477794072756, 0.0 ], [ -74.417210681317286, 3.791847429858167, 0.0 ], [ -74.417587431154189, 3.791245352178665, 0.0 ], [ -74.41851810734812, 3.789957520328913, 0.0 ], [ -74.418518136992517, 3.789957482682176, 0.0 ], [ -74.419087898851359, 3.789528308949499, 0.0 ], [ -74.419087942868799, 3.789528278473577, 0.0 ], [ -74.419565556444127, 3.789291833550078, 0.0 ], [ -74.420903218869071, 3.788440705329152, 0.0 ], [ -74.421160225075226, 3.788242828364997, 0.0 ], [ -74.421160274482574, 3.788242784443713, 0.0 ], [ -74.421382758432372, 3.788009528392021, 0.0 ], [ -74.421386368761489, 3.788005743094356, 0.0 ], [ -74.421387111668238, 3.788004964163818, 0.0 ], [ -74.421867789396984, 3.787501007608406, 0.0 ], [ -74.421867815448124, 3.787500978028738, 0.0 ], [ -74.422279975975201, 3.786819190842642, 0.0 ], [ -74.423944551501748, 3.784549286141876, 0.0 ], [ -74.424150925065206, 3.784237216043456, 0.0 ], [ -74.424481161035018, 3.784114440271095, 0.0 ], [ -74.42450635338885, 3.784111339772985, 0.0 ], [ -74.424507255297385, 3.784111228624736, 0.0 ], [ -74.424918877733617, 3.784060573708623, 0.0 ], [ -74.425238421056605, 3.783949106350648, 0.0 ], [ -74.4257284116199, 3.783752780850507, 0.0 ], [ -74.425944186951142, 3.783862945827, 0.0 ], [ -74.425948824054629, 3.783865313105949, 0.0 ], [ -74.426341268357859, 3.784065664119116, 0.0 ], [ -74.426594194415983, 3.784469055972005, 0.0 ], [ -74.426628958319185, 3.784524495614457, 0.0 ], [ -74.427002683528499, 3.784825024129012, 0.0 ], [ -74.427447139388377, 3.784731587969703, 0.0 ], [ -74.427559126066626, 3.784615314435778, 0.0 ], [ -74.427561176920435, 3.784613186486025, 0.0 ], [ -74.427561490432467, 3.784612858419621, 0.0 ], [ -74.427823965582078, 3.784340326632335, 0.0 ], [ -74.427979837656906, 3.784194639101332, 0.0 ], [ -74.42802419107575, 3.784153178121231, 0.0 ], [ -74.428604756972518, 3.783917827077838, 0.0 ], [ -74.428786936210457, 3.783912584285825, 0.0 ], [ -74.428788045629815, 3.783912552016961, 0.0 ], [ -74.429043627107944, 3.783905209060482, 0.0 ], [ -74.429548540484745, 3.78407259026833, 0.0 ], [ -74.429695830953676, 3.784121419304957, 0.0 ], [ -74.430029666472819, 3.784625980178888, 0.0 ], [ -74.430029681744188, 3.784626004380518, 0.0 ], [ -74.430177750154158, 3.784670673396845, 0.0 ], [ -74.430178281058488, 3.784670833844582, 0.0 ], [ -74.430398263200189, 3.784737199159169, 0.0 ], [ -74.430705973015932, 3.784585602914222, 0.0 ], [ -74.430997885059099, 3.784319844884974, 0.0 ], [ -74.431209326019086, 3.784019077764226, 0.0 ], [ -74.431347444688967, 3.783786265167757, 0.0 ], [ -74.431438733284764, 3.78363239290531, 0.0 ], [ -74.43158880134456, 3.783274045325004, 0.0 ], [ -74.431588818412536, 3.78327399961079, 0.0 ], [ -74.431738805623965, 3.782647126282692, 0.0 ], [ -74.431938367262646, 3.782218078898326, 0.0 ], [ -74.432755069704882, 3.781263198159587, 0.0 ], [ -74.432755085874575, 3.78126317575062, 0.0 ], [ -74.434836914477529, 3.778829139754827, 0.0 ], [ -74.435915368925563, 3.777063605510587, 0.0 ], [ -74.43624539828285, 3.775867521569112, 0.0 ], [ -74.436247402424257, 3.775860258321011, 0.0 ], [ -74.436247520103549, 3.775859831651139, 0.0 ], [ -74.436374383781242, 3.775400053490961, 0.0 ], [ -74.436561112986084, 3.773844607369412, 0.0 ], [ -74.436561117477652, 3.773844566136485, 0.0 ], [ -74.436588813436188, 3.77275655740184, 0.0 ], [ -74.436468365526252, 3.771252061601628, 0.0 ], [ -74.436069958206176, 3.769713199894291, 0.0 ], [ -74.435654192739861, 3.768378381362354, 0.0 ], [ -74.435215548979883, 3.767517769604743, 0.0 ], [ -74.434692427650589, 3.766445244106436, 0.0 ], [ -74.434692412379235, 3.766445219904297, 0.0 ], [ -74.434282553335905, 3.765777913263467, 0.0 ], [ -74.433855752066322, 3.764968727643581, 0.0 ], [ -74.433855151991708, 3.764967064865102, 0.0 ], [ -74.433440067448373, 3.763817030030949, 0.0 ], [ -74.433058207095826, 3.762830354237613, 0.0 ], [ -74.432710063210848, 3.761747028759511, 0.0 ], [ -74.43313043164467, 3.760528302681974, 0.0 ], [ -74.433499653599483, 3.759485956040471, 0.0 ], [ -74.433499668870851, 3.759485924667098, 0.0 ], [ -74.434300990358793, 3.758381782804968, 0.0 ], [ -74.435522593143986, 3.757397892200174, 0.0 ], [ -74.435522646144591, 3.757397852759274, 0.0 ], [ -74.437210651530364, 3.75623174112489, 0.0 ], [ -74.43900594630378, 3.754662034198438, 0.0 ], [ -74.440369320308804, 3.753546917129313, 0.0 ], [ -74.442028452943006, 3.751993655027286, 0.0 ], [ -74.443806129957082, 3.750024920686068, 0.0 ], [ -74.445368407135689, 3.748289133144964, 0.0 ], [ -74.446174721459968, 3.747082677857011, 0.0 ], [ -74.447014667810194, 3.745597014077634, 0.0 ], [ -74.447045383006397, 3.745534916212408, 0.0 ], [ -74.447046119624929, 3.745533425505042, 0.0 ], [ -74.447056858984141, 3.745511713885161, 0.0 ], [ -74.447057497686316, 3.745510422177786, 0.0 ], [ -74.447764035233689, 3.744081972814811, 0.0 ], [ -74.448012757176301, 3.742829416188925, 0.0 ], [ -74.44803255065527, 3.742776449747397, 0.0 ], [ -74.44803616906924, 3.74276677042747, 0.0 ], [ -74.448036677515688, 3.742765407004082, 0.0 ], [ -74.448472482599357, 3.741599352046892, 0.0 ], [ -74.448598289858268, 3.740955405460247, 0.0 ], [ -74.448598802796283, 3.740952780797595, 0.0 ], [ -74.448659441772932, 3.740642400038403, 0.0 ], [ -74.448742359866912, 3.740436198086577, 0.0 ], [ -74.448746862223103, 3.740425002029051, 0.0 ], [ -74.448747761436707, 3.740422764610331, 0.0 ], [ -74.448874706861076, 3.740107072481266, 0.0 ], [ -74.449107855609924, 3.739676200593246, 0.0 ], [ -74.449124320830762, 3.739645772210082, 0.0 ], [ -74.449373850358811, 3.738979303850582, 0.0 ], [ -74.449617571380216, 3.737880467908687, 0.0 ], [ -74.449907065158655, 3.737247898451548, 0.0 ], [ -74.449907074141791, 3.737247870663029, 0.0 ], [ -74.449949654286257, 3.737096273329518, 0.0 ], [ -74.44995129460996, 3.737090435042902, 0.0 ], [ -74.450252567098374, 3.736017891915428, 0.0 ], [ -74.450371466312745, 3.735106750980061, 0.0 ], [ -74.450632193340823, 3.734314806267858, 0.0 ], [ -74.450728056158042, 3.733477718590167, 0.0 ], [ -74.450988797559162, 3.732720247425986, 0.0 ], [ -74.451059421310163, 3.732487836174526, 0.0 ], [ -74.451059564142284, 3.732487365559351, 0.0 ], [ -74.451059573125448, 3.732487335081432, 0.0 ], [ -74.451059945926289, 3.732486110585601, 0.0 ], [ -74.451136004484766, 3.732235815890967, 0.0 ], [ -74.45130445566852, 3.731790761612216, 0.0 ], [ -74.451304542805104, 3.731790532131124, 0.0 ], [ -74.451510857978107, 3.731245441738763, 0.0 ], [ -74.451805977006813, 3.730607204867509, 0.0 ], [ -74.452066840578794, 3.730169081719356, 0.0 ], [ -74.452492492903133, 3.729588462793552, 0.0 ], [ -74.452708369744016, 3.729172942197207, 0.0 ], [ -74.452861846011984, 3.728876716124016, 0.0 ], [ -74.452978619812399, 3.728723847127214, 0.0 ], [ -74.452980111015776, 3.728721892945399, 0.0 ], [ -74.452981104552464, 3.728720593145573, 0.0 ], [ -74.453083400205458, 3.728586692238201, 0.0 ], [ -74.453123995073142, 3.728520123649187, 0.0 ], [ -74.453124083108037, 3.728519980222977, 0.0 ], [ -74.453253752224356, 3.728307402815668, 0.0 ], [ -74.453329446066817, 3.727698130556965, 0.0 ], [ -74.45332945145671, 3.727698093803938, 0.0 ], [ -74.453389664631899, 3.727731978279838, 0.0 ], [ -74.453485334311353, 3.727787893937093, 0.0 ], [ -74.453579875706794, 3.727845502021512, 0.0 ], [ -74.453673858350129, 3.727904808807668, 0.0 ], [ -74.45376666599708, 3.727965781127835, 0.0 ], [ -74.453766714506088, 3.727965814295206, 0.0 ], [ -74.453857884524282, 3.728028508623184, 0.0 ], [ -74.453948491298789, 3.728092903444697, 0.0 ], [ -74.45403797517919, 3.728158426847044, 0.0 ], [ -74.454126303826129, 3.728225624746167, 0.0 ], [ -74.454126335267162, 3.728225649845794, 0.0 ], [ -74.454213006522394, 3.728294563476412, 0.0 ], [ -74.454299113635642, 3.728365178495472, 0.0 ], [ -74.454383539102665, 3.728436923886922, 0.0 ], [ -74.454466836285704, 3.728510361701936, 0.0 ], [ -74.454549009676327, 3.728585498214986, 0.0 ], [ -74.454627340972465, 3.728659723965299, 0.0 ], [ -74.45462735983709, 3.728659741893577, 0.0 ], [ -74.454629496030847, 3.728661765995803, 0.0 ], [ -74.45463156215601, 3.728663781133864, 0.0 ], [ -74.454631581020607, 3.728663799062155, 0.0 ], [ -74.454708857694627, 3.728739162354771, 0.0 ], [ -74.454787094667665, 3.728818257410667, 0.0 ], [ -74.45486364280795, 3.728898482836867, 0.0 ], [ -74.454939040206398, 3.728980373791887, 0.0 ], [ -74.454939066257523, 3.728980405166354, 0.0 ], [ -74.455012803569318, 3.729063455176172, 0.0 ], [ -74.455084300482781, 3.729146991034114, 0.0 ], [ -74.455084330127178, 3.729147026890657, 0.0 ], [ -74.455084839471951, 3.729147619419788, 0.0 ], [ -74.455084855641616, 3.729147640037301, 0.0 ], [ -74.455762654286431, 3.730162416894616, 0.0 ], [ -74.455762668659474, 3.730162439304931, 0.0 ], [ -74.455800146373122, 3.730257503814665, 0.0 ], [ -74.456013303115327, 3.730798176407389, 0.0 ], [ -74.456183497929047, 3.731207513687645, 0.0 ], [ -74.456237450745022, 3.731337274569669, 0.0 ], [ -74.456287131173482, 3.731451030912545, 0.0 ], [ -74.456287777960483, 3.731452512679716, 0.0 ], [ -74.456471160940907, 3.731872412059708, 0.0 ], [ -74.456714435499634, 3.732403025042881, 0.0 ], [ -74.457085108233628, 3.733520251395186, 0.0 ], [ -74.457267860596701, 3.734631337726372, 0.0 ], [ -74.457252123011259, 3.735993464845246, 0.0 ], [ -74.457216084398681, 3.736676864092849, 0.0 ], [ -74.457214670450412, 3.736703667515097, 0.0 ], [ -74.457146073298688, 3.738004466614449, 0.0 ], [ -74.456913553370555, 3.738967087667622, 0.0 ], [ -74.456624815973612, 3.740037684684803, 0.0 ], [ -74.456540321336306, 3.741137020803615, 0.0 ], [ -74.456598194400172, 3.742288292950457, 0.0 ], [ -74.456559932457282, 3.74360407781896, 0.0 ], [ -74.456590901876694, 3.744029506639116, 0.0 ], [ -74.45659124054157, 3.744034145498945, 0.0 ], [ -74.456622900765439, 3.744469018555173, 0.0 ], [ -74.456651606430327, 3.744863287292992, 0.0 ], [ -74.456711849249913, 3.745157546651354, 0.0 ], [ -74.456868664555813, 3.745923496836896, 0.0 ], [ -74.457268288194783, 3.746924789532048, 0.0 ], [ -74.45738739402168, 3.747223219122083, 0.0 ], [ -74.457689922354859, 3.74816356810257, 0.0 ], [ -74.458088697984223, 3.749189788709187, 0.0 ], [ -74.458441834705553, 3.750050431102677, 0.0 ], [ -74.458903673864469, 3.751185141461186, 0.0 ], [ -74.459804331056532, 3.753561945078751, 0.0 ], [ -74.46026622860596, 3.754827212337213, 0.0 ], [ -74.460568212560077, 3.755796386286483, 0.0 ], [ -74.46079091749543, 3.756879198357832, 0.0 ], [ -74.460911650171283, 3.757566916205608, 0.0 ], [ -74.460968017658743, 3.757887988401461, 0.0 ], [ -74.461022844535478, 3.758369271982903, 0.0 ], [ -74.461023878496363, 3.75837835593153, 0.0 ], [ -74.461111463338256, 3.7591471746034, 0.0 ], [ -74.461186222034513, 3.760286570175945, 0.0 ], [ -74.461167258598863, 3.760894465325105, 0.0 ], [ -74.46116713103811, 3.760898562681429, 0.0 ], [ -74.46115847038044, 3.761176192366131, 0.0 ], [ -74.461096429133661, 3.762138735912647, 0.0 ], [ -74.461097746962167, 3.763893664048643, 0.0 ], [ -74.460945998154486, 3.765586479660517, 0.0 ], [ -74.460811445796281, 3.76702302394794, 0.0 ], [ -74.460776854369641, 3.767392339993509, 0.0 ], [ -74.460636288688946, 3.768918987354466, 0.0 ], [ -74.460331069003175, 3.770918766944438, 0.0 ], [ -74.460107510668294, 3.772247691535256, 0.0 ], [ -74.460107461260947, 3.772247981062471, 0.0 ], [ -74.459964040734278, 3.773100571917483, 0.0 ], [ -74.459932998551309, 3.773449159565445, 0.0 ], [ -74.459840287024107, 3.774490428183612, 0.0 ], [ -74.459675274591234, 3.77546833325581, 0.0 ], [ -74.459602896430482, 3.775897298824058, 0.0 ], [ -74.459354324506535, 3.777498590268557, 0.0 ], [ -74.459037873184769, 3.779554894382255, 0.0 ], [ -74.459037862404998, 3.779554939200329, 0.0 ], [ -74.458792617840842, 3.780471733668852, 0.0 ], [ -74.458635663296093, 3.781058480329293, 0.0 ], [ -74.458635646228103, 3.781058521561852, 0.0 ], [ -74.458079754357257, 3.782351878357594, 0.0 ], [ -74.457633445272947, 3.783004778548504, 0.0 ], [ -74.457621958515418, 3.783021582570425, 0.0 ], [ -74.457592804591187, 3.783064229486139, 0.0 ], [ -74.457592783031615, 3.783064276993105, 0.0 ], [ -74.457114466075424, 3.784184646516807, 0.0 ], [ -74.456346825122438, 3.785075154936597, 0.0 ], [ -74.456346808054434, 3.785075181827258, 0.0 ], [ -74.455956623014146, 3.7857230272119, 0.0 ], [ -74.454827908724269, 3.786981642437622, 0.0 ], [ -74.454316796972009, 3.787770866372541, 0.0 ], [ -74.454231896296193, 3.788058772217938, 0.0 ], [ -74.454068767630503, 3.788611975828371, 0.0 ], [ -74.454021262023332, 3.788773072699009, 0.0 ], [ -74.454217338198703, 3.789408266006371, 0.0 ], [ -74.454567408071654, 3.790304650006715, 0.0 ], [ -74.454570729143271, 3.790313152786287, 0.0 ], [ -74.454599795032593, 3.790387571375551, 0.0 ], [ -74.454979770719689, 3.790807354520849, 0.0 ], [ -74.455545592567702, 3.791650378314452, 0.0 ], [ -74.455936778331207, 3.791961636336679, 0.0 ], [ -74.456675197986328, 3.792475638355501, 0.0 ], [ -74.457391048368265, 3.792817838902288, 0.0 ], [ -74.457874423737806, 3.793055553882363, 0.0 ], [ -74.457874468653557, 3.793055572705637, 0.0 ], [ -74.458221046775023, 3.793132276744807, 0.0 ], [ -74.458221100673939, 3.793132288397316, 0.0 ], [ -74.459231355025608, 3.793796514759293, 0.0 ], [ -74.459718747661114, 3.794102638632586, 0.0 ], [ -74.46053190355461, 3.794371314848565, 0.0 ], [ -74.461485757181165, 3.794710583593863, 0.0 ], [ -74.462589732766432, 3.794804482982273, 0.0 ], [ -74.463915324528912, 3.794798248001495, 0.0 ], [ -74.463915352376688, 3.794798248001495, 0.0 ], [ -74.465065138448182, 3.794702788074402, 0.0 ], [ -74.465167783545809, 3.794694266514736, 0.0 ], [ -74.465611137172829, 3.79466060783224, 0.0 ], [ -74.465622427199307, 3.794659750925595, 0.0 ], [ -74.46632850660589, 3.794606149441822, 0.0 ], [ -74.466727286726822, 3.794499937823032, 0.0 ], [ -74.466728560537902, 3.794499599004241, 0.0 ], [ -74.467325420077287, 3.794340632022846, 0.0 ], [ -74.468260941783839, 3.794022593996086, 0.0 ], [ -74.468260978614765, 3.794022582343589, 0.0 ], [ -74.469332644494202, 3.793705609059796, 0.0 ], [ -74.469332699291442, 3.793705592925581, 0.0 ], [ -74.470410512342383, 3.793280109522615, 0.0 ], [ -74.470410561749716, 3.793280088010285, 0.0 ], [ -74.470657274161027, 3.793168581504388, 0.0 ], [ -74.471467014659808, 3.792802599197461, 0.0 ], [ -74.471951394345851, 3.792473025500734, 0.0 ], [ -74.471956589303147, 3.792469491200079, 0.0 ], [ -74.472570053302249, 3.79205208956357, 0.0 ], [ -74.473036489140483, 3.791758231498261, 0.0 ], [ -74.4735189814661, 3.791454263410744, 0.0 ], [ -74.474012641647334, 3.790658812307342, 0.0 ], [ -74.474747072782591, 3.789785265902814, 0.0 ], [ -74.474936028012706, 3.789558533014288, 0.0 ], [ -74.475119224143555, 3.7893374739705, 0.0 ], [ -74.4751216307302, 3.789334570688408, 0.0 ], [ -74.47564121359558, 3.788707602253189, 0.0 ], [ -74.475847570091076, 3.7884577216811, 0.0 ], [ -74.475847594345595, 3.788457693894171, 0.0 ], [ -74.476510790875452, 3.788074757771795, 0.0 ], [ -74.477106382891989, 3.787496863767207, 0.0 ], [ -74.477763949679954, 3.78712523920299, 0.0 ], [ -74.478220715154151, 3.786883132251557, 0.0 ], [ -74.478529553253878, 3.786749033213668, 0.0 ], [ -74.478843393173122, 3.786615755215412, 0.0 ], [ -74.479111784627179, 3.786501779290577, 0.0 ], [ -74.47948362427276, 3.786338833714223, 0.0 ], [ -74.479729450046875, 3.786221162979318, 0.0 ], [ -74.480014497164632, 3.786060376668777, 0.0 ], [ -74.480089396896389, 3.786018129674851, 0.0 ], [ -74.480089452591926, 3.786018095613362, 0.0 ], [ -74.480517597741169, 3.785941603379466, 0.0 ], [ -74.480767083251777, 3.785859600348454, 0.0 ], [ -74.480773675987649, 3.785857432962126, 0.0 ], [ -74.481025593237732, 3.785774635752539, 0.0 ], [ -74.481196440228359, 3.785724245358491, 0.0 ], [ -74.481200575173588, 3.785723025419199, 0.0 ], [ -74.481459339382766, 3.785646703466691, 0.0 ], [ -74.481899298276318, 3.785569633947209, 0.0 ], [ -74.48220053123886, 3.785536098606649, 0.0 ], [ -74.482203298948235, 3.785535790260422, 0.0 ], [ -74.482235713756964, 3.785532179741209, 0.0 ], [ -74.482235744299672, 3.785532176155795, 0.0 ], [ -74.482498543741116, 3.785434179416468, 0.0 ], [ -74.482503250913197, 3.785432425248923, 0.0 ], [ -74.483234281026782, 3.785159822907392, 0.0 ], [ -74.483234943085151, 3.785160131253772, 0.0 ], [ -74.483416056022847, 3.785244517760605, 0.0 ], [ -74.484188949425302, 3.785543060598297, 0.0 ], [ -74.484188984459621, 3.785543075836335, 0.0 ], [ -74.484192089037236, 3.785544274263385, 0.0 ], [ -74.484934920318722, 3.785831047856595, 0.0 ], [ -74.485305317269933, 3.786213509007339, 0.0 ], [ -74.485827217788753, 3.786912407169963, 0.0 ], [ -74.486340026458578, 3.787363238995338, 0.0 ], [ -74.487080187947043, 3.788013945618345, 0.0 ], [ -74.48844657220657, 3.788663257028256, 0.0 ], [ -74.488446607240874, 3.7886632749553, 0.0 ], [ -74.489876896751412, 3.788721385458151, 0.0 ], [ -74.491730098724659, 3.78893562252589, 0.0 ], [ -74.49185863057383, 3.78895048224574, 0.0 ], [ -74.491858663811513, 3.788950486727498, 0.0 ], [ -74.493411163726563, 3.78925665534154, 0.0 ], [ -74.493554583354907, 3.789310751942972, 0.0 ], [ -74.494828176137176, 3.789791211398372, 0.0 ], [ -74.496086660154688, 3.790622571083221, 0.0 ], [ -74.496455891092666, 3.790974017314115, 0.0 ], [ -74.497255256049925, 3.791734869957509, 0.0 ], [ -74.497552024385499, 3.792265442903071, 0.0 ], [ -74.498017433449363, 3.793307445425351, 0.0 ], [ -74.49825214796175, 3.793832941394129, 0.0 ], [ -74.498610473352159, 3.794835414975622, 0.0 ], [ -74.498610460775751, 3.794835451725787, 0.0 ], [ -74.498401454250171, 3.795436877053817, 0.0 ], [ -74.498401441673749, 3.79543691559667, 0.0 ], [ -74.498004316249578, 3.796828561870016, 0.0 ], [ -74.498345237679686, 3.797910734751092, 0.0 ], [ -74.49826559035165, 3.798438095895301, 0.0 ], [ -74.497994205711052, 3.799228359879578, 0.0 ], [ -74.497879465696457, 3.799569718775467, 0.0 ], [ -74.497879136014731, 3.79957069757958, 0.0 ], [ -74.497653714573971, 3.800241342161189, 0.0 ], [ -74.497582472782057, 3.800813239197305, 0.0 ], [ -74.497482197440149, 3.801618224264108, 0.0 ], [ -74.497595142620824, 3.803163805568186, 0.0 ], [ -74.497630012525192, 3.803640965071034, 0.0 ], [ -74.497488913245192, 3.806274813654198, 0.0 ], [ -74.496263925608034, 3.807001389580078, 0.0 ], [ -74.496261261204879, 3.80700297071153, 0.0 ], [ -74.495751333432167, 3.807305426585762, 0.0 ], [ -74.495576933604596, 3.807390493933834, 0.0 ], [ -74.495300182428494, 3.807525494164895, 0.0 ], [ -74.495300133021146, 3.807525500439213, 0.0 ], [ -74.495114270690564, 3.807552822445508, 0.0 ], [ -74.495108702034102, 3.80755364169338, 0.0 ], [ -74.494335842767626, 3.807667252720607, 0.0 ], [ -74.49256430573854, 3.808289804600129, 0.0 ], [ -74.491692056869013, 3.809142788367126, 0.0 ], [ -74.491557597935596, 3.809274275603469, 0.0 ], [ -74.491557574579403, 3.809274308767736, 0.0 ], [ -74.490911573600727, 3.810297009791842, 0.0 ], [ -74.490677464552817, 3.811408848571556, 0.0 ], [ -74.490779880580064, 3.812910835577665, 0.0 ], [ -74.490850267175844, 3.813943079939716, 0.0 ], [ -74.491232044883375, 3.8145549950678, 0.0 ], [ -74.491951486729803, 3.815187299350097, 0.0 ], [ -74.491960760936806, 3.815195448732361, 0.0 ], [ -74.492115795781785, 3.815331705281375, 0.0 ], [ -74.49241353968776, 3.815646189584037, 0.0 ], [ -74.493616626398335, 3.816916916168264, 0.0 ], [ -74.494522414767303, 3.817872220844091, 0.0 ], [ -74.496330996522076, 3.818478875353739, 0.0 ], [ -74.494522427343711, 3.81787226386753, 0.0 ], [ -74.493616575194366, 3.816916935887373, 0.0 ], [ -74.491426010017832, 3.817993831074111, 0.0 ], [ -74.488376924924282, 3.819748869934121, 0.0 ], [ -74.485181268912342, 3.82177981063342, 0.0 ], [ -74.482020820571321, 3.824062393334996, 0.0 ], [ -74.480182816296036, 3.825723704828919, 0.0 ], [ -74.478834218679125, 3.827282687456953, 0.0 ], [ -74.477646900995069, 3.82907141303914, 0.0 ], [ -74.476784890224835, 3.830803226487157, 0.0 ], [ -74.475679835762918, 3.833569381409083, 0.0 ], [ -74.474846542335698, 3.836266226176301, 0.0 ], [ -74.473926516567772, 3.83981476623597, 0.0 ], [ -74.473347595486302, 3.842028970764606, 0.0 ], [ -74.472485053811738, 3.846074134136586, 0.0 ], [ -74.472005050717769, 3.849405205448467, 0.0 ], [ -74.471723327366576, 3.85200245953825, 0.0 ], [ -74.471342805503795, 3.856301741253859, 0.0 ], [ -74.471250948274431, 3.85948353955509, 0.0 ], [ -74.470914452843729, 3.861227230516495, 0.0 ], [ -74.470370835552913, 3.863334953084053, 0.0 ], [ -74.469749521176539, 3.865676886799116, 0.0 ], [ -74.468661443975165, 3.868097085214192, 0.0 ], [ -74.46718449327382, 3.870751615382797, 0.0 ], [ -74.465453126209283, 3.873406282424854, 0.0 ], [ -74.464423795234239, 3.873719902820318, 0.0 ], [ -74.463573388900869, 3.873765019800572, 0.0 ], [ -74.463170490004345, 3.873630991736799, 0.0 ], [ -74.462185782841047, 3.873631435387015, 0.0 ], [ -74.461200912184353, 3.873273983196438, 0.0 ], [ -74.459723808769411, 3.87320243806813, 0.0 ], [ -74.458381197525554, 3.873605659757272, 0.0 ], [ -74.456994008284028, 3.874411535225116, 0.0 ], [ -74.456099006884983, 3.874859298756145, 0.0 ], [ -74.455517286653077, 3.875217445775762, 0.0 ], [ -74.454935447843567, 3.875307173186564, 0.0 ], [ -74.454801208997409, 3.875396701617884, 0.0 ], [ -74.454308828915458, 3.875352182530869, 0.0 ], [ -74.453592654241703, 3.875307760237699, 0.0 ], [ -74.453504378595369, 3.875292718284457, 0.0 ], [ -74.453439129464698, 3.875246956973708, 0.0 ], [ -74.453399979986301, 3.875201191179205, 0.0 ], [ -74.453354159618598, 3.875159049863534, 0.0 ], [ -74.453084531184402, 3.875023952780512, 0.0 ], [ -74.45276994296853, 3.87484379522007, 0.0 ], [ -74.452455471533639, 3.874934081041558, 0.0 ], [ -74.452365657971541, 3.875069341258512, 0.0 ], [ -74.452320794309628, 3.875204575462268, 0.0 ], [ -74.452365815176705, 3.875429908990599, 0.0 ], [ -74.452500744827333, 3.875745354319104, 0.0 ], [ -74.452501035881482, 3.876421432266346, 0.0 ], [ -74.452411435220114, 3.877007420363351, 0.0 ], [ -74.452142167908633, 3.877728683082206, 0.0 ], [ -74.450750072967352, 3.879442030457241, 0.0 ], [ -74.449537547658096, 3.880839798402782, 0.0 ], [ -74.448998675268612, 3.881516103508139, 0.0 ], [ -74.448549580508612, 3.88201209609133, 0.0 ], [ -74.448190250801716, 3.882282673390679, 0.0 ], [ -74.447786190383539, 3.883004006890871, 0.0 ], [ -74.447427343970261, 3.88440139699551, 0.0 ], [ -74.447158220389241, 3.885483242832005, 0.0 ], [ -74.446933829316109, 3.886114344547062, 0.0 ], [ -74.446709410395187, 3.886655306423446, 0.0 ], [ -74.446395070114335, 3.887061092132877, 0.0 ], [ -74.445586452509659, 3.88737695256107, 0.0 ], [ -74.444822752465797, 3.887647706493376, 0.0 ], [ -74.443654649745667, 3.88787356907268, 0.0 ], [ -74.443250193170471, 3.887693452792123, 0.0 ], [ -74.442800908865962, 3.887738719595687, 0.0 ], [ -74.442441588142188, 3.888054366463042, 0.0 ], [ -74.442670544453605, 3.889258435027763, 0.0 ], [ -74.44308812272017, 3.889328072479741, 0.0 ], [ -74.443575404862884, 3.889676913016824, 0.0 ], [ -74.444062751684299, 3.890165367857945, 0.0 ], [ -74.444202197165851, 3.890793607046843, 0.0 ], [ -74.443854930036565, 3.892399382305479, 0.0 ], [ -74.443507507498751, 3.893656108725764, 0.0 ], [ -74.443159874755167, 3.894424178632049, 0.0 ], [ -74.442881678189778, 3.894843155052691, 0.0 ], [ -74.442673225026411, 3.895611148591505, 0.0 ], [ -74.442743148091509, 3.896379032088152, 0.0 ], [ -74.442813060376793, 3.897146906817766, 0.0 ], [ -74.442674047883202, 3.897565830796939, 0.0 ], [ -74.442674287733396, 3.89812431302533, 0.0 ], [ -74.442396127100608, 3.898613103534254, 0.0 ], [ -74.442257005910875, 3.898752779294814, 0.0 ], [ -74.441978696157761, 3.898892512391297, 0.0 ], [ -74.441491608949448, 3.899032344050524, 0.0 ], [ -74.441074030682884, 3.898962706505139, 0.0 ], [ -74.440865251431077, 3.898962795232514, 0.0 ], [ -74.440586797049207, 3.898753489114024, 0.0 ], [ -74.44044760399423, 3.89875354916184, 0.0 ], [ -74.440169306817538, 3.898893283154439, 0.0 ], [ -74.439960470971869, 3.898753755296223, 0.0 ], [ -74.439751927976957, 3.899312317396764, 0.0 ], [ -74.439612981060378, 3.899870863890132, 0.0 ], [ -74.439543613154143, 3.900429373266695, 0.0 ], [ -74.43905664272684, 3.900848435422688, 0.0 ], [ -74.438639308802038, 3.901337287083767, 0.0 ], [ -74.438431202388372, 3.902943000090806, 0.0 ], [ -74.438083592102657, 3.903780868052311, 0.0 ], [ -74.437596670184362, 3.904339556763901, 0.0 ], [ -74.437179350632604, 3.904898211943197, 0.0 ], [ -74.436970890282709, 3.90566621242534, 0.0 ], [ -74.436971151692461, 3.906294501872383, 0.0 ], [ -74.436693018907462, 3.906853093014365, 0.0 ], [ -74.436414884325814, 3.907411698124071, 0.0 ], [ -74.43592801181488, 3.908110008433883, 0.0 ], [ -74.435788890625147, 3.908249675444941, 0.0 ], [ -74.434984896649226, 3.9087475289678, 0.0 ], [ -74.435037444500097, 3.909167829139283, 0.0 ], [ -74.434985356586637, 3.909850885141755, 0.0 ], [ -74.435142702796867, 3.910376218629493, 0.0 ], [ -74.435242590066565, 3.910526375562636, 0.0 ], [ -74.435240279599654, 3.91061149441338, 0.0 ], [ -74.435261965828943, 3.910838870817619, 0.0 ], [ -74.435245857239252, 3.911050025519781, 0.0 ], [ -74.435224381215761, 3.911320740459225, 0.0 ], [ -74.434939994359738, 3.912067015116163, 0.0 ], [ -74.433082705051945, 3.915906847703932, 0.0 ], [ -74.432317547940698, 3.916565279121462, 0.0 ], [ -74.431552164454004, 3.916675287999575, 0.0 ], [ -74.430568131925483, 3.916895065526192, 0.0 ], [ -74.430240366322707, 3.917553329469987, 0.0 ], [ -74.429693977729244, 3.9184310527587, 0.0 ], [ -74.428491607874278, 3.919528422906361, 0.0 ], [ -74.428273275039416, 3.920406011482757, 0.0 ], [ -74.427726764275079, 3.920954668554328, 0.0 ], [ -74.426415130535474, 3.922271460188511, 0.0 ], [ -74.424667027857197, 3.925891854398991, 0.0 ], [ -74.423792547572518, 3.926660015756973, 0.0 ], [ -74.422535835931058, 3.927378391284583, 0.0 ], [ -74.422057955556113, 3.92790610842362, 0.0 ], [ -74.42119785729912, 3.929105404841249, 0.0 ], [ -74.420576736958864, 3.930112768764908, 0.0 ], [ -74.419907630412752, 3.93068852778218, 0.0 ], [ -74.419190696662568, 3.931216351267504, 0.0 ], [ -74.419095117712985, 3.93131231115371, 0.0 ], [ -74.418425986912339, 3.93184011363152, 0.0 ], [ -74.418282673285191, 3.932127917760692, 0.0 ], [ -74.417996094539859, 3.932847399866645, 0.0 ], [ -74.417661729014711, 3.933614858472025, 0.0 ], [ -74.416849215416633, 3.934238638757297, 0.0 ], [ -74.41598905607421, 3.935342006086539, 0.0 ], [ -74.415654563886591, 3.935773763304193, 0.0 ], [ -74.415559046920748, 3.936013581925322, 0.0 ], [ -74.41546370602471, 3.936732989875981, 0.0 ], [ -74.415224994907632, 3.937596328783105, 0.0 ], [ -74.414555986277875, 3.938459830798271, 0.0 ], [ -74.41417354561365, 3.938555902770392, 0.0 ], [ -74.413982175712036, 3.938220268297122, 0.0 ], [ -74.413790710589012, 3.937644854142686, 0.0 ], [ -74.413599225703052, 3.937021481489007, 0.0 ], [ -74.413359923494511, 3.936398121811494, 0.0 ], [ -74.413264057084035, 3.935774710584124, 0.0 ], [ -74.413072535367135, 3.935055419207499, 0.0 ], [ -74.412450540966105, 3.933856718359345, 0.0 ], [ -74.411821756199814, 3.932568601901385, 0.0 ], [ -74.411221840591836, 3.931537935230953, 0.0 ], [ -74.410793411574957, 3.930979699339333, 0.0 ], [ -74.410236644745012, 3.930765144999421, 0.0 ], [ -74.40955139726988, 3.930507687605241, 0.0 ], [ -74.409331115989161, 3.930342105237723, 0.0 ] ] ] } },
{ "type": "Feature", "properties": { "OBJECTID": 6654, "DPTOMPIO": "25120", "CODIGO_VER": "25120009", "NOM_DEP": "CUNDINAMARCA", "NOMB_MPIO": "CABRERA", "NOMBRE_VER": "PAQUILLO", "VIGENCIA": "2010", "FUENTE": "EOT CABRERA", "DESCRIPCIO": "NULL", "SEUDONIMOS": "NULL", "AREA_HA": 1855.00015136, "COD_DPTO": "25", "ShapeSTAre": 18764918.592773438, "ShapeSTLen": 23522.219051466131 }, "geometry": { "type": "Polygon", "coordinates": [ [ [ -74.365469369360568, 4.034690802096871, 0.0 ], [ -74.365435590010918, 4.034657462211509, 0.0 ], [ -74.365435276498886, 4.034657159333444, 0.0 ], [ -74.365285829174965, 4.034510004486299, 0.0 ], [ -74.365188966532813, 4.034366466228862, 0.0 ], [ -74.365181305700091, 4.034358508059893, 0.0 ], [ -74.365132057361265, 4.034307350320413, 0.0 ], [ -74.365029072700452, 4.034200377854892, 0.0 ], [ -74.364948588142582, 4.03413724118061, 0.0 ], [ -74.364948418360996, 4.034137107663278, 0.0 ], [ -74.364846108334959, 4.034056869113702, 0.0 ], [ -74.364769795553272, 4.033966969812951, 0.0 ], [ -74.364769374243394, 4.033966475171395, 0.0 ], [ -74.364651854841298, 4.033828033777199, 0.0 ], [ -74.364498130638296, 4.033616140752179, 0.0 ], [ -74.364498109977049, 4.033616111181214, 0.0 ], [ -74.364497992297743, 4.03361594450847, 0.0 ], [ -74.364338217042999, 4.033398029700966, 0.0 ], [ -74.364229696065095, 4.0332152236638, 0.0 ], [ -74.364229528080145, 4.033214954836626, 0.0 ], [ -74.36413767713897, 4.032887729382363, 0.0 ], [ -74.364115050373599, 4.032549748908767, 0.0 ], [ -74.364137478611298, 4.032308970935785, 0.0 ], [ -74.364137615155229, 4.03230858472033, 0.0 ], [ -74.364167423052976, 4.032223294721586, 0.0 ], [ -74.364239812891824, 4.032016163110419, 0.0 ], [ -74.364342519973206, 4.031839050531455, 0.0 ], [ -74.36434274814529, 4.031838658939247, 0.0 ], [ -74.364450721150874, 4.031580326306493, 0.0 ], [ -74.364541806727416, 4.031316903785417, 0.0 ], [ -74.364593493992231, 4.03106429881287, 0.0 ], [ -74.36459350117876, 4.031064256696525, 0.0 ], [ -74.364615933009716, 4.030840475379015, 0.0 ], [ -74.364615935704649, 4.030840429678261, 0.0 ], [ -74.36463270904764, 4.03050809015841, 0.0 ], [ -74.364632642572303, 4.030307447621288, 0.0 ], [ -74.36460381473654, 4.02994629756082, 0.0 ], [ -74.364569410159461, 4.029734361407505, 0.0 ], [ -74.36450686046625, 4.029481783722324, 0.0 ], [ -74.364506849686435, 4.029481739813672, 0.0 ], [ -74.364486046501085, 4.02941172793401, 0.0 ], [ -74.364485843481845, 4.029411045109797, 0.0 ], [ -74.3644149996436, 4.029172622937244, 0.0 ], [ -74.364351883113414, 4.028925644777047, 0.0 ], [ -74.364321443700007, 4.028833536929799, 0.0 ], [ -74.364321246070645, 4.028832941026391, 0.0 ], [ -74.36432107718737, 4.028832427563712, 0.0 ], [ -74.364283713559757, 4.028719370785365, 0.0 ], [ -74.364283666847371, 4.028719058944128, 0.0 ], [ -74.364254941419532, 4.028524388443682, 0.0 ], [ -74.364226207906853, 4.028438489598975, 0.0 ], [ -74.364214935846661, 4.0283983570506, 0.0 ], [ -74.364146145557172, 4.027997125547889, 0.0 ], [ -74.364146141963886, 4.027997100457206, 0.0 ], [ -74.364111747268296, 4.027825293686431, 0.0 ], [ -74.3640773579626, 4.027659138561154, 0.0 ], [ -74.363991715278331, 4.027378265969755, 0.0 ], [ -74.363917345552608, 4.027154475573352, 0.0 ], [ -74.363837354169817, 4.026902469693533, 0.0 ], [ -74.363837340695085, 4.026902424888664, 0.0 ], [ -74.363774227758157, 4.026649828402334, 0.0 ], [ -74.363774221469967, 4.026649804207727, 0.0 ], [ -74.363766417805095, 4.026616046411081, 0.0 ], [ -74.363766058478973, 4.02661448899303, 0.0 ], [ -74.36376574496694, 4.026613132300918, 0.0 ], [ -74.363717288942198, 4.026403399680618, 0.0 ], [ -74.363659798560647, 4.026173937609936, 0.0 ], [ -74.36359106306837, 4.025945069587928, 0.0 ], [ -74.363476725499012, 4.025664231352907, 0.0 ], [ -74.363476714719226, 4.025664206262148, 0.0 ], [ -74.363316758903096, 4.025314408614586, 0.0 ], [ -74.3633033048351, 4.025289313354432, 0.0 ], [ -74.363289884903068, 4.025264282612669, 0.0 ], [ -74.363289720511361, 4.025263976146684, 0.0 ], [ -74.363289084504146, 4.025262787919011, 0.0 ], [ -74.363196798778375, 4.025090632884458, 0.0 ], [ -74.363088090052585, 4.02483859321005, 0.0 ], [ -74.362991210342457, 4.024614810180357, 0.0 ], [ -74.36291686756617, 4.024466190184643, 0.0 ], [ -74.362916713055924, 4.024465630122029, 0.0 ], [ -74.362871223268272, 4.024300037062059, 0.0 ], [ -74.362842539162926, 4.024116891150489, 0.0 ], [ -74.362842455619614, 4.024116357970636, 0.0 ], [ -74.362802420402332, 4.023892555924369, 0.0 ], [ -74.362790488978732, 4.023565876926715, 0.0 ], [ -74.362807843531726, 4.023301938345133, 0.0 ], [ -74.362841535744764, 4.023084363085925, 0.0 ], [ -74.362841542931292, 4.023084314696444, 0.0 ], [ -74.362875806472843, 4.022878006068891, 0.0 ], [ -74.362898256270114, 4.02269431142309, 0.0 ], [ -74.362983714799725, 4.022436552977591, 0.0 ], [ -74.363015543008544, 4.02234833258507, 0.0 ], [ -74.363080991565212, 4.022166921089571, 0.0 ], [ -74.363143379561691, 4.021983260335368, 0.0 ], [ -74.363143399324628, 4.021983210153594, 0.0 ], [ -74.363251945455346, 4.021753708305154, 0.0 ], [ -74.363359775628808, 4.021587773278547, 0.0 ], [ -74.363359951698598, 4.021587502655327, 0.0 ], [ -74.36348539693644, 4.021409422703506, 0.0 ], [ -74.363582152679058, 4.021266395602452, 0.0 ], [ -74.363673832042025, 4.021082664749193, 0.0 ], [ -74.36370755659442, 4.02096227855596, 0.0 ], [ -74.363724981215995, 4.020893318866076, 0.0 ], [ -74.363706951129899, 4.020802940487521, 0.0 ], [ -74.363706941248438, 4.020802892994028, 0.0 ], [ -74.363661886245367, 4.020710217890069, 0.0 ], [ -74.363536359260834, 4.020658261759687, 0.0 ], [ -74.363532315943743, 4.020657211525328, 0.0 ], [ -74.363532280909439, 4.020657201668191, 0.0 ], [ -74.363532245875135, 4.020657192707156, 0.0 ], [ -74.363382135594534, 4.020618185282443, 0.0 ], [ -74.36320134425371, 4.020567260562459, 0.0 ], [ -74.363201295744688, 4.020567246224773, 0.0 ], [ -74.363199765015437, 4.020566815198534, 0.0 ], [ -74.363199589843958, 4.020566772185527, 0.0 ], [ -74.36310804343168, 4.020545224456854, 0.0 ], [ -74.363005578895425, 4.020521103115418, 0.0 ], [ -74.362834456122002, 4.020440899963609, 0.0 ], [ -74.362834416596129, 4.020440868599943, 0.0 ], [ -74.362731428342073, 4.020343725476698, 0.0 ], [ -74.362662709917771, 4.020194524025971, 0.0 ], [ -74.362662685663281, 4.02019441201284, 0.0 ], [ -74.362617055738397, 4.019988254991578, 0.0 ], [ -74.362594068748606, 4.019805770332733, 0.0 ], [ -74.362593918729956, 4.019804576720431, 0.0 ], [ -74.362593862136094, 4.019802839172226, 0.0 ], [ -74.362588233292513, 4.019632760156652, 0.0 ], [ -74.362593767812982, 4.019524774955168, 0.0 ], [ -74.362593824406844, 4.019523673641368, 0.0 ], [ -74.362593842373158, 4.019522931665898, 0.0 ], [ -74.362599374198666, 4.019294770595245, 0.0 ], [ -74.362628033151196, 4.01916250535664, 0.0 ], [ -74.362628418528445, 4.019160045545584, 0.0 ], [ -74.362628428409906, 4.019159981922049, 0.0 ], [ -74.362644497473696, 4.019057692308631, 0.0 ], [ -74.362650497321496, 4.019019501160134, 0.0 ], [ -74.36267913381613, 4.018824501262629, 0.0 ], [ -74.362684684506263, 4.018606345027234, 0.0 ], [ -74.362663819337158, 4.018486005962023, 0.0 ], [ -74.362663658538708, 4.018485082075937, 0.0 ], [ -74.362639012360589, 4.018342967594834, 0.0 ], [ -74.362638955766727, 4.018342732814811, 0.0 ], [ -74.362592797632459, 4.018153643478186, 0.0 ], [ -74.362524641553549, 4.017993150674702, 0.0 ], [ -74.362524383737082, 4.017992371957451, 0.0 ], [ -74.362479007137125, 4.017855258566255, 0.0 ], [ -74.362450384117224, 4.01774719785638, 0.0 ], [ -74.362450272726136, 4.017746791919654, 0.0 ], [ -74.362450264641296, 4.01774675428312, 0.0 ], [ -74.362432788815752, 4.017654631730284, 0.0 ], [ -74.362415877132207, 4.017574379906753, 0.0 ], [ -74.362381540827101, 4.017563087156574, 0.0 ], [ -74.362403986132804, 4.017459805351414, 0.0 ], [ -74.362404020268784, 4.017459649428639, 0.0 ], [ -74.362404039133395, 4.017459540999586, 0.0 ], [ -74.362415816046777, 4.017391256678923, 0.0 ], [ -74.362443927925284, 4.017304772397888, 0.0 ], [ -74.362512561907934, 4.017224490968392, 0.0 ], [ -74.362561771619198, 4.017191611863409, 0.0 ], [ -74.36256202135084, 4.017191446083396, 0.0 ], [ -74.362614972545273, 4.017156067731266, 0.0 ], [ -74.362693048719862, 4.01710375830777, 0.0 ], [ -74.362693331689186, 4.017103569228921, 0.0 ], [ -74.362717939239758, 4.017087088901248, 0.0 ], [ -74.362718010206649, 4.017087036926952, 0.0 ], [ -74.362843423105161, 4.017006777878726, 0.0 ], [ -74.36296888181775, 4.016863178288211, 0.0 ], [ -74.363054378076612, 4.016713938564165, 0.0 ], [ -74.363099928949708, 4.016604836424673, 0.0 ], [ -74.363094265071837, 4.016501973877229, 0.0 ], [ -74.36306551808444, 4.016370294241092, 0.0 ], [ -74.362951271244924, 4.016255643347365, 0.0 ], [ -74.362951233515687, 4.016255599438014, 0.0 ], [ -74.362803178580435, 4.016164087863359, 0.0 ], [ -74.362648951320878, 4.016117793958514, 0.0 ], [ -74.362511595320683, 4.016026279680069, 0.0 ], [ -74.362446016508315, 4.015988237143842, 0.0 ], [ -74.362403513618958, 4.015963581586339, 0.0 ], [ -74.362323565355297, 4.015871481234895, 0.0 ], [ -74.36224925132511, 4.015808756245976, 0.0 ], [ -74.362249229765538, 4.015808677388334, 0.0 ], [ -74.36219740326186, 4.01560249058311, 0.0 ], [ -74.362197356549459, 4.015464673343903, 0.0 ], [ -74.362197352956201, 4.015464582836793, 0.0 ], [ -74.362197353854526, 4.015464481576341, 0.0 ], [ -74.362191669315408, 4.015287113591367, 0.0 ], [ -74.362236353314259, 4.015095701724328, 0.0 ], [ -74.362237195035675, 4.015092094879597, 0.0 ], [ -74.362238748222808, 4.015004815504826, 0.0 ], [ -74.362238772477326, 4.015003495533909, 0.0 ], [ -74.362239684267337, 4.01495214033029, 0.0 ], [ -74.362242713386465, 4.014782378422798, 0.0 ], [ -74.362253874953879, 4.014501472718441, 0.0 ], [ -74.362253786918984, 4.014237526722593, 0.0 ], [ -74.362213740023606, 4.013979812202296, 0.0 ], [ -74.362178479352067, 4.013818198438114, 0.0 ], [ -74.362178326638471, 4.013817502159175, 0.0 ], [ -74.362178260163148, 4.013817193896698, 0.0 ], [ -74.362162445322582, 4.01374470829837, 0.0 ], [ -74.362156910802113, 4.013676269535634, 0.0 ], [ -74.36215683354699, 4.013675301734586, 0.0 ], [ -74.362156722155916, 4.013673938748143, 0.0 ], [ -74.362139273279823, 4.01345816300236, 0.0 ], [ -74.362138063249134, 4.013446242020484, 0.0 ], [ -74.36213805696093, 4.013446181980949, 0.0 ], [ -74.36212176601326, 4.013285785031902, 0.0 ], [ -74.362105436438014, 4.013109317166855, 0.0 ], [ -74.362105431048121, 4.013109256231193, 0.0 ], [ -74.362104821092032, 4.013102667114684, 0.0 ], [ -74.362104790549324, 4.013101628520086, 0.0 ], [ -74.362099128468088, 4.012913330132985, 0.0 ], [ -74.362104668378436, 4.012748103925978, 0.0 ], [ -74.362104699819469, 4.012747159422824, 0.0 ], [ -74.362115877556562, 4.01250638366272, 0.0 ], [ -74.362149561684774, 4.012265597974436, 0.0 ], [ -74.362189438798538, 4.012047463284921, 0.0 ], [ -74.362189446883391, 4.012047421167557, 0.0 ], [ -74.362223680780545, 4.01175520287351, 0.0 ], [ -74.362245020260119, 4.011580603076212, 0.0 ], [ -74.362245034633162, 4.011580482100761, 0.0 ], [ -74.362246132374452, 4.01157150661938, 0.0 ], [ -74.362291639230108, 4.01133071796719, 0.0 ], [ -74.362292075811325, 4.01132453388016, 0.0 ], [ -74.362292078506272, 4.011324498035562, 0.0 ], [ -74.362309002766239, 4.011084289096877, 0.0 ], [ -74.362325821923292, 4.010894942686259, 0.0 ], [ -74.362336995168803, 4.010630991940481, 0.0 ], [ -74.362338958886014, 4.010541426994498, 0.0 ], [ -74.362338980445571, 4.01054040183838, 0.0 ], [ -74.362339000208507, 4.010539551424774, 0.0 ], [ -74.362342531485908, 4.010378913746043, 0.0 ], [ -74.362348106430559, 4.010218396115238, 0.0 ], [ -74.362336837963639, 4.010126987813525, 0.0 ], [ -74.362336825387217, 4.010126837266066, 0.0 ], [ -74.362336849641721, 4.010126779018506, 0.0 ], [ -74.362399244824729, 4.009994563373146, 0.0 ], [ -74.362416621835578, 4.009782609487768, 0.0 ], [ -74.362438320641274, 4.009652842873023, 0.0 ], [ -74.362438511982432, 4.009651694947825, 0.0 ], [ -74.362438609898803, 4.00965110709542, 0.0 ], [ -74.362455938400629, 4.009547474804088, 0.0 ], [ -74.362518872572792, 4.009249031188061, 0.0 ], [ -74.362569576182381, 4.009061888800339, 0.0 ], [ -74.362570023543384, 4.009060237256494, 0.0 ], [ -74.362570396344239, 4.00905746377401, 0.0 ], [ -74.362592479628873, 4.008893498520488, 0.0 ], [ -74.362620880764894, 4.00873436689174, 0.0 ], [ -74.362621128699914, 4.008732975221311, 0.0 ], [ -74.362621163734204, 4.00873274581523, 0.0 ], [ -74.362644154317266, 4.008583753726309, 0.0 ], [ -74.362706459668757, 4.008417857243891, 0.0 ], [ -74.362706568364899, 4.008417565109473, 0.0 ], [ -74.362706785757197, 4.008416967398887, 0.0 ], [ -74.36276336075548, 4.008262683675727, 0.0 ], [ -74.362825825108743, 4.008132072676397, 0.0 ], [ -74.36282635152152, 4.008130972243332, 0.0 ], [ -74.362844950241154, 4.008102831445192, 0.0 ], [ -74.362845029292899, 4.00810271136536, 0.0 ], [ -74.362928728022865, 4.007976073729066, 0.0 ], [ -74.362979649923062, 4.007899809577452, 0.0 ], [ -74.362979711008492, 4.007899719965642, 0.0 ], [ -74.362986105216692, 4.00789014494062, 0.0 ], [ -74.363105361062253, 4.007712066481446, 0.0 ], [ -74.363185207816258, 4.007517057611139, 0.0 ], [ -74.363293735082365, 4.007310762971308, 0.0 ], [ -74.363293761133519, 4.007310712788631, 0.0 ], [ -74.363413560459804, 4.007069902270622, 0.0 ], [ -74.363470331290827, 4.006846065082076, 0.0 ], [ -74.363498409931651, 4.006679887761718, 0.0 ], [ -74.363521460701833, 4.00660527503805, 0.0 ], [ -74.363497757754757, 4.006621285114313, 0.0 ], [ -74.363487137871459, 4.006628458553143, 0.0 ], [ -74.363515785145879, 4.006473571403864, 0.0 ], [ -74.363532589031578, 4.006227154511318, 0.0 ], [ -74.363513010249974, 4.005999310537603, 0.0 ], [ -74.363509422378712, 4.005957565660706, 0.0 ], [ -74.363498090131415, 4.005728099633339, 0.0 ], [ -74.36351397324394, 4.005546187098013, 0.0 ], [ -74.36351419512782, 4.005543645698924, 0.0 ], [ -74.36351426429809, 4.005542857112476, 0.0 ], [ -74.363514343349834, 4.005541943965214, 0.0 ], [ -74.363526120263231, 4.005407060722131, 0.0 ], [ -74.363563388669419, 4.005179376029627, 0.0 ], [ -74.363563623129707, 4.005177943131577, 0.0 ], [ -74.363605872694137, 4.00491983414978, 0.0 ], [ -74.363657004800103, 4.004672837894593, 0.0 ], [ -74.363776805024727, 4.004449535035214, 0.0 ], [ -74.36377704936649, 4.004449216911834, 0.0 ], [ -74.363913507051393, 4.004271451346508, 0.0 ], [ -74.364027720653255, 4.00416232872731, 0.0 ], [ -74.36410337766479, 4.004086297212089, 0.0 ], [ -74.364176249000636, 4.004013068761425, 0.0 ], [ -74.364289036976132, 4.003905334201924, 0.0 ], [ -74.364289898460498, 4.003904511561265, 0.0 ], [ -74.364290170650023, 4.003904222113588, 0.0 ], [ -74.36438722822659, 4.003801047909112, 0.0 ], [ -74.364472022002886, 4.003727046974945, 0.0 ], [ -74.364472748739942, 4.003726414312137, 0.0 ], [ -74.364472937386168, 4.003726130241163, 0.0 ], [ -74.364483997443926, 4.003709455185009, 0.0 ], [ -74.364500857025192, 4.003695835011819, 0.0 ], [ -74.364512694125693, 4.003686271587209, 0.0 ], [ -74.364620711148703, 4.003565846985152, 0.0 ], [ -74.364757409582126, 4.003393415850158, 0.0 ], [ -74.364889068466809, 4.003272984932144, 0.0 ], [ -74.365041372433325, 4.003124974000412, 0.0 ], [ -74.365042662414083, 4.003123720323476, 0.0 ], [ -74.365156876015931, 4.003020816649971, 0.0 ], [ -74.365259344145443, 4.002946535158554, 0.0 ], [ -74.365259841812119, 4.002946174916755, 0.0 ], [ -74.36526021551127, 4.002946011822237, 0.0 ], [ -74.365379140776781, 4.002894136109368, 0.0 ], [ -74.365522077111535, 4.002853958394801, 0.0 ], [ -74.365522553218625, 4.002853862509525, 0.0 ], [ -74.365693158562451, 4.002819421778542, 0.0 ], [ -74.365841297939326, 4.002756812284239, 0.0 ], [ -74.365841715655947, 4.002756634851691, 0.0 ], [ -74.366029653094841, 4.002629968608165, 0.0 ], [ -74.366212502475975, 4.002463736664248, 0.0 ], [ -74.366354833346222, 4.002291868959439, 0.0 ], [ -74.366445947668851, 4.002119451894138, 0.0 ], [ -74.366548832616658, 4.001809700951183, 0.0 ], [ -74.366553913487905, 4.001793593999307, 0.0 ], [ -74.366554705801988, 4.001791083056879, 0.0 ], [ -74.366633725207649, 4.001540627710024, 0.0 ], [ -74.366691043112652, 4.001282315953247, 0.0 ], [ -74.366747385447283, 4.001083174410793, 0.0 ], [ -74.366747817536933, 4.001081650996866, 0.0 ], [ -74.366822007599609, 4.000788856161001, 0.0 ], [ -74.366861291825302, 4.000479724834434, 0.0 ], [ -74.36686129811352, 4.000479681820384, 0.0 ], [ -74.366929856637682, 4.00018123400133, 0.0 ], [ -74.367009704290027, 3.999991880586977, 0.0 ], [ -74.367140771184921, 3.999779873031672, 0.0 ], [ -74.36714098049238, 3.999779552218091, 0.0 ], [ -74.367271831791626, 3.999579184407945, 0.0 ], [ -74.367397003941633, 3.999441548174664, 0.0 ], [ -74.367397291402511, 3.999441232737734, 0.0 ], [ -74.36739805047894, 3.999440413677094, 0.0 ], [ -74.367551439610324, 3.999275013588654, 0.0 ], [ -74.367664684828313, 3.999171912283535, 0.0 ], [ -74.367665089968497, 3.999171543078818, 0.0 ], [ -74.367666373661024, 3.999170023245841, 0.0 ], [ -74.367728097802512, 3.999096915332881, 0.0 ], [ -74.36775059431217, 3.999051127670397, 0.0 ], [ -74.367824832883883, 3.998987821596517, 0.0 ], [ -74.367824862528295, 3.998987798297198, 0.0 ], [ -74.367893483036227, 3.998873607368699, 0.0 ], [ -74.367955906066982, 3.998730025204887, 0.0 ], [ -74.367956062373864, 3.998729604920654, 0.0 ], [ -74.368024504117045, 3.998546313480998, 0.0 ], [ -74.368104200852429, 3.99842052479271, 0.0 ], [ -74.368104376922219, 3.998420246992798, 0.0 ], [ -74.368104438007663, 3.998420101819916, 0.0 ], [ -74.36814992869364, 3.998311147789581, 0.0 ], [ -74.368257952903178, 3.998196389517173, 0.0 ], [ -74.368395213681964, 3.998035813937221, 0.0 ], [ -74.36850325226456, 3.99796118339952, 0.0 ], [ -74.368603206009581, 3.997880254857981, 0.0 ], [ -74.368605608104659, 3.997878310257282, 0.0 ], [ -74.368708608935123, 3.997794934378021, 0.0 ], [ -74.368822811757212, 3.997662637881345, 0.0 ], [ -74.368953886736946, 3.99749642554065, 0.0 ], [ -74.369056234492206, 3.997255617513346, 0.0 ], [ -74.369124807389412, 3.997038033527777, 0.0 ], [ -74.369124819067522, 3.997037993201932, 0.0 ], [ -74.369181567440663, 3.996762723443409, 0.0 ], [ -74.369244522274073, 3.996538885230127, 0.0 ], [ -74.369318166161079, 3.996298086779079, 0.0 ], [ -74.369318397028096, 3.996297498020966, 0.0 ], [ -74.369381143452372, 3.996137549361038, 0.0 ], [ -74.369466608270201, 3.995948221000436, 0.0 ], [ -74.369466628033138, 3.99594818336291, 0.0 ], [ -74.369506787217901, 3.995875026771599, 0.0 ], [ -74.369506837523559, 3.995874932677764, 0.0 ], [ -74.369507716075915, 3.995873333979103, 0.0 ], [ -74.369586424664476, 3.99572997353055, 0.0 ], [ -74.369641528222303, 3.995598333565384, 0.0 ], [ -74.36964209955083, 3.995596969652725, 0.0 ], [ -74.369642359163961, 3.995596346841062, 0.0 ], [ -74.369642439114017, 3.995596156861136, 0.0 ], [ -74.36967752281744, 3.995512340749064, 0.0 ], [ -74.369797338313404, 3.99533991508853, 0.0 ], [ -74.369886741345411, 3.995216234507558, 0.0 ], [ -74.369888469704023, 3.995213844522808, 0.0 ], [ -74.369950916091, 3.99515052112615, 0.0 ], [ -74.37005385134448, 3.994984318133779, 0.0 ], [ -74.370118577655631, 3.994840272884464, 0.0 ], [ -74.370119400512451, 3.994838439397015, 0.0 ], [ -74.370190512946948, 3.994680209235372, 0.0 ], [ -74.370245488944022, 3.994553864351631, 0.0 ], [ -74.370246030628138, 3.99455261783065, 0.0 ], [ -74.370246456429598, 3.994551641045681, 0.0 ], [ -74.370247175980126, 3.994549985888039, 0.0 ], [ -74.370292852617382, 3.994445039746895, 0.0 ], [ -74.37037833989308, 3.994278842884522, 0.0 ], [ -74.370412645655463, 3.994204224550838, 0.0 ], [ -74.370435696425659, 3.994135828960977, 0.0 ], [ -74.370452564091735, 3.994089476457388, 0.0 ], [ -74.370446906502096, 3.993981068493217, 0.0 ], [ -74.370446900213878, 3.993980962749455, 0.0 ], [ -74.370446951417861, 3.993980649102694, 0.0 ], [ -74.370469363485881, 3.993843046878944, 0.0 ], [ -74.370474941125465, 3.993700049905987, 0.0 ], [ -74.370480530443174, 3.993585314287919, 0.0 ], [ -74.370446138442517, 3.993407290071846, 0.0 ], [ -74.370445303907616, 3.993402008256628, 0.0 ], [ -74.370423577254172, 3.993264304672698, 0.0 ], [ -74.37040096576014, 3.993101330071136, 0.0 ], [ -74.370400958573612, 3.993101292433483, 0.0 ], [ -74.370400444737271, 3.993097578851805, 0.0 ], [ -74.370371697749874, 3.992971550956074, 0.0 ], [ -74.370303540772639, 3.992805409355686, 0.0 ], [ -74.37030330271908, 3.992805013264062, 0.0 ], [ -74.370234840314652, 3.992690696912067, 0.0 ], [ -74.370177532291095, 3.992542449282299, 0.0 ], [ -74.370177384967377, 3.992542071113265, 0.0 ], [ -74.370177309508918, 3.992541873067377, 0.0 ], [ -74.370131759534104, 3.992421700434499, 0.0 ], [ -74.370126101046139, 3.992295449297238, 0.0 ], [ -74.370126085774771, 3.992295099804442, 0.0 ], [ -74.370126183691141, 3.992294089859785, 0.0 ], [ -74.370137301241101, 3.992180359509266, 0.0 ], [ -74.370171567477612, 3.991985922261693, 0.0 ], [ -74.370211458066123, 3.991796567851432, 0.0 ], [ -74.370262415898935, 3.991636667601697, 0.0 ], [ -74.370262618019865, 3.991636035825678, 0.0 ], [ -74.37026321899279, 3.991633743509375, 0.0 ], [ -74.370263228874265, 3.991633708560079, 0.0 ], [ -74.370313763600564, 3.991441024921928, 0.0 ], [ -74.370364927147577, 3.991268633355362, 0.0 ], [ -74.37039919518071, 3.991113745991765, 0.0 ], [ -74.370450350642884, 3.990941910857503, 0.0 ], [ -74.370450359626048, 3.990941885765674, 0.0 ], [ -74.370535832528688, 3.99075819201295, 0.0 ], [ -74.370592228762234, 3.990645376405873, 0.0 ], [ -74.370593198044418, 3.990643437164841, 0.0 ], [ -74.37059360048967, 3.990642385995844, 0.0 ], [ -74.370632556830273, 3.990540558809327, 0.0 ], [ -74.37064867709806, 3.990511494385614, 0.0 ], [ -74.370648701352565, 3.990511447786443, 0.0 ], [ -74.370689926837585, 3.990437108705205, 0.0 ], [ -74.370735466930924, 3.990305402473156, 0.0 ], [ -74.370786655630752, 3.990230778401472, 0.0 ], [ -74.37089521882946, 3.990070226354609, 0.0 ], [ -74.371020676643724, 3.98993792592421, 0.0 ], [ -74.371134101524746, 3.98977201491368, 0.0 ], [ -74.371134301849082, 3.989771720980352, 0.0 ], [ -74.371282816721745, 3.989582327525603, 0.0 ], [ -74.371436960437975, 3.989416107275453, 0.0 ], [ -74.371584918355154, 3.989261189989935, 0.0 ], [ -74.371681693860708, 3.9891809004336, 0.0 ], [ -74.371813305134665, 3.989094982220728, 0.0 ], [ -74.371813359033595, 3.989094944582896, 0.0 ], [ -74.371955723141497, 3.989031592037842, 0.0 ], [ -74.372097637193463, 3.98898590776584, 0.0 ], [ -74.372098093537616, 3.988985761695176, 0.0 ], [ -74.372098248946173, 3.988985714199801, 0.0 ], [ -74.372229773083546, 3.988945587779986, 0.0 ], [ -74.372389604033827, 3.988945531323232, 0.0 ], [ -74.372549440374016, 3.988951126815794, 0.0 ], [ -74.372691834126357, 3.98896803247977, 0.0 ], [ -74.372692817781584, 3.988967971542289, 0.0 ], [ -74.372874173264393, 3.988956665851553, 0.0 ], [ -74.373005857301891, 3.988933445991141, 0.0 ], [ -74.373119521134797, 3.988870104187291, 0.0 ], [ -74.37322248603266, 3.98879546206246, 0.0 ], [ -74.373307968816789, 3.988623613001173, 0.0 ], [ -74.373353487350542, 3.988417301060919, 0.0 ], [ -74.373404632032916, 3.988227943139567, 0.0 ], [ -74.373467642561906, 3.988170272054975, 0.0 ], [ -74.373546972784638, 3.988073039968295, 0.0 ], [ -74.373547184787057, 3.988072824894671, 0.0 ], [ -74.373695492148869, 3.987935071129501, 0.0 ], [ -74.37380968778443, 3.987786382636496, 0.0 ], [ -74.373951981823751, 3.987522389498466, 0.0 ], [ -74.373951991705226, 3.987522362614229, 0.0 ], [ -74.374031813306416, 3.987281584818416, 0.0 ], [ -74.374081860247529, 3.987116083704161, 0.0 ], [ -74.374082441457531, 3.987114164169935, 0.0 ], [ -74.374082975955105, 3.9871123978758, 0.0 ], [ -74.374111644789096, 3.98701761123333, 0.0 ], [ -74.374124723361305, 3.98696830106183, 0.0 ], [ -74.374124874278294, 3.986967730219858, 0.0 ], [ -74.374174024700736, 3.986782470915641, 0.0 ], [ -74.374242589513116, 3.986524162578418, 0.0 ], [ -74.374247841962585, 3.986509452411519, 0.0 ], [ -74.374248292018535, 3.986508192436207, 0.0 ], [ -74.374248761837435, 3.986506873315529, 0.0 ], [ -74.374249140028169, 3.986505814075951, 0.0 ], [ -74.374316248671477, 3.986317829499918, 0.0 ], [ -74.374316495708172, 3.986317247007663, 0.0 ], [ -74.37437922865773, 3.986168595859993, 0.0 ], [ -74.374401645217318, 3.986082927355916, 0.0 ], [ -74.374401719777495, 3.986082720347059, 0.0 ], [ -74.374394040978444, 3.986112094096495, 0.0 ], [ -74.374408683517572, 3.986098025560041, 0.0 ], [ -74.374506450763207, 3.986019992180994, 0.0 ], [ -74.37469291047347, 3.985879972623732, 0.0 ], [ -74.374842934515812, 3.985753798445665, 0.0 ], [ -74.375063470019739, 3.985579384884042, 0.0 ], [ -74.375233797784119, 3.985407468835846, 0.0 ], [ -74.375376398148973, 3.985169455022519, 0.0 ], [ -74.375466783039585, 3.984988725318139, 0.0 ], [ -74.375547988046321, 3.984798909573867, 0.0 ], [ -74.375640562131309, 3.984599915480579, 0.0 ], [ -74.375737580181976, 3.984375779121019, 0.0 ], [ -74.375886950250802, 3.9841240450391, 0.0 ], [ -74.376038753855724, 3.983901975059327, 0.0 ], [ -74.376204455296403, 3.983718657010273, 0.0 ], [ -74.376393055691977, 3.983548940609141, 0.0 ], [ -74.376515675728271, 3.983420595610001, 0.0 ], [ -74.376685885813345, 3.983225842639248, 0.0 ], [ -74.376806121720861, 3.983079245794531, 0.0 ], [ -74.376960605000278, 3.982934787127253, 0.0 ], [ -74.377149325770105, 3.982787897191, 0.0 ], [ -74.37732205293463, 3.982638808982422, 0.0 ], [ -74.377499349828994, 3.982491960216096, 0.0 ], [ -74.377696972004983, 3.982299388245743, 0.0 ], [ -74.377928759806153, 3.982092967181333, 0.0 ], [ -74.378176795435905, 3.981941275540635, 0.0 ], [ -74.37834992684229, 3.981872083151815, 0.0 ], [ -74.378573254310126, 3.981795832704296, 0.0 ], [ -74.378819361256944, 3.981712635318261, 0.0 ], [ -74.37912931955583, 3.981615475952228, 0.0 ], [ -74.379293446249832, 3.981569146938448, 0.0 ], [ -74.379498417543147, 3.981474703777805, 0.0 ], [ -74.37958241092052, 3.981383044936103, 0.0 ], [ -74.379663943812346, 3.981259433050253, 0.0 ], [ -74.379797314885948, 3.981003183222586, 0.0 ], [ -74.379869662503978, 3.980865910401073, 0.0 ], [ -74.380007978803221, 3.980684987975804, 0.0 ], [ -74.380205726743341, 3.980517518489027, 0.0 ], [ -74.380367269882569, 3.980414130750595, 0.0 ], [ -74.380572082174098, 3.980290008810718, 0.0 ], [ -74.380772799046241, 3.980257225008143, 0.0 ], [ -74.380859560133004, 3.980261439594865, 0.0 ], [ -74.381126777489001, 3.980285455479998, 0.0 ], [ -74.381291242847851, 3.980307609167808, 0.0 ], [ -74.381414583332983, 3.980320799577707, 0.0 ], [ -74.381588168388603, 3.98033835512671, 0.0 ], [ -74.381757137001969, 3.980346799533842, 0.0 ], [ -74.381873596392026, 3.980355447366578, 0.0 ], [ -74.381923448398709, 3.980366879532453, 0.0 ], [ -74.382118139371926, 3.980411522062597, 0.0 ], [ -74.382214151309498, 3.980438520325116, 0.0 ], [ -74.382394803411444, 3.980499419877983, 0.0 ], [ -74.382561715781108, 3.980553539168742, 0.0 ], [ -74.382666989349261, 3.9806033219948, 0.0 ], [ -74.382861369505392, 3.980671020611319, 0.0 ], [ -74.382955128468225, 3.980704877982812, 0.0 ], [ -74.383087834788526, 3.980763693971837, 0.0 ], [ -74.383234455114248, 3.980865819890133, 0.0 ], [ -74.383390291256475, 3.980983907084069, 0.0 ], [ -74.383527789190495, 3.9810883539975, 0.0 ], [ -74.383612599136484, 3.98115650154407, 0.0 ], [ -74.383679106806852, 3.981215585448939, 0.0 ], [ -74.383864436436482, 3.981297011201705, 0.0 ], [ -74.38402911918763, 3.981362537499974, 0.0 ], [ -74.384251219556802, 3.98149176731734, 0.0 ], [ -74.384441292291115, 3.98160969759576, 0.0 ], [ -74.384658504028508, 3.981677293072602, 0.0 ], [ -74.384848322539611, 3.981745000562257, 0.0 ], [ -74.385090562239128, 3.981798807015846, 0.0 ], [ -74.385367091531364, 3.981859306786601, 0.0 ], [ -74.385581703544318, 3.981865276916764, 0.0 ], [ -74.385809973542848, 3.981864343131761, 0.0 ], [ -74.386013014356635, 3.981838392511665, 0.0 ], [ -74.386266238655438, 3.981807674389321, 0.0 ], [ -74.386489783515557, 3.98177479475947, 0.0 ], [ -74.386777266864357, 3.981746222906684, 0.0 ], [ -74.386948330348972, 3.981720410289507, 0.0 ], [ -74.387139552028572, 3.981616890968488, 0.0 ], [ -74.387309943573342, 3.981458667222647, 0.0 ], [ -74.387500582246318, 3.981240998400184, 0.0 ], [ -74.387656829816947, 3.98099380324396, 0.0 ], [ -74.387821915911644, 3.980691766440058, 0.0 ], [ -74.388011592488922, 3.980286902759893, 0.0 ], [ -74.388326557098921, 3.979831294443056, 0.0 ], [ -74.388591790974758, 3.979471776398233, 0.0 ], [ -74.388524004103417, 3.97975349884542, 0.0 ], [ -74.388506399818795, 3.97981127447333, 0.0 ], [ -74.388468391200803, 3.980059660966346, 0.0 ], [ -74.388632706541003, 3.980076570397651, 0.0 ], [ -74.388766268057452, 3.980176970418838, 0.0 ], [ -74.38893324061425, 3.980377796412822, 0.0 ], [ -74.389333861383193, 3.980545055333177, 0.0 ], [ -74.390001505472028, 3.980678731069707, 0.0 ], [ -74.390302072782944, 3.981046914335995, 0.0 ], [ -74.390402355311366, 3.981448653673038, 0.0 ], [ -74.39030239258318, 3.981917427283239, 0.0 ], [ -74.390335959032086, 3.982419634946425, 0.0 ], [ -74.390336130610294, 3.982888384703815, 0.0 ], [ -74.390503214558208, 3.983390542486438, 0.0 ], [ -74.390903974566015, 3.983926093894843, 0.0 ], [ -74.390770652899747, 3.984461847483145, 0.0 ], [ -74.390837570201896, 3.984863591426012, 0.0 ], [ -74.390770976293254, 3.98533235860989, 0.0 ], [ -74.391068063530767, 3.985975548898772, 0.0 ], [ -74.391240178942553, 3.986389460813039, 0.0 ], [ -74.391068544129439, 3.987286466098011, 0.0 ], [ -74.390828014822219, 3.987907514817646, 0.0 ], [ -74.391068991490457, 3.98849389411602, 0.0 ], [ -74.391138173445412, 3.989563295337805, 0.0 ], [ -74.391172738820941, 3.990011756044271, 0.0 ], [ -74.391344696129238, 3.989977194691489, 0.0 ], [ -74.391516957068134, 3.990770574835703, 0.0 ], [ -74.391586111175343, 3.991770984960619, 0.0 ], [ -74.391620831061061, 3.992633423128639, 0.0 ], [ -74.39158768682033, 3.996014213910922, 0.0 ], [ -74.391484681498284, 3.996462726652968, 0.0 ], [ -74.391450454787645, 3.996911214954218, 0.0 ], [ -74.391863202812928, 3.996980049416505, 0.0 ], [ -74.39200071152672, 3.996807512944339, 0.0 ], [ -74.392172565528782, 3.996462468567265, 0.0 ], [ -74.392206763493334, 3.995944984173575, 0.0 ], [ -74.392275429815328, 3.995634487107732, 0.0 ], [ -74.392687890379719, 3.994909869233269, 0.0 ], [ -74.393100426402597, 3.994392248544032, 0.0 ], [ -74.393340660164071, 3.992977754896673, 0.0 ], [ -74.393752834165895, 3.991494188211191, 0.0 ], [ -74.39437170961628, 3.990941986133014, 0.0 ], [ -74.394887239283094, 3.989906862195148, 0.0 ], [ -74.395058866011382, 3.989009858874206, 0.0 ], [ -74.395457668590197, 3.988479887453949, 0.0 ], [ -74.39616862944203, 3.988422558712418, 0.0 ], [ -74.396964863770535, 3.988279638759735, 0.0 ], [ -74.397220670725773, 3.987880188812886, 0.0 ], [ -74.397590186429682, 3.987366601703198, 0.0 ], [ -74.398215747142416, 3.98710963417665, 0.0 ], [ -74.398613778966691, 3.986824224833861, 0.0 ], [ -74.39912543689465, 3.9861679560145, 0.0 ], [ -74.399182250844802, 3.98599678030291, 0.0 ], [ -74.399210581912229, 3.98571151216437, 0.0 ], [ -74.399324257423217, 3.985511800481485, 0.0 ], [ -74.400290975822969, 3.984427355796254, 0.0 ], [ -74.400617223272903, 3.983948093347786, 0.0 ], [ -74.400768451956054, 3.983844216745301, 0.0 ], [ -74.401166476593829, 3.983692334548527, 0.0 ], [ -74.401330644610297, 3.983568742724712, 0.0 ], [ -74.401494017617779, 3.98346978501463, 0.0 ], [ -74.40177703633961, 3.983516984974368, 0.0 ], [ -74.401918546149687, 3.983564231530923, 0.0 ], [ -74.402107253444782, 3.98365877930076, 0.0 ], [ -74.402107309140334, 3.983800705335983, 0.0 ], [ -74.40210743490448, 3.984131878236926, 0.0 ], [ -74.402107526532632, 3.984368422674167, 0.0 ], [ -74.401871780754306, 3.984605057553953, 0.0 ], [ -74.401919127359676, 3.985078138919132, 0.0 ], [ -74.401872268539506, 3.985882415508028, 0.0 ], [ -74.401412234994297, 3.991229284893675, 0.0 ], [ -74.40099214863146, 3.993086568046222, 0.0 ], [ -74.400992633721714, 3.994352780150218, 0.0 ], [ -74.401329463325709, 3.994859143646096, 0.0 ], [ -74.402087038655949, 3.995196496298121, 0.0 ], [ -74.402760549641897, 3.995787135977466, 0.0 ], [ -74.403181842442166, 3.997053193363432, 0.0 ], [ -74.402930300687885, 3.999501304652195, 0.0 ], [ -74.402593577085113, 4.002078568891354, 0.0 ], [ -74.402472540778675, 4.002601560575801, 0.0 ], [ -74.402387729934375, 4.002784016816682, 0.0 ], [ -74.402315023888548, 4.002893500757528, 0.0 ], [ -74.402266569660441, 4.003015128952683, 0.0 ], [ -74.40228838524709, 4.003036988994751, 0.0 ], [ -74.402099271913485, 4.003212694640174, 0.0 ], [ -74.40195406194276, 4.003402189793504, 0.0 ], [ -74.401547400003523, 4.003795818136001, 0.0 ], [ -74.401140750640721, 4.004218574748855, 0.0 ], [ -74.400498185717979, 4.005254039962236, 0.0 ], [ -74.399707582928002, 4.00700036430656, 0.0 ], [ -74.399233270661355, 4.008191029182202, 0.0 ], [ -74.399233692869544, 4.00930212611302, 0.0 ], [ -74.399550419974105, 4.009857563341753, 0.0 ], [ -74.399788045926329, 4.010492392449562, 0.0 ], [ -74.400025609894783, 4.010968485057072, 0.0 ], [ -74.400184017913659, 4.011365248847357, 0.0 ], [ -74.400263352627988, 4.011920770700778, 0.0 ], [ -74.400421863054817, 4.012555620608372, 0.0 ], [ -74.400580419295721, 4.013349209182349, 0.0 ], [ -74.400738951282122, 4.014063436447343, 0.0 ], [ -74.401055681979926, 4.014618865958258, 0.0 ], [ -74.401372498017722, 4.015412389799194, 0.0 ], [ -74.401135694023978, 4.016920413635501, 0.0 ], [ -74.401286077392442, 4.018647102644385, 0.0 ], [ -74.401600457199152, 4.018997178258698, 0.0 ], [ -74.402089410208305, 4.019347188307022, 0.0 ], [ -74.402578471015275, 4.01994233856407, 0.0 ], [ -74.402788093785148, 4.020292454843099, 0.0 ], [ -74.402718335111757, 4.020467590439297, 0.0 ], [ -74.402020381865242, 4.021413404987705, 0.0 ], [ -74.401776089515309, 4.021728687311867, 0.0 ], [ -74.401287547934544, 4.02246430168485, 0.0 ], [ -74.40104328972059, 4.022849622039422, 0.0 ], [ -74.400798893166083, 4.022884734898337, 0.0 ], [ -74.400310145871131, 4.023095051787092, 0.0 ], [ -74.400310199770047, 4.02323512501647, 0.0 ], [ -74.400415066401365, 4.023550265051711, 0.0 ], [ -74.400589784232565, 4.02390039501435, 0.0 ], [ -74.400694704762799, 4.024355623062582, 0.0 ], [ -74.400485365860561, 4.024775947767897, 0.0 ], [ -74.399926960503549, 4.0254065258211, 0.0 ], [ -74.398691865022769, 4.026139115228727, 0.0 ], [ -74.398691785971025, 4.026139122397532, 0.0 ], [ -74.39699656172364, 4.026078736119526, 0.0 ], [ -74.395846984061293, 4.02563619062643, 0.0 ], [ -74.394393162283578, 4.025076522005432, 0.0 ], [ -74.393423643835078, 4.024165227710308, 0.0 ], [ -74.392855536672997, 4.023024883436404, 0.0 ], [ -74.392852411434134, 4.023018610723931, 0.0 ], [ -74.392636237250883, 4.022584673318534, 0.0 ], [ -74.392551005096735, 4.022279365843667, 0.0 ], [ -74.392549117736309, 4.022272602957337, 0.0 ], [ -74.39254882937712, 4.02227157423153, 0.0 ], [ -74.392211866822464, 4.021064474735622, 0.0 ], [ -74.391707951473947, 4.020095607481528, 0.0 ], [ -74.391704777726048, 4.020089503214257, 0.0 ], [ -74.391484749770257, 4.019666461788023, 0.0 ], [ -74.39079854558932, 4.019218958242085, 0.0 ], [ -74.390798169195222, 4.019218713605155, 0.0 ], [ -74.390273842326835, 4.018876789069218, 0.0 ], [ -74.388699708284776, 4.018998886237122, 0.0 ], [ -74.386156946024698, 4.01906087079711, 0.0 ], [ -74.383493576852899, 4.020217107661124, 0.0 ], [ -74.381375139207165, 4.021737697629533, 0.0 ], [ -74.380649065997304, 4.023196717207124, 0.0 ], [ -74.380225774445549, 4.024595725041706, 0.0 ], [ -74.379905609488389, 4.026229260029674, 0.0 ], [ -74.379901959633386, 4.026247879158975, 0.0 ], [ -74.379901038860226, 4.026252585466867, 0.0 ], [ -74.379379726737909, 4.028912415722264, 0.0 ], [ -74.378896839153569, 4.032074281835335, 0.0 ], [ -74.378654960576782, 4.034019764729659, 0.0 ], [ -74.378622027440159, 4.035515268010882, 0.0 ], [ -74.378621850472044, 4.035523324738218, 0.0 ], [ -74.378613429664583, 4.035905819815125, 0.0 ], [ -74.377661086106016, 4.035763181476476, 0.0 ], [ -74.37759119358364, 4.035754356804313, 0.0 ], [ -74.377590344675696, 4.03575425016987, 0.0 ], [ -74.377590190165463, 4.035754231352003, 0.0 ], [ -74.377586722668468, 4.035753793165115, 0.0 ], [ -74.377281716781738, 4.035715278416362, 0.0 ], [ -74.375812498778373, 4.035001968917608, 0.0 ], [ -74.375291300742091, 4.034954679633328, 0.0 ], [ -74.375007170804267, 4.035240194033006, 0.0 ], [ -74.374391035215496, 4.035668838664891, 0.0 ], [ -74.373917072393496, 4.035478539154333, 0.0 ], [ -74.373517454144391, 4.035238207405221, 0.0 ], [ -74.373515057439235, 4.035236766495163, 0.0 ], [ -74.373206072914115, 4.035050942845574, 0.0 ], [ -74.37285267568133, 4.034917772429808, 0.0 ], [ -74.37284859014342, 4.034916232949437, 0.0 ], [ -74.372447849000238, 4.034765221382855, 0.0 ], [ -74.372447817559191, 4.034765236616389, 0.0 ], [ -74.37168982630898, 4.035051477810444, 0.0 ], [ -74.371689778698268, 4.035051449135594, 0.0 ], [ -74.37064724428518, 4.034385483035485, 0.0 ], [ -74.369556937465262, 4.034052407483451, 0.0 ], [ -74.369556907820865, 4.034052401210811, 0.0 ], [ -74.368229788922406, 4.034005393243413, 0.0 ], [ -74.367329862958968, 4.03410122465297, 0.0 ], [ -74.366922256890376, 4.034250048988738, 0.0 ], [ -74.3669212822183, 4.034250405632311, 0.0 ], [ -74.366287083305807, 4.034481961376556, 0.0 ], [ -74.366286187685475, 4.034482189879284, 0.0 ], [ -74.365469369360568, 4.034690802096871, 0.0 ] ] ] } },
{ "type": "Feature", "properties": { "OBJECTID": 6655, "DPTOMPIO": "25120", "CODIGO_VER": "25120003", "NOM_DEP": "CUNDINAMARCA", "NOMB_MPIO": "CABRERA", "NOMBRE_VER": "CANADA", "VIGENCIA": "2010", "FUENTE": "EOT CABRERA", "DESCRIPCIO": "NULL", "SEUDONIMOS": "NULL", "AREA_HA": 1595.77966838, "COD_DPTO": "25", "ShapeSTAre": 16139206.135986328, "ShapeSTLen": 22015.088963001661 }, "geometry": { "type": "Polygon", "coordinates": [ [ [ -74.354828840989825, 3.941952737989578, 0.0 ], [ -74.354848927319594, 3.941776329231196, 0.0 ], [ -74.354877553034427, 3.941541199347176, 0.0 ], [ -74.354906176054342, 3.941300414432964, 0.0 ], [ -74.354899916593425, 3.941088469771818, 0.0 ], [ -74.354888575362978, 3.940819439466442, 0.0 ], [ -74.354894117069946, 3.940527215635914, 0.0 ], [ -74.354956501473183, 3.940297741265469, 0.0 ], [ -74.355048144005195, 3.94002867844144, 0.0 ], [ -74.355121786993863, 3.939822400080515, 0.0 ], [ -74.355121800468623, 3.939822359751846, 0.0 ], [ -74.355230319649877, 3.939541422221446, 0.0 ], [ -74.355230559500043, 3.939540319008271, 0.0 ], [ -74.355298873682472, 3.939226018806622, 0.0 ], [ -74.3553497803113, 3.93906684864189, 0.0 ], [ -74.355350034534524, 3.939066051926174, 0.0 ], [ -74.355366758470183, 3.938590197414707, 0.0 ], [ -74.355366760266804, 3.938590152605005, 0.0 ], [ -74.355377944292087, 3.938355593592155, 0.0 ], [ -74.355377944292087, 3.938354438398156, 0.0 ], [ -74.355377868833614, 3.938126121311359, 0.0 ], [ -74.35538332699727, 3.937918023204114, 0.0 ], [ -74.355383428506897, 3.937914172256761, 0.0 ], [ -74.355383372811346, 3.937911803614944, 0.0 ], [ -74.35537772150991, 3.937667747435956, 0.0 ], [ -74.355383229979225, 3.937469067326288, 0.0 ], [ -74.35538328387814, 3.937467102867096, 0.0 ], [ -74.355383466236148, 3.937466267613438, 0.0 ], [ -74.355423180754855, 3.937283965421043, 0.0 ], [ -74.35548596850164, 3.937095146056616, 0.0 ], [ -74.355486148164687, 3.937094604754644, 0.0 ], [ -74.355486426642429, 3.937093816998995, 0.0 ], [ -74.355542936063699, 3.936934070172767, 0.0 ], [ -74.355605154278592, 3.936791515036664, 0.0 ], [ -74.355605337534911, 3.936791083070381, 0.0 ], [ -74.355605351907954, 3.936791052599713, 0.0 ], [ -74.355673962534397, 3.936641822572949, 0.0 ], [ -74.35572515213255, 3.936573418634908, 0.0 ], [ -74.355765091230097, 3.936521969821838, 0.0 ], [ -74.355771293198814, 3.936567749299941, 0.0 ], [ -74.355873619394515, 3.936263640415095, 0.0 ], [ -74.355884847437238, 3.936177726563285, 0.0 ], [ -74.355885070219429, 3.936177109084051, 0.0 ], [ -74.355930389327199, 3.93605167475477, 0.0 ], [ -74.355987726096828, 3.935931314671487, 0.0 ], [ -74.355987751249671, 3.935931270757848, 0.0 ], [ -74.356067627648102, 3.935822725217792, 0.0 ], [ -74.356141886881062, 3.935748095333746, 0.0 ], [ -74.356233030848102, 3.935673458273413, 0.0 ], [ -74.356324185594929, 3.935622008508532, 0.0 ], [ -74.356324479344039, 3.935621770120144, 0.0 ], [ -74.356438393806897, 3.93553604978066, 0.0 ], [ -74.356512654836493, 3.935467070393307, 0.0 ], [ -74.356558226370851, 3.935421276515536, 0.0 ], [ -74.356558274879859, 3.935421070390186, 0.0 ], [ -74.356614986422073, 3.93519235279493, 0.0 ], [ -74.356626192905253, 3.935054452210394, 0.0 ], [ -74.356609280323397, 3.934951581279287, 0.0 ], [ -74.356597058743944, 3.934922359859884, 0.0 ], [ -74.356563662076624, 3.934842513128284, 0.0 ], [ -74.356558007181917, 3.934745299867842, 0.0 ], [ -74.356551767483964, 3.934602308804813, 0.0 ], [ -74.356561586070001, 3.934600457259803, 0.0 ], [ -74.356614791487658, 3.934590418946229, 0.0 ], [ -74.356563558770375, 3.93452204620663, 0.0 ], [ -74.356563733941854, 3.934521330144373, 0.0 ], [ -74.356591658970785, 3.934407302376294, 0.0 ], [ -74.356614713334224, 3.934349645464164, 0.0 ], [ -74.356630794076139, 3.934300597428956, 0.0 ], [ -74.356631578305368, 3.934298206371875, 0.0 ], [ -74.356634621797554, 3.934292154344733, 0.0 ], [ -74.3566346424588, 3.934292111327234, 0.0 ], [ -74.356683320367424, 3.934195325489195, 0.0 ], [ -74.356734471338015, 3.934097576226513, 0.0 ], [ -74.356734495592534, 3.934097528727995, 0.0 ], [ -74.35678567351259, 3.933983343170969, 0.0 ], [ -74.356836848737686, 3.93387989674797, 0.0 ], [ -74.356836859517472, 3.933879867173404, 0.0 ], [ -74.356836881077029, 3.933879798166105, 0.0 ], [ -74.356871142821973, 3.93377701760602, 0.0 ], [ -74.356887238835242, 3.933681420067991, 0.0 ], [ -74.356888555765451, 3.933673581911795, 0.0 ], [ -74.356911040596998, 3.933587665104244, 0.0 ], [ -74.356950966219813, 3.933496088790137, 0.0 ], [ -74.356894064234766, 3.933306768487712, 0.0 ], [ -74.356887803875551, 3.933089168564345, 0.0 ], [ -74.356847784827949, 3.932877245113898, 0.0 ], [ -74.356819011789398, 3.932670947057287, 0.0 ], [ -74.356813345216608, 3.932476800529027, 0.0 ], [ -74.35681332006375, 3.932475957204559, 0.0 ], [ -74.35681331916544, 3.932472796306253, 0.0 ], [ -74.356813257181699, 3.93227587867997, 0.0 ], [ -74.356818832126351, 3.932120999987952, 0.0 ], [ -74.356818845601083, 3.932120853907238, 0.0 ], [ -74.356847426400151, 3.93178866811091, 0.0 ], [ -74.35688716337674, 3.931594429068444, 0.0 ], [ -74.356887320581919, 3.931593661920207, 0.0 ], [ -74.356887581093375, 3.931592107011093, 0.0 ], [ -74.356921019083174, 3.931393006030099, 0.0 ], [ -74.356967099063993, 3.931204231036802, 0.0 ], [ -74.357012636462386, 3.931049337806456, 0.0 ], [ -74.357086309993761, 3.930900666877517, 0.0 ], [ -74.357206131777943, 3.930762719876513, 0.0 ], [ -74.357383359502037, 3.930648491741121, 0.0 ], [ -74.357485754868009, 3.930562550424318, 0.0 ], [ -74.357576428117852, 3.930483162130644, 0.0 ], [ -74.357577426146122, 3.930482295502939, 0.0 ], [ -74.357577456688844, 3.930482261447238, 0.0 ], [ -74.357622995883844, 3.930344337678278, 0.0 ], [ -74.35758861196804, 3.930172531150345, 0.0 ], [ -74.357456890201291, 3.929989488890889, 0.0 ], [ -74.357456865946787, 3.929989449457965, 0.0 ], [ -74.357342543648784, 3.929725551708039, 0.0 ], [ -74.357319952815999, 3.929490990199472, 0.0 ], [ -74.357342386443605, 3.929261561183647, 0.0 ], [ -74.357342394528445, 3.929261515477257, 0.0 ], [ -74.357393539210833, 3.929067070615448, 0.0 ], [ -74.357445276781306, 3.928946653062646, 0.0 ], [ -74.357490725246478, 3.928539711796251, 0.0 ], [ -74.357536226712242, 3.928425068413697, 0.0 ], [ -74.357536248271799, 3.928425009264196, 0.0 ], [ -74.357536269831385, 3.928424961765347, 0.0 ], [ -74.357656062869466, 3.928196018199377, 0.0 ], [ -74.357787128866065, 3.928029808029448, 0.0 ], [ -74.357929448058201, 3.927846073429444, 0.0 ], [ -74.358021123827896, 3.927691742392506, 0.0 ], [ -74.358043552065595, 3.927479912568226, 0.0 ], [ -74.358043565540314, 3.927479787995644, 0.0 ], [ -74.358043490980137, 3.927244706056311, 0.0 ], [ -74.35804348828519, 3.92724466662326, 0.0 ], [ -74.357986570130493, 3.926992608680916, 0.0 ], [ -74.357963404375937, 3.926711713427874, 0.0 ], [ -74.357967197961386, 3.926563171675942, 0.0 ], [ -74.357967211436105, 3.926562668904023, 0.0 ], [ -74.357968962252599, 3.926494110887623, 0.0 ], [ -74.357975187577509, 3.926396496049507, 0.0 ], [ -74.35797519117078, 3.926396438692275, 0.0 ], [ -74.357985758053474, 3.926230723766401, 0.0 ], [ -74.358008715398867, 3.925869556760192, 0.0 ], [ -74.358031134653402, 3.925594299171655, 0.0 ], [ -74.358047932250898, 3.925342216533385, 0.0 ], [ -74.358059666045165, 3.925078830841199, 0.0 ], [ -74.358059682214815, 3.925078550328057, 0.0 ], [ -74.358070860850219, 3.924889486223242, 0.0 ], [ -74.358105045340039, 3.924769451644973, 0.0 ], [ -74.358105148646288, 3.924769088680518, 0.0 ], [ -74.358105191765446, 3.924768984720336, 0.0 ], [ -74.358150695926142, 3.924660556026938, 0.0 ], [ -74.358213130635036, 3.924568974251792, 0.0 ], [ -74.358287252425754, 3.924505769127025, 0.0 ], [ -74.358287393461239, 3.924505648138827, 0.0 ], [ -74.358332967690558, 3.92447680903464, 0.0 ], [ -74.358372918466188, 3.924465491709193, 0.0 ], [ -74.358384705261045, 3.924373926044423, 0.0 ], [ -74.358412820732795, 3.924304962761834, 0.0 ], [ -74.358441468905539, 3.924144435576045, 0.0 ], [ -74.358452687066787, 3.924024597160559, 0.0 ], [ -74.358452704134777, 3.924024537114524, 0.0 ], [ -74.358481345120993, 3.923898564128029, 0.0 ], [ -74.358515653578309, 3.923840902904709, 0.0 ], [ -74.358538130325044, 3.923738027902021, 0.0 ], [ -74.358555598065735, 3.923800749131729, 0.0 ], [ -74.358543710659589, 3.923594469443813, 0.0 ], [ -74.358543666642134, 3.923453134457809, 0.0 ], [ -74.358543664845513, 3.923451472884582, 0.0 ], [ -74.358543687303381, 3.92345053455276, 0.0 ], [ -74.35854921373901, 3.923210697980072, 0.0 ], [ -74.35857786101343, 3.923027552922238, 0.0 ], [ -74.358617769568241, 3.922907164969498, 0.0 ], [ -74.358720136188126, 3.922740965397508, 0.0 ], [ -74.358720190087041, 3.922740925964241, 0.0 ], [ -74.358800028756235, 3.922683287066302, 0.0 ], [ -74.35885176183514, 3.922563450233639, 0.0 ], [ -74.358897287555422, 3.922385399097822, 0.0 ], [ -74.35891409862765, 3.922173443354186, 0.0 ], [ -74.358874084969941, 3.921990333917496, 0.0 ], [ -74.358805389003521, 3.921864327464442, 0.0 ], [ -74.358765386125611, 3.921720772269151, 0.0 ], [ -74.358748461865645, 3.921577780766519, 0.0 ], [ -74.358816467027623, 3.921331332298787, 0.0 ], [ -74.358925016751598, 3.921136307533327, 0.0 ], [ -74.359039176454544, 3.920901712244508, 0.0 ], [ -74.359130296167081, 3.920758122827798, 0.0 ], [ -74.3592434686215, 3.92059338813674, 0.0 ], [ -74.359244480124516, 3.920591917451182, 0.0 ], [ -74.35937555420594, 3.920454530672622, 0.0 ], [ -74.359472293778879, 3.920293983926688, 0.0 ], [ -74.359472902836643, 3.920292487250387, 0.0 ], [ -74.359535272866822, 3.920139101219308, 0.0 ], [ -74.359575013436682, 3.920065395721179, 0.0 ], [ -74.359575202082894, 3.920065045301671, 0.0 ], [ -74.359671913808057, 3.91981858742582, 0.0 ], [ -74.359711820566247, 3.919686896856336, 0.0 ], [ -74.359711786430253, 3.919566497667853, 0.0 ], [ -74.359666155607087, 3.919411649778057, 0.0 ], [ -74.359637406823055, 3.919268098642694, 0.0 ], [ -74.359608101981863, 3.919139819875399, 0.0 ], [ -74.359688517369463, 3.918964572266413, 0.0 ], [ -74.359780012577787, 3.918867539088303, 0.0 ], [ -74.35978021200377, 3.918867327581582, 0.0 ], [ -74.359951233267566, 3.918695451476534, 0.0 ], [ -74.359951792019686, 3.918694864455691, 0.0 ], [ -74.360087932599285, 3.918551848237757, 0.0 ], [ -74.360225177208406, 3.918443309399549, 0.0 ], [ -74.360225205954492, 3.918443286097928, 0.0 ], [ -74.360396233506478, 3.918299669372632, 0.0 ], [ -74.360516052595713, 3.918156636059039, 0.0 ], [ -74.360612786778773, 3.917984784005765, 0.0 ], [ -74.360687004689225, 3.917789767422015, 0.0 ], [ -74.360721281705523, 3.917629240777505, 0.0 ], [ -74.360738107150794, 3.917457414606211, 0.0 ], [ -74.360743686587014, 3.9173144178935, 0.0 ], [ -74.36072114336497, 3.917205342060974, 0.0 ], [ -74.360777984264558, 3.917222845171918, 0.0 ], [ -74.36070929368806, 3.917113784563143, 0.0 ], [ -74.36070360555567, 3.916924446206948, 0.0 ], [ -74.360686675007514, 3.916781456572904, 0.0 ], [ -74.360623592613308, 3.916609658010225, 0.0 ], [ -74.360549263311768, 3.916466123422181, 0.0 ], [ -74.360491825930822, 3.916351408478202, 0.0 ], [ -74.360418063466199, 3.916225394005824, 0.0 ], [ -74.360354997241686, 3.916105591200248, 0.0 ], [ -74.360263792189201, 3.915956422899501, 0.0 ], [ -74.36020635570658, 3.915864867953696, 0.0 ], [ -74.360121436166111, 3.915716846769421, 0.0 ], [ -74.360120770514513, 3.915715684374353, 0.0 ], [ -74.36004080877612, 3.91555519497321, 0.0 ], [ -74.359989153850648, 3.915484835551069, 0.0 ], [ -74.359977753331378, 3.915469305876929, 0.0 ], [ -74.359937766623133, 3.915394700163953, 0.0 ], [ -74.359874715669989, 3.915303172043251, 0.0 ], [ -74.359823481156056, 3.915222930891854, 0.0 ], [ -74.35977786829919, 3.915148329638003, 0.0 ], [ -74.359714819142653, 3.915068104603711, 0.0 ], [ -74.359705196389342, 3.915052267518732, 0.0 ], [ -74.359652322450032, 3.914965258993242, 0.0 ], [ -74.359600533675589, 3.914913843801167, 0.0 ], [ -74.359600319876549, 3.91491359017118, 0.0 ], [ -74.359566755224265, 3.914873723655887, 0.0 ], [ -74.359514961059929, 3.914810439827213, 0.0 ], [ -74.359469341016563, 3.91469572196767, 0.0 ], [ -74.359440602113978, 3.914569692010303, 0.0 ], [ -74.359434936439484, 3.914438001510957, 0.0 ], [ -74.359440524858869, 3.914335136106306, 0.0 ], [ -74.359463397762624, 3.914209958399749, 0.0 ], [ -74.359463556764425, 3.914209089066498, 0.0 ], [ -74.359474791993705, 3.91414578457451, 0.0 ], [ -74.359474724620043, 3.913945139730074, 0.0 ], [ -74.35947480906168, 3.913944692516224, 0.0 ], [ -74.359502814938978, 3.913796483682404, 0.0 ], [ -74.359571270156906, 3.913641930477754, 0.0 ], [ -74.35957141837892, 3.913641595291271, 0.0 ], [ -74.359691230281626, 3.913481040964663, 0.0 ], [ -74.359811029607911, 3.913309195121258, 0.0 ], [ -74.359902145727176, 3.913131680644719, 0.0 ], [ -74.359970752760375, 3.912999968409946, 0.0 ], [ -74.360039363386832, 3.912856385703354, 0.0 ], [ -74.360124299096924, 3.91270867407987, 0.0 ], [ -74.360124851560826, 3.912707710641818, 0.0 ], [ -74.360199098217393, 3.912598605530009, 0.0 ], [ -74.360278935988262, 3.912426796250641, 0.0 ], [ -74.360278952157927, 3.912426759505566, 0.0 ], [ -74.360358238363219, 3.912243608502131, 0.0 ], [ -74.360432459866956, 3.912059894631189, 0.0 ], [ -74.360432600004131, 3.912059534349863, 0.0 ], [ -74.360495434463317, 3.911899358822089, 0.0 ], [ -74.360580897484496, 3.911773336509961, 0.0 ], [ -74.360580928925529, 3.911773290802643, 0.0 ], [ -74.360655180971975, 3.911681704927941, 0.0 ], [ -74.360711985938963, 3.911584473736701, 0.0 ], [ -74.360715573810197, 3.911577936688544, 0.0 ], [ -74.360715603454608, 3.911577881122765, 0.0 ], [ -74.360774975806677, 3.911469718690202, 0.0 ], [ -74.360786207442686, 3.911400759721209, 0.0 ], [ -74.360814881666542, 3.911314840623583, 0.0 ], [ -74.360843030375975, 3.911349307565174, 0.0 ], [ -74.36083734493856, 3.911177491756102, 0.0 ], [ -74.360837309904241, 3.911075993587662, 0.0 ], [ -74.360837309904241, 3.911075959531173, 0.0 ], [ -74.360837309904241, 3.911074623262382, 0.0 ], [ -74.360840833096788, 3.91091814177908, 0.0 ], [ -74.360840889690664, 3.910915598297147, 0.0 ], [ -74.360842857001131, 3.91082819858857, 0.0 ], [ -74.360842786034212, 3.910610031776266, 0.0 ], [ -74.360859533326078, 3.910398867104796, 0.0 ], [ -74.360859597106455, 3.910398078427741, 0.0 ], [ -74.360859634835691, 3.910397832862393, 0.0 ], [ -74.36088262182551, 3.910249423543173, 0.0 ], [ -74.360956722954967, 3.910089159839469, 0.0 ], [ -74.360956850515748, 3.910088883802398, 0.0 ], [ -74.361042338689771, 3.909939643628456, 0.0 ], [ -74.361082266109179, 3.909859373284121, 0.0 ], [ -74.361156479528077, 3.909647400028835, 0.0 ], [ -74.361224512537802, 3.909469906286001, 0.0 ], [ -74.361281858290567, 3.909303719281567, 0.0 ], [ -74.361327395688974, 3.909166361122312, 0.0 ], [ -74.361338619240129, 3.90907479557596, 0.0 ], [ -74.361321165872482, 3.909045977449427, 0.0 ], [ -74.361418436349751, 3.908788216717273, 0.0 ], [ -74.361418450722809, 3.90878819341541, 0.0 ], [ -74.361509556062288, 3.908662146437484, 0.0 ], [ -74.361578160400541, 3.908495957480493, 0.0 ], [ -74.361674896380208, 3.90834106093994, 0.0 ], [ -74.361754507775643, 3.908238509362261, 0.0 ], [ -74.361754771880342, 3.908238168796302, 0.0 ], [ -74.361754982086126, 3.908237976107638, 0.0 ], [ -74.361811956834686, 3.908185628427413, 0.0 ], [ -74.361885851351659, 3.908117739282579, 0.0 ], [ -74.361976694383074, 3.908056865792819, 0.0 ], [ -74.362005695593695, 3.908037432914798, 0.0 ], [ -74.362009867369878, 3.908035142159957, 0.0 ], [ -74.362009929353647, 3.908035108103341, 0.0 ], [ -74.362009980557616, 3.90803508121656, 0.0 ], [ -74.362245369704766, 3.907905671483243, 0.0 ], [ -74.362330861472046, 3.907859880576428, 0.0 ], [ -74.362330891116443, 3.907859862651891, 0.0 ], [ -74.362491262852529, 3.907830985332653, 0.0 ], [ -74.362696656354061, 3.907813959714286, 0.0 ], [ -74.362868859800756, 3.907799914945634, 0.0 ], [ -74.362870629481861, 3.907799770653117, 0.0 ], [ -74.36298195500008, 3.907790691876492, 0.0 ], [ -74.363052576954459, 3.907786672299641, 0.0 ], [ -74.363139260786113, 3.907781737675287, 0.0 ], [ -74.363181725047895, 3.907779321448021, 0.0 ], [ -74.363347165977146, 3.90775609304324, 0.0 ], [ -74.363501337541152, 3.907710261798073, 0.0 ], [ -74.36361554575312, 3.90762996435353, 0.0 ], [ -74.363689807681027, 3.907567204270638, 0.0 ], [ -74.363797680075294, 3.907418126761228, 0.0 ], [ -74.363797783381557, 3.907417991430955, 0.0 ], [ -74.36379780673775, 3.907417956478071, 0.0 ], [ -74.363815230461, 3.907360865016212, 0.0 ], [ -74.363860786724004, 3.907286244241707, 0.0 ], [ -74.363866390414756, 3.907217854033, 0.0 ], [ -74.363895061943666, 3.907217843278298, 0.0 ], [ -74.363895089791441, 3.907217843278298, 0.0 ], [ -74.363780803426053, 3.907063019096115, 0.0 ], [ -74.363735200450662, 3.906994081274147, 0.0 ], [ -74.363666619468589, 3.906919604759679, 0.0 ], [ -74.363666525145504, 3.906919497212339, 0.0 ], [ -74.363569145073754, 3.906851141030403, 0.0 ], [ -74.363558206288545, 3.906840071721696, 0.0 ], [ -74.363501031215634, 3.906782210360853, 0.0 ], [ -74.363409288072305, 3.906730806317704, 0.0 ], [ -74.363408987136694, 3.906730560751288, 0.0 ], [ -74.363318100087824, 3.906656233883445, 0.0 ], [ -74.363238156315731, 3.906552827098261, 0.0 ], [ -74.363198183082218, 3.906478804036047, 0.0 ], [ -74.363152576513556, 3.906415514196162, 0.0 ], [ -74.363140752887801, 3.906398562039779, 0.0 ], [ -74.363112602381747, 3.906358441486866, 0.0 ], [ -74.363083909293252, 3.906260797413308, 0.0 ], [ -74.36308387066569, 3.9062606737338, 0.0 ], [ -74.363106301598336, 3.90603175636751, 0.0 ], [ -74.363153053519, 3.905921999724926, 0.0 ], [ -74.363154177311415, 3.905919363020032, 0.0 ], [ -74.363191761924568, 3.905831128401743, 0.0 ], [ -74.363191776297626, 3.905831088967686, 0.0 ], [ -74.363243487816959, 3.905653601587145, 0.0 ], [ -74.363260322245381, 3.905510033754583, 0.0 ], [ -74.363180338049119, 3.905292448108014, 0.0 ], [ -74.363155167254845, 3.905066396619983, 0.0 ], [ -74.363145919098997, 3.90498335735572, 0.0 ], [ -74.363145913709104, 3.904983308959332, 0.0 ], [ -74.363213769750729, 3.904272821652762, 0.0 ], [ -74.36323112520202, 3.903997581161933, 0.0 ], [ -74.363299123177441, 3.903751174126192, 0.0 ], [ -74.363299136652174, 3.903751135588276, 0.0 ], [ -74.363481883625354, 3.903327175182916, 0.0 ], [ -74.363552778667582, 3.903136450827247, 0.0 ], [ -74.363584211617706, 3.903051891362983, 0.0 ], [ -74.363629724761566, 3.9028631117682, 0.0 ], [ -74.36368464057152, 3.902627000315541, 0.0 ], [ -74.363687046259841, 3.902616655106799, 0.0 ], [ -74.36374941718833, 3.902330080316386, 0.0 ], [ -74.36379491236589, 3.902072334549989, 0.0 ], [ -74.363795059689608, 3.902071254589415, 0.0 ], [ -74.363829157042858, 3.901820245727792, 0.0 ], [ -74.363880049298658, 3.901614933936646, 0.0 ], [ -74.363880297233663, 3.90161393284402, 0.0 ], [ -74.363965760254843, 3.90139630406488, 0.0 ], [ -74.363965992020198, 3.901395861325536, 0.0 ], [ -74.3640287465293, 3.901275896871679, 0.0 ], [ -74.364096808285126, 3.90118996508626, 0.0 ], [ -74.364097242171411, 3.901189438997007, 0.0 ], [ -74.36420537328047, 3.901058238429261, 0.0 ], [ -74.364229537961606, 3.90101565745899, 0.0 ], [ -74.364250928645149, 3.900977964546775, 0.0 ], [ -74.364302117344977, 3.900920295472269, 0.0 ], [ -74.364302245804069, 3.900920172688202, 0.0 ], [ -74.364421941824105, 3.900806087462676, 0.0 ], [ -74.364484934386795, 3.900702636041487, 0.0 ], [ -74.364564810785211, 3.900605396408203, 0.0 ], [ -74.364639063729953, 3.900507589447205, 0.0 ], [ -74.364730183442489, 3.900387739584561, 0.0 ], [ -74.364798814730207, 3.900301254731483, 0.0 ], [ -74.364866855824772, 3.900181398565767, 0.0 ], [ -74.364929847489122, 3.900095477423222, 0.0 ], [ -74.364981034392329, 3.900003322957248, 0.0 ], [ -74.365026569095761, 3.899877255839349, 0.0 ], [ -74.365055200200501, 3.899659657978712, 0.0 ], [ -74.36506636625947, 3.899465071807468, 0.0 ], [ -74.365066389615677, 3.89946466402027, 0.0 ], [ -74.36509502341535, 3.899258356831802, 0.0 ], [ -74.365146050418446, 3.899069996719371, 0.0 ], [ -74.365146167199427, 3.899069565629826, 0.0 ], [ -74.36514619864046, 3.89906933260846, 0.0 ], [ -74.365168620589969, 3.8989033900102, 0.0 ], [ -74.365225974427574, 3.89876602656443, 0.0 ], [ -74.365288409136468, 3.898680098107322, 0.0 ], [ -74.365336961280931, 3.898635300623709, 0.0 ], [ -74.365336985535464, 3.898635278217821, 0.0 ], [ -74.365357041322483, 3.898616771830303, 0.0 ], [ -74.365425666321983, 3.898530838876756, 0.0 ], [ -74.365425817238958, 3.89853067665792, 0.0 ], [ -74.365505545415346, 3.898444903225691, 0.0 ], [ -74.365591061437144, 3.898387789644168, 0.0 ], [ -74.365676571170738, 3.898307504751786, 0.0 ], [ -74.365767665730431, 3.898261716906585, 0.0 ], [ -74.365767716036089, 3.898261688226989, 0.0 ], [ -74.365865050293763, 3.898198357437285, 0.0 ], [ -74.365996136951594, 3.898106752156645, 0.0 ], [ -74.365996778348702, 3.898106446539805, 0.0 ], [ -74.366115977600387, 3.898049626004846, 0.0 ], [ -74.366223734111955, 3.898009771235582, 0.0 ], [ -74.366224573138453, 3.898009461137544, 0.0 ], [ -74.366315720698736, 3.897963649973916, 0.0 ], [ -74.366418683799978, 3.897900311095642, 0.0 ], [ -74.366504186347044, 3.897820026156722, 0.0 ], [ -74.366584066338746, 3.897739741210129, 0.0 ], [ -74.36665213258614, 3.897665114203391, 0.0 ], [ -74.366669569784108, 3.897642500337854, 0.0 ], [ -74.366686489552492, 3.897751566166925, 0.0 ], [ -74.366732001798042, 3.897550916506391, 0.0 ], [ -74.366811758720544, 3.897413168353666, 0.0 ], [ -74.36681186651839, 3.897412981936216, 0.0 ], [ -74.36686923922062, 3.897338922219076, 0.0 ], [ -74.36697160763714, 3.897195327870993, 0.0 ], [ -74.367045841717285, 3.897052307987088, 0.0 ], [ -74.367080093580739, 3.896903190073235, 0.0 ], [ -74.36708012232684, 3.896903086109605, 0.0 ], [ -74.367108773194516, 3.89677138566806, 0.0 ], [ -74.367159765163279, 3.896634483436956, 0.0 ], [ -74.367159934944894, 3.896634026355231, 0.0 ], [ -74.367160018488207, 3.896633931353958, 0.0 ], [ -74.367211125441344, 3.896576357878999, 0.0 ], [ -74.36729663786987, 3.89651359338525, 0.0 ], [ -74.367353968351324, 3.896479133900749, 0.0 ], [ -74.367354025843483, 3.896479097154961, 0.0 ], [ -74.367428295856243, 3.896444594649578, 0.0 ], [ -74.367508190220974, 3.89640444046048, 0.0 ], [ -74.367570622234908, 3.896301550439557, 0.0 ], [ -74.367593641564056, 3.896157986386537, 0.0 ], [ -74.367621307878181, 3.896022703559987, 0.0 ], [ -74.367621732781316, 3.896020634143496, 0.0 ], [ -74.367667264789787, 3.895877623022273, 0.0 ], [ -74.367724602457756, 3.895693914532524, 0.0 ], [ -74.367726813211675, 3.895689470080232, 0.0 ], [ -74.367726843754383, 3.895689410032162, 0.0 ], [ -74.367781400238229, 3.895579726426538, 0.0 ], [ -74.367861850660105, 3.895423306585121, 0.0 ], [ -74.367861874016313, 3.895423262669383, 0.0 ], [ -74.367866879429087, 3.895413528607607, 0.0 ], [ -74.367867292654111, 3.895412792794627, 0.0 ], [ -74.367941116204165, 3.895281251650515, 0.0 ], [ -74.367986673365479, 3.895212845228512, 0.0 ], [ -74.368042929461822, 3.895146134487431, 0.0 ], [ -74.368083982470324, 3.89508112301261, 0.0 ], [ -74.368202116320063, 3.894910855267285, 0.0 ], [ -74.368203223942814, 3.894909260855491, 0.0 ], [ -74.368294899712495, 3.894765672366409, 0.0 ], [ -74.368334817250485, 3.894657140309742, 0.0 ], [ -74.368391611437687, 3.894531083145376, 0.0 ], [ -74.368442766899847, 3.89437620105865, 0.0 ], [ -74.368471388123112, 3.894141070399313, 0.0 ], [ -74.368472161572569, 3.894132876065227, 0.0 ], [ -74.368472167860773, 3.894132797196008, 0.0 ], [ -74.368499987786805, 3.893837551065328, 0.0 ], [ -74.368515910425231, 3.893685648854849, 0.0 ], [ -74.368515913120177, 3.893685622863828, 0.0 ], [ -74.368516814130416, 3.893677028801523, 0.0 ], [ -74.368517028827753, 3.893675396745242, 0.0 ], [ -74.368545438946938, 3.893459419478268, 0.0 ], [ -74.368584769885018, 3.893275717630637, 0.0 ], [ -74.368585006141942, 3.893274954032281, 0.0 ], [ -74.368630864238867, 3.893127055234936, 0.0 ], [ -74.368664581604747, 3.892995354202444, 0.0 ], [ -74.368664666046385, 3.892995172265213, 0.0 ], [ -74.368704507227548, 3.892909430533381, 0.0 ], [ -74.368772852850995, 3.89280075842352, 0.0 ], [ -74.368773125040534, 3.892800325538285, 0.0 ], [ -74.368780555904564, 3.892788670798033, 0.0 ], [ -74.368780650227663, 3.892788521125507, 0.0 ], [ -74.368780729279408, 3.892788399236512, 0.0 ], [ -74.368824304757212, 3.892720049971429, 0.0 ], [ -74.368915976035325, 3.892577035600698, 0.0 ], [ -74.368989657651554, 3.892456611908827, 0.0 ], [ -74.369058261989807, 3.892307378461542, 0.0 ], [ -74.369138116828665, 3.892152487003299, 0.0 ], [ -74.36917803346833, 3.892038303794349, 0.0 ], [ -74.369215136584515, 3.891934293831436, 0.0 ], [ -74.369194836455719, 3.891820132102743, 0.0 ], [ -74.36920602497257, 3.891608179391639, 0.0 ], [ -74.369205990836591, 3.891505314775511, 0.0 ], [ -74.369194701708423, 3.891413743719866, 0.0 ], [ -74.369194709793248, 3.891413689048981, 0.0 ], [ -74.369205918971375, 3.891293367362638, 0.0 ], [ -74.369280146763302, 3.891144128331788, 0.0 ], [ -74.369354388928272, 3.891023717878696, 0.0 ], [ -74.369439860034291, 3.890846206758762, 0.0 ], [ -74.369502813969405, 3.890628595807789, 0.0 ], [ -74.369514004282905, 3.890451166162891, 0.0 ], [ -74.369514007876163, 3.890451121350643, 0.0 ], [ -74.369536429825644, 3.89018716723723, 0.0 ], [ -74.369576324905736, 3.889992740199963, 0.0 ], [ -74.369627464198231, 3.889803367944729, 0.0 ], [ -74.369690323810232, 3.8896944848163, 0.0 ], [ -74.36969045226931, 3.889694261651052, 0.0 ], [ -74.369690583423349, 3.889693992777238, 0.0 ], [ -74.369764680061238, 3.889539939724901, 0.0 ], [ -74.369861115105323, 3.889419911739719, 0.0 ], [ -74.369861428617341, 3.88941952187258, 0.0 ], [ -74.370021158956334, 3.889173041555498, 0.0 ], [ -74.370117887749501, 3.888995534526928, 0.0 ], [ -74.370203913116057, 3.888766030796668, 0.0 ], [ -74.370220478049887, 3.888724392056319, 0.0 ], [ -74.370221166159396, 3.888722662299519, 0.0 ], [ -74.370294993302693, 3.888537103290896, 0.0 ], [ -74.370380423984543, 3.888296346152328, 0.0 ], [ -74.370642706894671, 3.888513941573098, 0.0 ], [ -74.370716861024746, 3.888561732164753, 0.0 ], [ -74.371269977999702, 3.888765929520746, 0.0 ], [ -74.371997669075384, 3.88879488188334, 0.0 ], [ -74.37266720591451, 3.888999046917938, 0.0 ], [ -74.373511499212398, 3.889495142651084, 0.0 ], [ -74.374093956961147, 3.890400109760666, 0.0 ], [ -74.374851022048318, 3.891188233417208, 0.0 ], [ -74.37505488392226, 3.891509343392682, 0.0 ], [ -74.375666996855159, 3.892040915447947, 0.0 ], [ -74.377564531586003, 3.893134538858582, 0.0 ], [ -74.379272211873129, 3.893847611377246, 0.0 ], [ -74.381027213612796, 3.894227615037773, 0.0 ], [ -74.382165766251646, 3.894988451762707, 0.0 ], [ -74.382497908446481, 3.895368962179931, 0.0 ], [ -74.383779278842496, 3.897604655810214, 0.0 ], [ -74.384301135343861, 3.897985099618734, 0.0 ], [ -74.384870297128089, 3.898032473818748, 0.0 ], [ -74.386767424023787, 3.897936634695353, 0.0 ], [ -74.389281151835576, 3.897888150051948, 0.0 ], [ -74.389470699055479, 3.897459874888792, 0.0 ], [ -74.389565421012293, 3.897079221122925, 0.0 ], [ -74.389755074233378, 3.896888844882288, 0.0 ], [ -74.389992343554439, 3.897221791987036, 0.0 ], [ -74.39037207849303, 3.898078059126862, 0.0 ], [ -74.390893921519677, 3.89841090896717, 0.0 ], [ -74.391463485749156, 3.899552568596484, 0.0 ], [ -74.391795655791768, 3.900028223951031, 0.0 ], [ -74.392886588737412, 3.90021813791989, 0.0 ], [ -74.393266047893206, 3.900265575626726, 0.0 ], [ -74.393503239959145, 3.900408223922852, 0.0 ], [ -74.393550812041653, 3.900788817926109, 0.0 ], [ -74.393503517538576, 3.901169465531036, 0.0 ], [ -74.393361378907798, 3.901550137161772, 0.0 ], [ -74.392697678423076, 3.902406776309643, 0.0 ], [ -74.392081686564751, 3.904024638368488, 0.0 ], [ -74.391844949944669, 3.905166591501742, 0.0 ], [ -74.391295044446849, 3.906231851029407, 0.0 ], [ -74.390740928545327, 3.90699673410776, 0.0 ], [ -74.390117763639466, 3.908456790612385, 0.0 ], [ -74.38997926228727, 3.908734901147644, 0.0 ], [ -74.389951443259548, 3.90938042718464, 0.0 ], [ -74.390149504711701, 3.909545869411053, 0.0 ], [ -74.390991080605858, 3.909777280907487, 0.0 ], [ -74.391321087505247, 3.909793712289095, 0.0 ], [ -74.391717208612945, 3.910108040595817, 0.0 ], [ -74.392410278617589, 3.910322952453154, 0.0 ], [ -74.393895277325555, 3.910322403964056, 0.0 ], [ -74.395017276708685, 3.910321987219907, 0.0 ], [ -74.395578315027805, 3.910437647609693, 0.0 ], [ -74.396188905316308, 3.910702237058611, 0.0 ], [ -74.396568435439008, 3.910784857220293, 0.0 ], [ -74.396898464796294, 3.910867489024726, 0.0 ], [ -74.397393481433596, 3.91091696145291, 0.0 ], [ -74.397905103428954, 3.911247795078004, 0.0 ], [ -74.398350652538511, 3.911380039048405, 0.0 ], [ -74.39841464223116, 3.911347830589814, 0.0 ], [ -74.398469549057936, 3.911327494395347, 0.0 ], [ -74.398511628840794, 3.911324841575435, 0.0 ], [ -74.398556340687435, 3.911324823650974, 0.0 ], [ -74.398508633857631, 3.911350742418082, 0.0 ], [ -74.398506621631412, 3.911357530410387, 0.0 ], [ -74.398477728218609, 3.911458375198293, 0.0 ], [ -74.398523702198219, 3.911654075282176, 0.0 ], [ -74.398604086144786, 3.911780681949244, 0.0 ], [ -74.398902560381089, 3.911964774087231, 0.0 ], [ -74.398960007643495, 3.91213744204209, 0.0 ], [ -74.39920117205962, 3.912517277898792, 0.0 ], [ -74.399534228739412, 3.913138837865697, 0.0 ], [ -74.399708602515844, 3.913754267224207, 0.0 ], [ -74.399630642223912, 3.914224545273985, 0.0 ], [ -74.39926644724143, 3.915321929900154, 0.0 ], [ -74.399058455812124, 3.91628864008639, 0.0 ], [ -74.39907287467075, 3.916939575245164, 0.0 ], [ -74.399114341802587, 3.917229981744926, 0.0 ], [ -74.399238515025971, 3.917468497217855, 0.0 ], [ -74.399548870380244, 3.917862535678795, 0.0 ], [ -74.399683533231226, 3.918505563202168, 0.0 ], [ -74.399507988051653, 3.919148719286106, 0.0 ], [ -74.399209319779246, 3.919873824668357, 0.0 ], [ -74.399024876786797, 3.920600815053972, 0.0 ], [ -74.398705342446988, 3.92104990368787, 0.0 ], [ -74.398506424002051, 3.921099866638651, 0.0 ], [ -74.398364320405562, 3.921050033638693, 0.0 ], [ -74.397987643332215, 3.920686713481746, 0.0 ], [ -74.397782803192911, 3.920575595619492, 0.0 ], [ -74.397363098614079, 3.920284358595366, 0.0 ], [ -74.397072490924714, 3.919944512631784, 0.0 ], [ -74.397024018730292, 3.919782660900524, 0.0 ], [ -74.397072287007148, 3.919394117137851, 0.0 ], [ -74.397459122229733, 3.918082731426317, 0.0 ], [ -74.397426766709842, 3.917888484714847, 0.0 ], [ -74.397232872542276, 3.917224847319869, 0.0 ], [ -74.396772341330404, 3.916738422915188, 0.0 ], [ -74.396273062187078, 3.916194960244673, 0.0 ], [ -74.396003966453819, 3.916019062260866, 0.0 ], [ -74.395768081436628, 3.916044571311095, 0.0 ], [ -74.395276895215673, 3.916279424280427, 0.0 ], [ -74.394245651727388, 3.916720486024981, 0.0 ], [ -74.393596823750499, 3.91692162581221, 0.0 ], [ -74.393140135531411, 3.916769112974646, 0.0 ], [ -74.39271522162224, 3.915893337216878, 0.0 ], [ -74.392570958475829, 3.915724636698345, 0.0 ], [ -74.392162278920466, 3.915435487967061, 0.0 ], [ -74.392074164970865, 3.915443553037705, 0.0 ], [ -74.392034174669362, 3.915628401675037, 0.0 ], [ -74.392002246747538, 3.915925741772415, 0.0 ], [ -74.3919165744189, 3.917172167704858, 0.0 ], [ -74.391521864564524, 3.917992202880252, 0.0 ], [ -74.391318219184555, 3.918284260739818, 0.0 ], [ -74.391172799008061, 3.918620104881258, 0.0 ], [ -74.390983631775526, 3.918751568876359, 0.0 ], [ -74.390881619990168, 3.91838661033524, 0.0 ], [ -74.39070691743035, 3.918240686741395, 0.0 ], [ -74.390488638494404, 3.918342953890377, 0.0 ], [ -74.390124899856076, 3.918664286493725, 0.0 ], [ -74.390095784559421, 3.918620499215956, 0.0 ], [ -74.389950272754746, 3.918708148155101, 0.0 ], [ -74.389499102886433, 3.918737505470598, 0.0 ], [ -74.38882967923503, 3.918942150765137, 0.0 ], [ -74.388698693188502, 3.918956790433591, 0.0 ], [ -74.388480329810918, 3.918810880382434, 0.0 ], [ -74.38826201494237, 3.918796362596689, 0.0 ], [ -74.388218390057233, 3.918927772791169, 0.0 ], [ -74.388203925384531, 3.919146763745901, 0.0 ], [ -74.388422441475711, 3.919716066828753, 0.0 ], [ -74.388466220871081, 3.92006643891379, 0.0 ], [ -74.388408072922729, 3.92022705471183, 0.0 ], [ -74.388131565190065, 3.920300155251717, 0.0 ], [ -74.387724158547485, 3.920606893170607, 0.0 ], [ -74.387738784018623, 3.920811280794594, 0.0 ], [ -74.387905461029689, 3.921083398734276, 0.0 ], [ -74.388309429819714, 3.921743216997396, 0.0 ], [ -74.388249883194462, 3.922463197387098, 0.0 ], [ -74.3882649964508, 3.922913181230832, 0.0 ], [ -74.388339871928054, 3.923213135671832, 0.0 ], [ -74.388549465951826, 3.92393302069292, 0.0 ], [ -74.388594463462724, 3.924322986421581, 0.0 ], [ -74.388430109494976, 3.924653033251439, 0.0 ], [ -74.387912517296257, 3.924713383044513, 0.0 ], [ -74.387431312256425, 3.924713558701357, 0.0 ], [ -74.387224938692967, 3.924317129695635, 0.0 ], [ -74.386967112324939, 3.924213790515266, 0.0 ], [ -74.386640649279329, 3.924386300001482, 0.0 ], [ -74.38636571719168, 3.924507079384337, 0.0 ], [ -74.38598755969474, 3.924317577800155, 0.0 ], [ -74.385918787371537, 3.924214170507953, 0.0 ], [ -74.385695322461459, 3.924076335324044, 0.0 ], [ -74.385489104306515, 3.924128129945503, 0.0 ], [ -74.385403219975458, 3.924266076250779, 0.0 ], [ -74.385248630694832, 3.924472999250801, 0.0 ], [ -74.385162731092421, 3.924559224396717, 0.0 ], [ -74.384870592673821, 3.924628288033668, 0.0 ], [ -74.384905008928982, 3.924748947289581, 0.0 ], [ -74.384922248497617, 3.924921331196073, 0.0 ], [ -74.384853664820611, 3.925352334720801, 0.0 ], [ -74.384853758245399, 3.925610921134835, 0.0 ], [ -74.384561645877952, 3.925748941580393, 0.0 ], [ -74.384406955986009, 3.925697285075399, 0.0 ], [ -74.383994415471562, 3.925473314714471, 0.0 ], [ -74.383874119376927, 3.925473356836249, 0.0 ], [ -74.383702285137801, 3.925559621311975, 0.0 ], [ -74.383461720796291, 3.925680387082005, 0.0 ], [ -74.383169525783813, 3.925559813996644, 0.0 ], [ -74.383083637859528, 3.925680523305569, 0.0 ], [ -74.382963424409866, 3.925939153532125, 0.0 ], [ -74.382791639578087, 3.926146080598601, 0.0 ], [ -74.382465143294823, 3.926232393400006, 0.0 ], [ -74.381588786429489, 3.926577485887842, 0.0 ], [ -74.380489125452542, 3.927250206968007, 0.0 ], [ -74.380300200765149, 3.92761229288365, 0.0 ], [ -74.380149036760699, 3.927997668323737, 0.0 ], [ -74.38007590491344, 3.928254784142388, 0.0 ], [ -74.379988197002348, 3.928739616457448, 0.0 ], [ -74.379907764546758, 3.92908487729105, 0.0 ], [ -74.379732055873816, 3.929165748935112, 0.0 ], [ -74.378824038784629, 3.929217483195152, 0.0 ], [ -74.378531166442428, 3.929305737752225, 0.0 ], [ -74.378263693964911, 3.929646787092195, 0.0 ], [ -74.377939982458997, 3.930549772371591, 0.0 ], [ -74.377148396912119, 3.931994658989042, 0.0 ], [ -74.376813322616186, 3.932449464628251, 0.0 ], [ -74.37649879907903, 3.932449574860882, 0.0 ], [ -74.376262994011896, 3.932725718321592, 0.0 ], [ -74.375987942448319, 3.933199072202815, 0.0 ], [ -74.375870176009499, 3.933711806589509, 0.0 ], [ -74.376066920531457, 3.934184989632861, 0.0 ], [ -74.376185182840288, 3.935092016327229, 0.0 ], [ -74.375949700268336, 3.936275228231681, 0.0 ], [ -74.375399504614705, 3.936945866793593, 0.0 ], [ -74.374692065158783, 3.937695433577595, 0.0 ], [ -74.374495619775814, 3.938089870255939, 0.0 ], [ -74.374181296562966, 3.938681554497366, 0.0 ], [ -74.374220814350636, 3.939273103889127, 0.0 ], [ -74.373906611512012, 3.940219720592433, 0.0 ], [ -74.373752771426354, 3.940749911151686, 0.0 ], [ -74.373412524631021, 3.940506308381951, 0.0 ], [ -74.373048001763451, 3.940335831210255, 0.0 ], [ -74.372853520996031, 3.940043429763802, 0.0 ], [ -74.37268340074246, 3.939921627388229, 0.0 ], [ -74.372561967380662, 3.940092272232687, 0.0 ], [ -74.372440579832968, 3.94038478658214, 0.0 ], [ -74.372197686159907, 3.940628599096276, 0.0 ], [ -74.371784721640651, 3.940896831853215, 0.0 ], [ -74.370181426487861, 3.941872279834647, 0.0 ], [ -74.368772368659052, 3.942457697917108, 0.0 ], [ -74.36811631822728, 3.942409171045886, 0.0 ], [ -74.366779816425662, 3.941970929751411, 0.0 ], [ -74.366293937451431, 3.942190444302922, 0.0 ], [ -74.365783598250303, 3.941922524733612, 0.0 ], [ -74.364568697795448, 3.941849821309297, 0.0 ], [ -74.363815622126467, 3.942288776930794, 0.0 ], [ -74.36228499259532, 3.942630505642219, 0.0 ], [ -74.360032908093203, 3.942623965252469, 0.0 ], [ -74.359384515799221, 3.942624181234116, 0.0 ], [ -74.35866971105628, 3.942891240235835, 0.0 ], [ -74.357705659754615, 3.943558626573961, 0.0 ], [ -74.356475753841252, 3.944709701714816, 0.0 ], [ -74.356110214080786, 3.945376890327743, 0.0 ], [ -74.356084604908673, 3.945703681037177, 0.0 ], [ -74.355865858848773, 3.94582557666506, 0.0 ], [ -74.355859304740463, 3.945829228622511, 0.0 ], [ -74.355848113528637, 3.945835465180017, 0.0 ], [ -74.35584633396607, 3.945836456361577, 0.0 ], [ -74.355822135148941, 3.945849942166484, 0.0 ], [ -74.35581554600634, 3.945843803293316, 0.0 ], [ -74.355814471621258, 3.945842804046099, 0.0 ], [ -74.355812766618854, 3.945841215108573, 0.0 ], [ -74.355807473745188, 3.945836284293925, 0.0 ], [ -74.355805903490079, 3.945834820822399, 0.0 ], [ -74.355794068186199, 3.945823795943726, 0.0 ], [ -74.355736007374446, 3.945769712916226, 0.0 ], [ -74.355639181563234, 3.945689494412453, 0.0 ], [ -74.355639017171541, 3.94568940927478, 0.0 ], [ -74.355524926638878, 3.945638090076426, 0.0 ], [ -74.355439459126103, 3.94557488565423, 0.0 ], [ -74.355439365701329, 3.945574821128803, 0.0 ], [ -74.355439337853554, 3.94557480320508, 0.0 ], [ -74.355439238140562, 3.945574733302582, 0.0 ], [ -74.355376325527956, 3.945534707835646, 0.0 ], [ -74.355290764590393, 3.945471999892795, 0.0 ], [ -74.355256413013933, 3.945426219112421, 0.0 ], [ -74.355170855669641, 3.945351651030712, 0.0 ], [ -74.355142152699685, 3.945339790899882, 0.0 ], [ -74.355096548825969, 3.945277056952905, 0.0 ], [ -74.355102149821775, 3.945213761092205, 0.0 ], [ -74.355022228507579, 3.945168011664162, 0.0 ], [ -74.354953548710824, 3.945099646067211, 0.0 ], [ -74.354953228910603, 3.945099321647618, 0.0 ], [ -74.35488543125949, 3.945030714074614, 0.0 ], [ -74.354811121720857, 3.944950481160497, 0.0 ], [ -74.354771241912132, 3.944864808384045, 0.0 ], [ -74.354771138605869, 3.944864584337326, 0.0 ], [ -74.354771073028871, 3.944864431985538, 0.0 ], [ -74.354736783436138, 3.944784336171991, 0.0 ], [ -74.35470802566897, 3.94460687499459, 0.0 ], [ -74.354753600796585, 3.944572381644841, 0.0 ], [ -74.354719184541423, 3.94430901278733, 0.0 ], [ -74.354730356888609, 3.944148941134551, 0.0 ], [ -74.354730388329642, 3.944148494833113, 0.0 ], [ -74.35474215625986, 3.943993628208514, 0.0 ], [ -74.354741526540849, 3.94378733021886, 0.0 ], [ -74.354741692729178, 3.943786520961059, 0.0 ], [ -74.354781419824306, 3.94359232415057, 0.0 ], [ -74.354838776356871, 3.943432342874804, 0.0 ], [ -74.354838850917048, 3.943432053405945, 0.0 ], [ -74.354889920140948, 3.943242998843253, 0.0 ], [ -74.354924044443649, 3.943083186879939, 0.0 ], [ -74.354924050731839, 3.943083160890457, 0.0 ], [ -74.354924191767353, 3.943082513842102, 0.0 ], [ -74.354924200750517, 3.943082471721227, 0.0 ], [ -74.354924156733048, 3.9429564335055, 0.0 ], [ -74.354912284598257, 3.942795920667166, 0.0 ], [ -74.35487792942854, 3.942704371355739, 0.0 ], [ -74.354849769939321, 3.942641077987679, 0.0 ], [ -74.354833426889357, 3.942624996766401, 0.0 ], [ -74.354821058884525, 3.942612828307537, 0.0 ], [ -74.354804299914591, 3.942561821689288, 0.0 ], [ -74.354804161574037, 3.942561401376455, 0.0 ], [ -74.35480357317752, 3.942486794501559, 0.0 ], [ -74.354792266083038, 3.942326281572555, 0.0 ], [ -74.354792291235867, 3.942325700841653, 0.0 ], [ -74.354797855400747, 3.942200243242149, 0.0 ], [ -74.35482086395011, 3.942022788682566, 0.0 ], [ -74.354820866645071, 3.942022761796867, 0.0 ], [ -74.354828840989825, 3.941952737989578, 0.0 ] ] ] } },
{ "type": "Feature", "properties": { "OBJECTID": 6735, "DPTOMPIO": "25120", "CODIGO_VER": "25120011", "NOM_DEP": "CUNDINAMARCA", "NOMB_MPIO": "CABRERA", "NOMBRE_VER": "PUEBLO VIEJO", "VIGENCIA": "2010", "FUENTE": "EOT CABRERA", "DESCRIPCIO": "NULL", "SEUDONIMOS": "NULL", "AREA_HA": 947.76570941, "COD_DPTO": "25", "ShapeSTAre": 9586322.7612304688, "ShapeSTLen": 16120.271568404023 }, "geometry": { "type": "Polygon", "coordinates": [ [ [ -74.381923448398709, 3.980366879532453, 0.0 ], [ -74.382084063578262, 3.979899489589552, 0.0 ], [ -74.382251496072485, 3.97819306874975, 0.0 ], [ -74.382377774946917, 3.977687513175916, 0.0 ], [ -74.382503955006669, 3.976929205670099, 0.0 ], [ -74.382946405826814, 3.976486728613888, 0.0 ], [ -74.383325705980809, 3.976297024721009, 0.0 ], [ -74.383388709323256, 3.975665113029245, 0.0 ], [ -74.383072159186796, 3.974527840495295, 0.0 ], [ -74.3828822229964, 3.973832832721816, 0.0 ], [ -74.382060092933202, 3.973390813731966, 0.0 ], [ -74.381617277397055, 3.972791770841217, 0.0 ], [ -74.381364159099434, 3.972223172668262, 0.0 ], [ -74.381454514345677, 3.972255261372315, 0.0 ], [ -74.381569116918044, 3.972284868615761, 0.0 ], [ -74.381657839027085, 3.972307082561113, 0.0 ], [ -74.381802017731857, 3.972347803943985, 0.0 ], [ -74.381942488191157, 3.972369999068367, 0.0 ], [ -74.38204599387484, 3.97238108094758, 0.0 ], [ -74.382219711881092, 3.972366191296636, 0.0 ], [ -74.382367556610561, 3.972325362375826, 0.0 ], [ -74.382467032451856, 3.972277968204982, 0.0 ], [ -74.383038975420206, 3.972006810692817, 0.0 ], [ -74.384007971947526, 3.971225486408478, 0.0 ], [ -74.385202278524488, 3.970143047344503, 0.0 ], [ -74.385709045125736, 3.969570773089996, 0.0 ], [ -74.386912544162996, 3.967949408019011, 0.0 ], [ -74.388084464723107, 3.966677668999332, 0.0 ], [ -74.388939531516186, 3.965406036458174, 0.0 ], [ -74.389002714521681, 3.964897487028296, 0.0 ], [ -74.388812294139342, 3.964071201637522, 0.0 ], [ -74.388075886710467, 3.96288149361467, 0.0 ], [ -74.387872637487533, 3.96149859945329, 0.0 ], [ -74.388196696641444, 3.960562943885469, 0.0 ], [ -74.389047721914054, 3.959016962345033, 0.0 ], [ -74.390790800314946, 3.957307939781718, 0.0 ], [ -74.391196094120005, 3.956697663343216, 0.0 ], [ -74.392349561487535, 3.954770231604979, 0.0 ], [ -74.393831263378416, 3.952748897400854, 0.0 ], [ -74.395275017736736, 3.950918210809951, 0.0 ], [ -74.396858970364818, 3.949398825195263, 0.0 ], [ -74.397362909069557, 3.948501945455766, 0.0 ], [ -74.397843850004676, 3.947398144806469, 0.0 ], [ -74.398210202740472, 3.946363367780811, 0.0 ], [ -74.398622642643616, 3.945972348598765, 0.0 ], [ -74.399286994406921, 3.944983447392246, 0.0 ], [ -74.399493014034192, 3.94427060935892, 0.0 ], [ -74.399629502261831, 3.94332488628633, 0.0 ], [ -74.399629321700445, 3.942844739673469, 0.0 ], [ -74.399758493150088, 3.942312652320141, 0.0 ], [ -74.40021105720372, 3.941728521961004, 0.0 ], [ -74.400838358851459, 3.940971385099315, 0.0 ], [ -74.401650394545811, 3.940207174801594, 0.0 ], [ -74.402157767509848, 3.939315757295118, 0.0 ], [ -74.403147385762807, 3.938245904824555, 0.0 ], [ -74.403604157525223, 3.937787388520211, 0.0 ], [ -74.404187864830533, 3.937405206268465, 0.0 ], [ -74.405101663476898, 3.937252077903014, 0.0 ], [ -74.405531280066569, 3.9375876796075, 0.0 ], [ -74.405973841379506, 3.938190931383419, 0.0 ], [ -74.406894431289402, 3.939645870780446, 0.0 ], [ -74.407655684322421, 3.940816921168943, 0.0 ], [ -74.407956604671242, 3.941171751900157, 0.0 ], [ -74.408027451204433, 3.94136695121722, 0.0 ], [ -74.408204395959217, 3.941402383011586, 0.0 ], [ -74.408310508553853, 3.941278102867471, 0.0 ], [ -74.408345841090593, 3.941153859448635, 0.0 ], [ -74.408381156559358, 3.940976367025719, 0.0 ], [ -74.408734949949178, 3.940798752682868, 0.0 ], [ -74.409062469413541, 3.940280491364742, 0.0 ], [ -74.408916366517445, 3.94012565538639, 0.0 ], [ -74.409297977138323, 3.940253083128623, 0.0 ], [ -74.410188506723884, 3.940826839317802, 0.0 ], [ -74.411492760803441, 3.942357267329327, 0.0 ], [ -74.411842994169774, 3.943569122731587, 0.0 ], [ -74.412098306153297, 3.945961105052594, 0.0 ], [ -74.412238591559642, 3.94666325014861, 0.0 ], [ -74.41226612132985, 3.946825163872837, 0.0 ], [ -74.412364986316746, 3.947082641311738, 0.0 ], [ -74.412463822557569, 3.947270780892651, 0.0 ], [ -74.412582392988554, 3.947419303714799, 0.0 ], [ -74.412700948148171, 3.947528209799455, 0.0 ], [ -74.412918281158113, 3.947656882998468, 0.0 ], [ -74.41317643271627, 3.947706065569752, 0.0 ], [ -74.413625267863125, 3.947778498730338, 0.0 ], [ -74.414452185048489, 3.948288475535425, 0.0 ], [ -74.41540510981703, 3.949283901492931, 0.0 ], [ -74.416006095318522, 3.950267647224719, 0.0 ], [ -74.416206458254436, 3.950709346983288, 0.0 ], [ -74.416606994581741, 3.951070644806016, 0.0 ], [ -74.417107779301489, 3.951793363652179, 0.0 ], [ -74.417688851848084, 3.953038165816334, 0.0 ], [ -74.417969376846699, 3.953680649981455, 0.0 ], [ -74.419051381436731, 3.956142685815266, 0.0 ], [ -74.420518394974408, 3.958963618623437, 0.0 ], [ -74.421033778215843, 3.95981780870428, 0.0 ], [ -74.421485785313976, 3.960273870774264, 0.0 ], [ -74.422126759320349, 3.960934128434855, 0.0 ], [ -74.422838940084333, 3.961612217535929, 0.0 ], [ -74.423159450892882, 3.961986972845712, 0.0 ], [ -74.423266378259456, 3.962343959662528, 0.0 ], [ -74.423355546831189, 3.96280807688611, 0.0 ], [ -74.42332006517411, 3.963058022450684, 0.0 ], [ -74.422964267642897, 3.963450904768139, 0.0 ], [ -74.422725766731574, 3.964405056619747, 0.0 ], [ -74.422644637183325, 3.964425420194757, 0.0 ], [ -74.422498983444854, 3.964441490239158, 0.0 ], [ -74.422310094690047, 3.964459869702303, 0.0 ], [ -74.422112079950296, 3.964475980969644, 0.0 ], [ -74.421891303697862, 3.964489836587644, 0.0 ], [ -74.421713784021321, 3.964503659047241, 0.0 ], [ -74.42154544063537, 3.964553895405411, 0.0 ], [ -74.421413534713992, 3.964610939034183, 0.0 ], [ -74.421265745680074, 3.964693029588346, 0.0 ], [ -74.421174816410399, 3.964752304659386, 0.0 ], [ -74.42106342711179, 3.964825262378653, 0.0 ], [ -74.420965714663396, 3.964905030051205, 0.0 ], [ -74.420856683442423, 3.96501669044123, 0.0 ], [ -74.420652148730326, 3.965178527093315, 0.0 ], [ -74.420515664994255, 3.965219630593929, 0.0 ], [ -74.420376871689612, 3.965251635330614, 0.0 ], [ -74.420251721997474, 3.965272230095271, 0.0 ], [ -74.420058262614518, 3.965290618501652, 0.0 ], [ -74.419862556545056, 3.9653135567363, 0.0 ], [ -74.419619016983319, 3.96532970472976, 0.0 ], [ -74.419480163491528, 3.965334385398452, 0.0 ], [ -74.419282095751157, 3.965316344705003, 0.0 ], [ -74.41909310099517, 3.965293734466761, 0.0 ], [ -74.418954211570764, 3.965271088381264, 0.0 ], [ -74.418687705680497, 3.965189362623631, 0.0 ], [ -74.418578316031713, 3.965127985180821, 0.0 ], [ -74.418519036206106, 3.965082494947705, 0.0 ], [ -74.418464300059227, 3.965032451297142, 0.0 ], [ -74.418391269721567, 3.964943727361888, 0.0 ], [ -74.418341013472983, 3.96486180262317, 0.0 ], [ -74.418281634832709, 3.964763953913537, 0.0 ], [ -74.418188005227293, 3.964620588048767, 0.0 ], [ -74.418119526653172, 3.96452957705454, 0.0 ], [ -74.418023680903943, 3.96441810300123, 0.0 ], [ -74.417948437117431, 3.964352136235831, 0.0 ], [ -74.417845840528827, 3.964277093992883, 0.0 ], [ -74.417750131323501, 3.964229365090312, 0.0 ], [ -74.417674964792099, 3.964206654451755, 0.0 ], [ -74.417565684737809, 3.964197651568025, 0.0 ], [ -74.41744276286758, 3.964197755523272, 0.0 ], [ -74.417351793173708, 3.964236543379818, 0.0 ], [ -74.417208577462901, 3.96433230050074, 0.0 ], [ -74.417131294500692, 3.964382453525896, 0.0 ], [ -74.417010803471626, 3.964455420239441, 0.0 ], [ -74.416901603367378, 3.964487389159111, 0.0 ], [ -74.416726397750992, 3.964523973330701, 0.0 ], [ -74.41658297902093, 3.964519543583831, 0.0 ], [ -74.416437239044186, 3.964487795122172, 0.0 ], [ -74.416302864552421, 3.964456037697633, 0.0 ], [ -74.416138858232671, 3.964399261115586, 0.0 ], [ -74.415947545823244, 3.96435616270899, 0.0 ], [ -74.415765354008897, 3.96431306967715, 0.0 ], [ -74.415669682532823, 3.964278994760845, 0.0 ], [ -74.415544361262477, 3.964219915020009, 0.0 ], [ -74.415364355947531, 3.96413582955316, 0.0 ], [ -74.415243572067695, 3.964069897715761, 0.0 ], [ -74.415143314692088, 3.964022177762876, 0.0 ], [ -74.415078183240738, 3.963929717601871, 0.0 ], [ -74.414944708860872, 3.963720237805376, 0.0 ], [ -74.414738364043473, 3.963545298014315, 0.0 ], [ -74.414603410138341, 3.96349334812399, 0.0 ], [ -74.414475511601466, 3.963480178953072, 0.0 ], [ -74.414363619246302, 3.963471505850828, 0.0 ], [ -74.414219882512626, 3.963488084936505, 0.0 ], [ -74.414057978250653, 3.963520708095268, 0.0 ], [ -74.413896127887611, 3.963562478426334, 0.0 ], [ -74.413739016137669, 3.963640751414821, 0.0 ], [ -74.413606988045416, 3.963709784918878, 0.0 ], [ -74.413454437042191, 3.963785756537945, 0.0 ], [ -74.413306531227292, 3.963877681703737, 0.0 ], [ -74.413133477076016, 3.96396059142668, 0.0 ], [ -74.413012678823122, 3.963997609366032, 0.0 ], [ -74.412844015636949, 3.964046255059966, 0.0 ], [ -74.412716322814262, 3.964074175116784, 0.0 ], [ -74.412556659848917, 3.964097664527385, 0.0 ], [ -74.412385470600185, 3.964100663099239, 0.0 ], [ -74.412216632242533, 3.964117329100379, 0.0 ], [ -74.412029523050322, 3.96413180666362, 0.0 ], [ -74.41186743283707, 3.964127907444976, 0.0 ], [ -74.411753302778536, 3.964128378828331, 0.0 ], [ -74.411595820922713, 3.964133598995786, 0.0 ], [ -74.411422312223905, 3.964129746377802, 0.0 ], [ -74.411276166208637, 3.964118935926197, 0.0 ], [ -74.411168792379343, 3.964103397302052, 0.0 ], [ -74.411056832650559, 3.964081037060968, 0.0 ], [ -74.410935585240026, 3.964031309696467, 0.0 ], [ -74.41086462282415, 3.963992791576364, 0.0 ], [ -74.410720427051388, 3.963918045931832, 0.0 ], [ -74.410578527372479, 3.963845578335545, 0.0 ], [ -74.410416157783175, 3.963789173620656, 0.0 ], [ -74.410132736616106, 3.963717287625166, 0.0 ], [ -74.410007095545524, 3.963699543527563, 0.0 ], [ -74.409883854773369, 3.963704622103415, 0.0 ], [ -74.409767539113744, 3.963725647066539, 0.0 ], [ -74.409630882901169, 3.963783287599321, 0.0 ], [ -74.409476238823316, 3.963898080242203, 0.0 ], [ -74.409417218610827, 3.9639599587333, 0.0 ], [ -74.409286054697887, 3.964200209225818, 0.0 ], [ -74.409186363260929, 3.964344456990655, 0.0 ], [ -74.409081929617557, 3.964454465822931, 0.0 ], [ -74.408984313288883, 3.964559889857262, 0.0 ], [ -74.408870732101008, 3.964667651077789, 0.0 ], [ -74.408813996304289, 3.96473181294082, 0.0 ], [ -74.408718618577296, 3.964828093364943, 0.0 ], [ -74.408573034009095, 3.964926858844044, 0.0 ], [ -74.408425256653274, 3.965041616377686, 0.0 ], [ -74.408311581142286, 3.965131124446827, 0.0 ], [ -74.408218498610864, 3.965231963615303, 0.0 ], [ -74.408123165799651, 3.965335087095466, 0.0 ], [ -74.407941985488307, 3.965614361567663, 0.0 ], [ -74.40781055926729, 3.965802101731478, 0.0 ], [ -74.407719878830932, 3.965923479108179, 0.0 ], [ -74.407601692878899, 3.966024413173325, 0.0 ], [ -74.407476526118785, 3.966097988237264, 0.0 ], [ -74.407339839363473, 3.966151060857246, 0.0 ], [ -74.407164366947455, 3.966208858049585, 0.0 ], [ -74.407018570376835, 3.966266535151938, 0.0 ], [ -74.406870494780364, 3.966324219419573, 0.0 ], [ -74.406722509913706, 3.966402447338379, 0.0 ], [ -74.40651763204518, 3.966510590084314, 0.0 ], [ -74.406351439226029, 3.966598030545363, 0.0 ], [ -74.406205828606687, 3.966689952709921, 0.0 ], [ -74.406066978708168, 3.966768146539885, 0.0 ], [ -74.405937292523859, 3.966850871363279, 0.0 ], [ -74.405832736709627, 3.966938053693373, 0.0 ], [ -74.405728223116199, 3.967034368810846, 0.0 ], [ -74.405646457560721, 3.96711232870969, 0.0 ], [ -74.405569263531731, 3.96719483752341, 0.0 ], [ -74.405437486069445, 3.967314095270867, 0.0 ], [ -74.405298703544574, 3.967405980613112, 0.0 ], [ -74.404791006288704, 3.967666056797813, 0.0 ], [ -74.404677022655576, 3.967696197422328, 0.0 ], [ -74.404476294105322, 3.967726709953071, 0.0 ], [ -74.404343857279628, 3.967718123823095, 0.0 ], [ -74.404177096725221, 3.967693697129733, 0.0 ], [ -74.403987357265862, 3.967641973333043, 0.0 ], [ -74.40379984023852, 3.967576542730095, 0.0 ], [ -74.403571159709884, 3.967497579173138, 0.0 ], [ -74.403440775534605, 3.967445611607975, 0.0 ], [ -74.403282954115596, 3.967384618786449, 0.0 ], [ -74.40310454780186, 3.967314580094852, 0.0 ], [ -74.402930700438176, 3.967246807792808, 0.0 ], [ -74.402491868032001, 3.967139032570004, 0.0 ], [ -74.402313885723075, 3.967153465272184, 0.0 ], [ -74.402117994600644, 3.967234175483198, 0.0 ], [ -74.401951757764053, 3.96731248845127, 0.0 ], [ -74.401860662306035, 3.96735395299928, 0.0 ], [ -74.401671549870741, 3.967423220091606, 0.0 ], [ -74.401482427553972, 3.967490202860084, 0.0 ], [ -74.401101700875302, 3.967585378890841, 0.0 ], [ -74.400969417661514, 3.967606463798134, 0.0 ], [ -74.400809690915793, 3.96761854137761, 0.0 ], [ -74.400686460923438, 3.967625896181591, 0.0 ], [ -74.400556408226478, 3.967637852778886, 0.0 ], [ -74.400412657119773, 3.967649853287949, 0.0 ], [ -74.400232375123721, 3.967659726307638, 0.0 ], [ -74.40007724056575, 3.967678637123421, 0.0 ], [ -74.399956471058942, 3.96772022263496, 0.0 ], [ -74.399803894004577, 3.967791625250908, 0.0 ], [ -74.399646918798567, 3.967894997544667, 0.0 ], [ -74.399515175472246, 3.968021115310203, 0.0 ], [ -74.399349277300516, 3.968165619606507, 0.0 ], [ -74.3991582945728, 3.968314800944666, 0.0 ], [ -74.399044866996832, 3.968452247022429, 0.0 ], [ -74.398947407873322, 3.968587340654052, 0.0 ], [ -74.398843273368968, 3.968756716905994, 0.0 ], [ -74.398786970560209, 3.968905338036836, 0.0 ], [ -74.398767010892925, 3.969019568971522, 0.0 ], [ -74.398765167549968, 3.969104047355903, 0.0 ], [ -74.398784564871889, 3.969325419629138, 0.0 ], [ -74.398847561926118, 3.969589982283384, 0.0 ], [ -74.399000278219376, 3.969988866661506, 0.0 ], [ -74.399053642638847, 3.970157590221809, 0.0 ], [ -74.399080814879554, 3.970557003955741, 0.0 ], [ -74.399077240483024, 3.970748781984304, 0.0 ], [ -74.39900300999615, 3.97096369520101, 0.0 ], [ -74.398912610732481, 3.971139850404416, 0.0 ], [ -74.398810672608988, 3.971293232395376, 0.0 ], [ -74.398679032588944, 3.971439885106242, 0.0 ], [ -74.398590606025621, 3.971556681390651, 0.0 ], [ -74.398474856304645, 3.971687288347852, 0.0 ], [ -74.39835454314202, 3.97181790872679, 0.0 ], [ -74.398259178889759, 3.971916472630719, 0.0 ], [ -74.398136594786095, 3.972049388032689, 0.0 ], [ -74.398018467224546, 3.972159464842845, 0.0 ], [ -74.39790471445842, 3.972235271687971, 0.0 ], [ -74.397740868038809, 3.972334110662324, 0.0 ], [ -74.397524383936812, 3.972408049003823, 0.0 ], [ -74.397387779826488, 3.972477105971355, 0.0 ], [ -74.39719877608735, 3.97256692509723, 0.0 ], [ -74.397048534652711, 3.972647436728366, 0.0 ], [ -74.396839214615099, 3.97278299925951, 0.0 ], [ -74.396707447034288, 3.972906819428971, 0.0 ], [ -74.396605407401154, 3.973039656705831, 0.0 ], [ -74.396549008472689, 3.973167727306025, 0.0 ], [ -74.396492653561637, 3.973307231942464, 0.0 ], [ -74.396431687598266, 3.973437610102826, 0.0 ], [ -74.396363706690806, 3.973536052832201, 0.0 ], [ -74.39629564493498, 3.973616234583393, 0.0 ], [ -74.396191205901744, 3.97372625024591, 0.0 ], [ -74.396057172769787, 3.973852366224317, 0.0 ], [ -74.395913935499422, 3.9739648220865, 0.0 ], [ -74.395786501391527, 3.974042964146538, 0.0 ], [ -74.395611305656615, 3.974155557990673, 0.0 ], [ -74.395413309781475, 3.974270523045763, 0.0 ], [ -74.395272250027361, 3.974362411198219, 0.0 ], [ -74.395144852750391, 3.97444740880548, 0.0 ], [ -74.394960656794638, 3.974585150489135, 0.0 ], [ -74.394894716859511, 3.974635642534119, 0.0 ], [ -74.394744938057244, 3.974807484658044, 0.0 ], [ -74.394647742140151, 3.97499280221842, 0.0 ], [ -74.394658636009609, 3.97533748549314, 0.0 ], [ -74.394705469676936, 3.975565595169655, 0.0 ], [ -74.394708656001256, 3.975741370317374, 0.0 ], [ -74.394675477624531, 3.975946974785591, 0.0 ], [ -74.394673982827911, 3.976102223465684, 0.0 ], [ -74.394640824214136, 3.976312392846597, 0.0 ], [ -74.394614441592566, 3.976508834011616, 0.0 ], [ -74.394601444767019, 3.976643588474524, 0.0 ], [ -74.394565809498033, 3.976817244888325, 0.0 ], [ -74.394529895751276, 3.976936103353514, 0.0 ], [ -74.394448262248147, 3.977041457686117, 0.0 ], [ -74.394357334775094, 3.977117173571094, 0.0 ], [ -74.394188873709865, 3.97720461290825, 0.0 ], [ -74.394077199645324, 3.977241603369124, 0.0 ], [ -74.393938185355097, 3.977285547966376, 0.0 ], [ -74.393723557172464, 3.977277297096646, 0.0 ], [ -74.393458631418767, 3.977253277539206, 0.0 ], [ -74.393339732204396, 3.977214949124114, 0.0 ], [ -74.393170456367216, 3.977144880797813, 0.0 ], [ -74.393033083299002, 3.977065540876533, 0.0 ], [ -74.392884329474484, 3.976993093253621, 0.0 ], [ -74.392783663365435, 3.976950129031243, 0.0 ], [ -74.392678522747943, 3.976923167396616, 0.0 ], [ -74.392491302164643, 3.97691709506929, 0.0 ], [ -74.39232714852119, 3.976956569676852, 0.0 ], [ -74.392181359137098, 3.977016533008194, 0.0 ], [ -74.392031098837847, 3.977092484583456, 0.0 ], [ -74.39188551247301, 3.977193538263094, 0.0 ], [ -74.391730849530546, 3.977303746120869, 0.0 ], [ -74.391589943388325, 3.977423044526361, 0.0 ], [ -74.391503924310001, 3.977564945648058, 0.0 ], [ -74.39146817944652, 3.977718056702436, 0.0 ], [ -74.391430196879682, 3.977878021492484, 0.0 ], [ -74.391383012869369, 3.978024324429559, 0.0 ], [ -74.391326495363259, 3.978131849100453, 0.0 ], [ -74.391256354905892, 3.978253144906079, 0.0 ], [ -74.391199701754189, 3.978333283183274, 0.0 ], [ -74.391045190626983, 3.978473169601831, 0.0 ], [ -74.390908740128609, 3.978574187266115, 0.0 ], [ -74.390744670926793, 3.978629653597352, 0.0 ], [ -74.390475759348178, 3.9787175085877, 0.0 ], [ -74.390204540895908, 3.978800813814386, 0.0 ], [ -74.390024466410679, 3.978854056781913, 0.0 ], [ -74.389721258951155, 3.978930640869695, 0.0 ], [ -74.389548021543561, 3.978979291060297, 0.0 ], [ -74.389354273801402, 3.979034886409831, 0.0 ], [ -74.389135562775806, 3.979120249164349, 0.0 ], [ -74.388750815237927, 3.979322728812055, 0.0 ], [ -74.388591790974758, 3.979471776398233, 0.0 ], [ -74.388326557098921, 3.979831294443056, 0.0 ], [ -74.388011592488922, 3.980286902759893, 0.0 ], [ -74.387821915911644, 3.980691766440058, 0.0 ], [ -74.387656829816947, 3.98099380324396, 0.0 ], [ -74.387500582246318, 3.981240998400184, 0.0 ], [ -74.387309943573342, 3.981458667222647, 0.0 ], [ -74.387139552028572, 3.981616890968488, 0.0 ], [ -74.386948330348972, 3.981720410289507, 0.0 ], [ -74.386777266864357, 3.981746222906684, 0.0 ], [ -74.386489783515557, 3.98177479475947, 0.0 ], [ -74.386266238655438, 3.981807674389321, 0.0 ], [ -74.386013014356635, 3.981838392511665, 0.0 ], [ -74.385809973542848, 3.981864343131761, 0.0 ], [ -74.385581703544318, 3.981865276916764, 0.0 ], [ -74.385367091531364, 3.981859306786601, 0.0 ], [ -74.385090562239128, 3.981798807015846, 0.0 ], [ -74.384848322539611, 3.981745000562257, 0.0 ], [ -74.384658504028508, 3.981677293072602, 0.0 ], [ -74.384441292291115, 3.98160969759576, 0.0 ], [ -74.384251219556802, 3.98149176731734, 0.0 ], [ -74.38402911918763, 3.981362537499974, 0.0 ], [ -74.383864436436482, 3.981297011201705, 0.0 ], [ -74.383679106806852, 3.981215585448939, 0.0 ], [ -74.383612599136484, 3.98115650154407, 0.0 ], [ -74.383527789190495, 3.9810883539975, 0.0 ], [ -74.383390291256475, 3.980983907084069, 0.0 ], [ -74.383234455114248, 3.980865819890133, 0.0 ], [ -74.383087834788526, 3.980763693971837, 0.0 ], [ -74.382955128468225, 3.980704877982812, 0.0 ], [ -74.382861369505392, 3.980671020611319, 0.0 ], [ -74.382666989349261, 3.9806033219948, 0.0 ], [ -74.382561715781108, 3.980553539168742, 0.0 ], [ -74.382394803411444, 3.980499419877983, 0.0 ], [ -74.382214151309498, 3.980438520325116, 0.0 ], [ -74.382118139371926, 3.980411522062597, 0.0 ], [ -74.381923448398709, 3.980366879532453, 0.0 ] ] ] } },
{ "type": "Feature", "properties": { "OBJECTID": 6736, "DPTOMPIO": "25120", "CODIGO_VER": "25120005", "NOM_DEP": "CUNDINAMARCA", "NOMB_MPIO": "CABRERA", "NOMBRE_VER": "LA CASCADA", "VIGENCIA": "2010", "FUENTE": "EOT CABRERA", "DESCRIPCIO": "NULL", "SEUDONIMOS": "NULL", "AREA_HA": 321.53546376999998, "COD_DPTO": "25", "ShapeSTAre": 3252357.5720214844, "ShapeSTLen": 11925.160331554145 }, "geometry": { "type": "Polygon", "coordinates": [ [ [ -74.388591790974758, 3.979471776398233, 0.0 ], [ -74.388750815237927, 3.979322728812055, 0.0 ], [ -74.389135562775806, 3.979120249164349, 0.0 ], [ -74.389354273801402, 3.979034886409831, 0.0 ], [ -74.389548021543561, 3.978979291060297, 0.0 ], [ -74.389721258951155, 3.978930640869695, 0.0 ], [ -74.390024466410679, 3.978854056781913, 0.0 ], [ -74.390204540895908, 3.978800813814386, 0.0 ], [ -74.390475759348178, 3.9787175085877, 0.0 ], [ -74.390744670926793, 3.978629653597352, 0.0 ], [ -74.390908740128609, 3.978574187266115, 0.0 ], [ -74.391045190626983, 3.978473169601831, 0.0 ], [ -74.391199701754189, 3.978333283183274, 0.0 ], [ -74.391256354905892, 3.978253144906079, 0.0 ], [ -74.391326495363259, 3.978131849100453, 0.0 ], [ -74.391383012869369, 3.978024324429559, 0.0 ], [ -74.391430196879682, 3.977878021492484, 0.0 ], [ -74.39146817944652, 3.977718056702436, 0.0 ], [ -74.391503924310001, 3.977564945648058, 0.0 ], [ -74.391589943388325, 3.977423044526361, 0.0 ], [ -74.391730849530546, 3.977303746120869, 0.0 ], [ -74.39188551247301, 3.977193538263094, 0.0 ], [ -74.392031098837847, 3.977092484583456, 0.0 ], [ -74.392181359137098, 3.977016533008194, 0.0 ], [ -74.39232714852119, 3.976956569676852, 0.0 ], [ -74.392491302164643, 3.97691709506929, 0.0 ], [ -74.392678522747943, 3.976923167396616, 0.0 ], [ -74.392783663365435, 3.976950129031243, 0.0 ], [ -74.392884329474484, 3.976993093253621, 0.0 ], [ -74.393033083299002, 3.977065540876533, 0.0 ], [ -74.393170456367216, 3.977144880797813, 0.0 ], [ -74.393339732204396, 3.977214949124114, 0.0 ], [ -74.393458631418767, 3.977253277539206, 0.0 ], [ -74.393723557172464, 3.977277297096646, 0.0 ], [ -74.393938185355097, 3.977285547966376, 0.0 ], [ -74.394077199645324, 3.977241603369124, 0.0 ], [ -74.394188873709865, 3.97720461290825, 0.0 ], [ -74.394357334775094, 3.977117173571094, 0.0 ], [ -74.394448262248147, 3.977041457686117, 0.0 ], [ -74.394529895751276, 3.976936103353514, 0.0 ], [ -74.394565809498033, 3.976817244888325, 0.0 ], [ -74.394601444767019, 3.976643588474524, 0.0 ], [ -74.394614441592566, 3.976508834011616, 0.0 ], [ -74.394640824214136, 3.976312392846597, 0.0 ], [ -74.394673982827911, 3.976102223465684, 0.0 ], [ -74.394675477624531, 3.975946974785591, 0.0 ], [ -74.394708656001256, 3.975741370317374, 0.0 ], [ -74.394705469676936, 3.975565595169655, 0.0 ], [ -74.394658636009609, 3.97533748549314, 0.0 ], [ -74.394647742140151, 3.97499280221842, 0.0 ], [ -74.394744938057244, 3.974807484658044, 0.0 ], [ -74.394894716859511, 3.974635642534119, 0.0 ], [ -74.394960656794638, 3.974585150489135, 0.0 ], [ -74.395144852750391, 3.97444740880548, 0.0 ], [ -74.395272250027361, 3.974362411198219, 0.0 ], [ -74.395413309781475, 3.974270523045763, 0.0 ], [ -74.395611305656615, 3.974155557990673, 0.0 ], [ -74.395786501391527, 3.974042964146538, 0.0 ], [ -74.395913935499422, 3.9739648220865, 0.0 ], [ -74.396057172769787, 3.973852366224317, 0.0 ], [ -74.396191205901744, 3.97372625024591, 0.0 ], [ -74.39629564493498, 3.973616234583393, 0.0 ], [ -74.396363706690806, 3.973536052832201, 0.0 ], [ -74.396431687598266, 3.973437610102826, 0.0 ], [ -74.396492653561637, 3.973307231942464, 0.0 ], [ -74.396549008472689, 3.973167727306025, 0.0 ], [ -74.396605407401154, 3.973039656705831, 0.0 ], [ -74.396707447034288, 3.972906819428971, 0.0 ], [ -74.396839214615099, 3.97278299925951, 0.0 ], [ -74.397048534652711, 3.972647436728366, 0.0 ], [ -74.39719877608735, 3.97256692509723, 0.0 ], [ -74.397387779826488, 3.972477105971355, 0.0 ], [ -74.397524383936812, 3.972408049003823, 0.0 ], [ -74.397740868038809, 3.972334110662324, 0.0 ], [ -74.39790471445842, 3.972235271687971, 0.0 ], [ -74.398018467224546, 3.972159464842845, 0.0 ], [ -74.398136594786095, 3.972049388032689, 0.0 ], [ -74.398259178889759, 3.971916472630719, 0.0 ], [ -74.39835454314202, 3.97181790872679, 0.0 ], [ -74.398474856304645, 3.971687288347852, 0.0 ], [ -74.398590606025621, 3.971556681390651, 0.0 ], [ -74.398679032588944, 3.971439885106242, 0.0 ], [ -74.398810672608988, 3.971293232395376, 0.0 ], [ -74.398912610732481, 3.971139850404416, 0.0 ], [ -74.39900300999615, 3.97096369520101, 0.0 ], [ -74.399077240483024, 3.970748781984304, 0.0 ], [ -74.399080814879554, 3.970557003955741, 0.0 ], [ -74.399053642638847, 3.970157590221809, 0.0 ], [ -74.399000278219376, 3.969988866661506, 0.0 ], [ -74.398847561926118, 3.969589982283384, 0.0 ], [ -74.398784564871889, 3.969325419629138, 0.0 ], [ -74.398765167549968, 3.969104047355903, 0.0 ], [ -74.398767010892925, 3.969019568971522, 0.0 ], [ -74.398786970560209, 3.968905338036836, 0.0 ], [ -74.398843273368968, 3.968756716905994, 0.0 ], [ -74.398947407873322, 3.968587340654052, 0.0 ], [ -74.399044866996832, 3.968452247022429, 0.0 ], [ -74.3991582945728, 3.968314800944666, 0.0 ], [ -74.399349277300516, 3.968165619606507, 0.0 ], [ -74.399515175472246, 3.968021115310203, 0.0 ], [ -74.399646918798567, 3.967894997544667, 0.0 ], [ -74.399803894004577, 3.967791625250908, 0.0 ], [ -74.399956471058942, 3.96772022263496, 0.0 ], [ -74.40007724056575, 3.967678637123421, 0.0 ], [ -74.400232375123721, 3.967659726307638, 0.0 ], [ -74.400412657119773, 3.967649853287949, 0.0 ], [ -74.400556408226478, 3.967637852778886, 0.0 ], [ -74.400686460923438, 3.967625896181591, 0.0 ], [ -74.400809690915793, 3.96761854137761, 0.0 ], [ -74.400969417661514, 3.967606463798134, 0.0 ], [ -74.401101700875302, 3.967585378890841, 0.0 ], [ -74.401482427553972, 3.967490202860084, 0.0 ], [ -74.401671549870741, 3.967423220091606, 0.0 ], [ -74.401860662306035, 3.96735395299928, 0.0 ], [ -74.401951757764053, 3.96731248845127, 0.0 ], [ -74.402117994600644, 3.967234175483198, 0.0 ], [ -74.402313885723075, 3.967153465272184, 0.0 ], [ -74.402491868032001, 3.967139032570004, 0.0 ], [ -74.402930700438176, 3.967246807792808, 0.0 ], [ -74.40310454780186, 3.967314580094852, 0.0 ], [ -74.403282954115596, 3.967384618786449, 0.0 ], [ -74.403440775534605, 3.967445611607975, 0.0 ], [ -74.403571159709884, 3.967497579173138, 0.0 ], [ -74.40379984023852, 3.967576542730095, 0.0 ], [ -74.403987357265862, 3.967641973333043, 0.0 ], [ -74.404177096725221, 3.967693697129733, 0.0 ], [ -74.404343857279628, 3.967718123823095, 0.0 ], [ -74.404476294105322, 3.967726709953071, 0.0 ], [ -74.404677022655576, 3.967696197422328, 0.0 ], [ -74.404791006288704, 3.967666056797813, 0.0 ], [ -74.405298703544574, 3.967405980613112, 0.0 ], [ -74.405437486069445, 3.967314095270867, 0.0 ], [ -74.405569263531731, 3.96719483752341, 0.0 ], [ -74.405646457560721, 3.96711232870969, 0.0 ], [ -74.405728223116199, 3.967034368810846, 0.0 ], [ -74.405832736709627, 3.966938053693373, 0.0 ], [ -74.405937292523859, 3.966850871363279, 0.0 ], [ -74.406066978708168, 3.966768146539885, 0.0 ], [ -74.406205828606687, 3.966689952709921, 0.0 ], [ -74.406351439226029, 3.966598030545363, 0.0 ], [ -74.40651763204518, 3.966510590084314, 0.0 ], [ -74.406722509913706, 3.966402447338379, 0.0 ], [ -74.406870494780364, 3.966324219419573, 0.0 ], [ -74.407018570376835, 3.966266535151938, 0.0 ], [ -74.407164366947455, 3.966208858049585, 0.0 ], [ -74.407339839363473, 3.966151060857246, 0.0 ], [ -74.407476526118785, 3.966097988237264, 0.0 ], [ -74.407601692878899, 3.966024413173325, 0.0 ], [ -74.407719878830932, 3.965923479108179, 0.0 ], [ -74.40781055926729, 3.965802101731478, 0.0 ], [ -74.407941985488307, 3.965614361567663, 0.0 ], [ -74.408123165799651, 3.965335087095466, 0.0 ], [ -74.408218498610864, 3.965231963615303, 0.0 ], [ -74.408311581142286, 3.965131124446827, 0.0 ], [ -74.408425256653274, 3.965041616377686, 0.0 ], [ -74.408573034009095, 3.964926858844044, 0.0 ], [ -74.408718618577296, 3.964828093364943, 0.0 ], [ -74.408813996304289, 3.96473181294082, 0.0 ], [ -74.408870732101008, 3.964667651077789, 0.0 ], [ -74.408984313288883, 3.964559889857262, 0.0 ], [ -74.409081929617557, 3.964454465822931, 0.0 ], [ -74.409186363260929, 3.964344456990655, 0.0 ], [ -74.409286054697887, 3.964200209225818, 0.0 ], [ -74.409417218610827, 3.9639599587333, 0.0 ], [ -74.409476238823316, 3.963898080242203, 0.0 ], [ -74.409630882901169, 3.963783287599321, 0.0 ], [ -74.409767539113744, 3.963725647066539, 0.0 ], [ -74.409883854773369, 3.963704622103415, 0.0 ], [ -74.410007095545524, 3.963699543527563, 0.0 ], [ -74.410132736616106, 3.963717287625166, 0.0 ], [ -74.410416157783175, 3.963789173620656, 0.0 ], [ -74.410578527372479, 3.963845578335545, 0.0 ], [ -74.410720427051388, 3.963918045931832, 0.0 ], [ -74.41086462282415, 3.963992791576364, 0.0 ], [ -74.410935585240026, 3.964031309696467, 0.0 ], [ -74.411056832650559, 3.964081037060968, 0.0 ], [ -74.411168792379343, 3.964103397302052, 0.0 ], [ -74.411276166208637, 3.964118935926197, 0.0 ], [ -74.411422312223905, 3.964129746377802, 0.0 ], [ -74.411595820922713, 3.964133598995786, 0.0 ], [ -74.411753302778536, 3.964128378828331, 0.0 ], [ -74.41186743283707, 3.964127907444976, 0.0 ], [ -74.412029523050322, 3.96413180666362, 0.0 ], [ -74.412216632242533, 3.964117329100379, 0.0 ], [ -74.412385470600185, 3.964100663099239, 0.0 ], [ -74.412556659848917, 3.964097664527385, 0.0 ], [ -74.412716322814262, 3.964074175116784, 0.0 ], [ -74.412844015636949, 3.964046255059966, 0.0 ], [ -74.413012678823122, 3.963997609366032, 0.0 ], [ -74.413133477076016, 3.96396059142668, 0.0 ], [ -74.413306531227292, 3.963877681703737, 0.0 ], [ -74.413454437042191, 3.963785756537945, 0.0 ], [ -74.413606988045416, 3.963709784918878, 0.0 ], [ -74.413739016137669, 3.963640751414821, 0.0 ], [ -74.413896127887611, 3.963562478426334, 0.0 ], [ -74.414057978250653, 3.963520708095268, 0.0 ], [ -74.414219882512626, 3.963488084936505, 0.0 ], [ -74.414363619246302, 3.963471505850828, 0.0 ], [ -74.414475511601466, 3.963480178953072, 0.0 ], [ -74.414603410138341, 3.96349334812399, 0.0 ], [ -74.414738364043473, 3.963545298014315, 0.0 ], [ -74.414944708860872, 3.963720237805376, 0.0 ], [ -74.415078183240738, 3.963929717601871, 0.0 ], [ -74.415143314692088, 3.964022177762876, 0.0 ], [ -74.415243572067695, 3.964069897715761, 0.0 ], [ -74.415364355947531, 3.96413582955316, 0.0 ], [ -74.415544361262477, 3.964219915020009, 0.0 ], [ -74.415669682532823, 3.964278994760845, 0.0 ], [ -74.415765354008897, 3.96431306967715, 0.0 ], [ -74.415947545823244, 3.96435616270899, 0.0 ], [ -74.416138858232671, 3.964399261115586, 0.0 ], [ -74.416302864552421, 3.964456037697633, 0.0 ], [ -74.416437239044186, 3.964487795122172, 0.0 ], [ -74.41658297902093, 3.964519543583831, 0.0 ], [ -74.416726397750992, 3.964523973330701, 0.0 ], [ -74.416901603367378, 3.964487389159111, 0.0 ], [ -74.417010803471626, 3.964455420239441, 0.0 ], [ -74.417131294500692, 3.964382453525896, 0.0 ], [ -74.417208577462901, 3.96433230050074, 0.0 ], [ -74.417351793173708, 3.964236543379818, 0.0 ], [ -74.41744276286758, 3.964197755523272, 0.0 ], [ -74.417565684737809, 3.964197651568025, 0.0 ], [ -74.417674964792099, 3.964206654451755, 0.0 ], [ -74.417750131323501, 3.964229365090312, 0.0 ], [ -74.417845840528827, 3.964277093992883, 0.0 ], [ -74.417948437117431, 3.964352136235831, 0.0 ], [ -74.418023680903943, 3.96441810300123, 0.0 ], [ -74.418119526653172, 3.96452957705454, 0.0 ], [ -74.418188005227293, 3.964620588048767, 0.0 ], [ -74.418281634832709, 3.964763953913537, 0.0 ], [ -74.418341013472983, 3.96486180262317, 0.0 ], [ -74.418391269721567, 3.964943727361888, 0.0 ], [ -74.418464300059227, 3.965032451297142, 0.0 ], [ -74.418519036206106, 3.965082494947705, 0.0 ], [ -74.418578316031713, 3.965127985180821, 0.0 ], [ -74.418687705680497, 3.965189362623631, 0.0 ], [ -74.418954211570764, 3.965271088381264, 0.0 ], [ -74.41909310099517, 3.965293734466761, 0.0 ], [ -74.419282095751157, 3.965316344705003, 0.0 ], [ -74.419480163491528, 3.965334385398452, 0.0 ], [ -74.419195873653564, 3.965618416711919, 0.0 ], [ -74.418491092312578, 3.96598616309915, 0.0 ], [ -74.414927357002853, 3.967328277044456, 0.0 ], [ -74.412220282097522, 3.968326272708599, 0.0 ], [ -74.409547429411262, 3.96925549222604, 0.0 ], [ -74.408313843100174, 3.969771623175117, 0.0 ], [ -74.407217670281455, 3.971147114665015, 0.0 ], [ -74.40666959016032, 3.97183485238113, 0.0 ], [ -74.406065730948228, 3.972945147148183, 0.0 ], [ -74.404663678182018, 3.973904794010031, 0.0 ], [ -74.403330764251649, 3.976325365555339, 0.0 ], [ -74.402812463282174, 3.97769754021352, 0.0 ], [ -74.402624121601391, 3.978549172123395, 0.0 ], [ -74.402577286137429, 3.979400756553085, 0.0 ], [ -74.402483228933917, 3.980110436755076, 0.0 ], [ -74.40220036651894, 3.980489021869106, 0.0 ], [ -74.401728930657839, 3.981056917136704, 0.0 ], [ -74.401304667128926, 3.981672103485137, 0.0 ], [ -74.401352097277595, 3.982381718102895, 0.0 ], [ -74.401493854124382, 3.983044003975841, 0.0 ], [ -74.401494017617779, 3.98346978501463, 0.0 ], [ -74.401330644610297, 3.983568742724712, 0.0 ], [ -74.401166476593829, 3.983692334548527, 0.0 ], [ -74.400768451956054, 3.983844216745301, 0.0 ], [ -74.400617223272903, 3.983948093347786, 0.0 ], [ -74.400290975822969, 3.984427355796254, 0.0 ], [ -74.399324257423217, 3.985511800481485, 0.0 ], [ -74.399210581912229, 3.98571151216437, 0.0 ], [ -74.399182250844802, 3.98599678030291, 0.0 ], [ -74.39912543689465, 3.9861679560145, 0.0 ], [ -74.398613778966691, 3.986824224833861, 0.0 ], [ -74.398215747142416, 3.98710963417665, 0.0 ], [ -74.397590186429682, 3.987366601703198, 0.0 ], [ -74.397220670725773, 3.987880188812886, 0.0 ], [ -74.396964863770535, 3.988279638759735, 0.0 ], [ -74.39616862944203, 3.988422558712418, 0.0 ], [ -74.395457668590197, 3.988479887453949, 0.0 ], [ -74.395058866011382, 3.989009858874206, 0.0 ], [ -74.394887239283094, 3.989906862195148, 0.0 ], [ -74.39437170961628, 3.990941986133014, 0.0 ], [ -74.393752834165895, 3.991494188211191, 0.0 ], [ -74.393340660164071, 3.992977754896673, 0.0 ], [ -74.393100426402597, 3.994392248544032, 0.0 ], [ -74.392687890379719, 3.994909869233269, 0.0 ], [ -74.392275429815328, 3.995634487107732, 0.0 ], [ -74.392206763493334, 3.995944984173575, 0.0 ], [ -74.392172565528782, 3.996462468567265, 0.0 ], [ -74.39200071152672, 3.996807512944339, 0.0 ], [ -74.391863202812928, 3.996980049416505, 0.0 ], [ -74.391450454787645, 3.996911214954218, 0.0 ], [ -74.391484681498284, 3.996462726652968, 0.0 ], [ -74.39158768682033, 3.996014213910922, 0.0 ], [ -74.391620831061061, 3.992633423128639, 0.0 ], [ -74.391586111175343, 3.991770984960619, 0.0 ], [ -74.391516957068134, 3.990770574835703, 0.0 ], [ -74.391344696129238, 3.989977194691489, 0.0 ], [ -74.391172738820941, 3.990011756044271, 0.0 ], [ -74.391138173445412, 3.989563295337805, 0.0 ], [ -74.391068991490457, 3.98849389411602, 0.0 ], [ -74.390828014822219, 3.987907514817646, 0.0 ], [ -74.391068544129439, 3.987286466098011, 0.0 ], [ -74.391240178942553, 3.986389460813039, 0.0 ], [ -74.391068063530767, 3.985975548898772, 0.0 ], [ -74.390770976293254, 3.98533235860989, 0.0 ], [ -74.390837570201896, 3.984863591426012, 0.0 ], [ -74.390770652899747, 3.984461847483145, 0.0 ], [ -74.390903974566015, 3.983926093894843, 0.0 ], [ -74.390503214558208, 3.983390542486438, 0.0 ], [ -74.390336130610294, 3.982888384703815, 0.0 ], [ -74.390335959032086, 3.982419634946425, 0.0 ], [ -74.39030239258318, 3.981917427283239, 0.0 ], [ -74.390402355311366, 3.981448653673038, 0.0 ], [ -74.390302072782944, 3.981046914335995, 0.0 ], [ -74.390001505472028, 3.980678731069707, 0.0 ], [ -74.389333861383193, 3.980545055333177, 0.0 ], [ -74.38893324061425, 3.980377796412822, 0.0 ], [ -74.388766268057452, 3.980176970418838, 0.0 ], [ -74.388632706541003, 3.980076570397651, 0.0 ], [ -74.388468391200803, 3.980059660966346, 0.0 ], [ -74.388506399818795, 3.97981127447333, 0.0 ], [ -74.388524004103417, 3.97975349884542, 0.0 ], [ -74.388591790974758, 3.979471776398233, 0.0 ] ] ] } },
{ "type": "Feature", "properties": { "OBJECTID": 6737, "DPTOMPIO": "25120", "CODIGO_VER": "25120016", "NOM_DEP": "CUNDINAMARCA", "NOMB_MPIO": "CABRERA", "NOMBRE_VER": "SANTA RITA", "VIGENCIA": "2010", "FUENTE": "EOT CABRERA", "DESCRIPCIO": "VEREDA CON CENTRO POBLADO", "SEUDONIMOS": "NULL", "AREA_HA": 4006.0008318, "COD_DPTO": "25", "ShapeSTAre": 40523281.472412109, "ShapeSTLen": 39356.622836930161 }, "geometry": { "type": "MultiPolygon", "coordinates": [ [ [ [ -74.463691392494894, 4.037009926217034, 0.0 ], [ -74.463531916379139, 4.037010001488257, 0.0 ], [ -74.463326503114686, 4.037044572499672, 0.0 ], [ -74.463326375553919, 4.037044595797909, 0.0 ], [ -74.463229703354628, 4.037062138479813, 0.0 ], [ -74.463127263971202, 4.037045231123121, 0.0 ], [ -74.461902419166123, 4.036721384562663, 0.0 ], [ -74.461417389099836, 4.034532634320803, 0.0 ], [ -74.461356179692999, 4.033880884260512, 0.0 ], [ -74.461315123989579, 4.033443736580389, 0.0 ], [ -74.461234700517139, 4.032587383845971, 0.0 ], [ -74.461234695127246, 4.032587341729677, 0.0 ], [ -74.461195815143441, 4.032477713022907, 0.0 ], [ -74.460931511922226, 4.031736307296133, 0.0 ], [ -74.460376976507447, 4.030809011754894, 0.0 ], [ -74.460376027886497, 4.030807425669906, 0.0 ], [ -74.460204363428971, 4.030520354990612, 0.0 ], [ -74.459601359413028, 4.030099963357063, 0.0 ], [ -74.459595670382356, 4.030095997245043, 0.0 ], [ -74.459578077775816, 4.03008373240648, 0.0 ], [ -74.459552200905733, 4.030065690449536, 0.0 ], [ -74.45936002880859, 4.02993171362824, 0.0 ], [ -74.45663159735571, 4.028029521220926, 0.0 ], [ -74.449971327040814, 4.02693833868393, 0.0 ], [ -74.44518837576959, 4.026575363568694, 0.0 ], [ -74.445188320074053, 4.026575358192106, 0.0 ], [ -74.442797383876766, 4.02621104055979, 0.0 ], [ -74.442403384589795, 4.026151004661574, 0.0 ], [ -74.436772604251743, 4.025241813818109, 0.0 ], [ -74.435445483556634, 4.025489226808221, 0.0 ], [ -74.435444905041592, 4.025489334340128, 0.0 ], [ -74.435438933939892, 4.025490447295178, 0.0 ], [ -74.435137760266173, 4.025546590588026, 0.0 ], [ -74.435137727926829, 4.025546594172409, 0.0 ], [ -74.429508949933549, 4.026042894870308, 0.0 ], [ -74.428902574540359, 4.026096359686931, 0.0 ], [ -74.427957429182143, 4.026452711059354, 0.0 ], [ -74.427935343202577, 4.026461038498075, 0.0 ], [ -74.427932734494988, 4.026462020621478, 0.0 ], [ -74.427924174448648, 4.026465249262559, 0.0 ], [ -74.4269651141867, 4.026826851605397, 0.0 ], [ -74.425879445368622, 4.026939058250204, 0.0 ], [ -74.425871877062335, 4.026939839647199, 0.0 ], [ -74.425869513594833, 4.026940084281814, 0.0 ], [ -74.424604196991282, 4.027070858047824, 0.0 ], [ -74.423762128820357, 4.026876080517489, 0.0 ], [ -74.423740426421418, 4.026871061475145, 0.0 ], [ -74.422269452211651, 4.02653079793201, 0.0 ], [ -74.421455512088912, 4.026342516983877, 0.0 ], [ -74.419518087667868, 4.025826732594958, 0.0 ], [ -74.415279874784943, 4.025281365849811, 0.0 ], [ -74.415279821784353, 4.025281362265428, 0.0 ], [ -74.411163419555649, 4.025221988516064, 0.0 ], [ -74.409225794810311, 4.02558731111795, 0.0 ], [ -74.407529681230798, 4.025765952906422, 0.0 ], [ -74.407529265310799, 4.025765996815277, 0.0 ], [ -74.405169750385525, 4.026014510951153, 0.0 ], [ -74.401476501368052, 4.025894451666679, 0.0 ], [ -74.398691865022769, 4.026139115228727, 0.0 ], [ -74.399926960503549, 4.0254065258211, 0.0 ], [ -74.400485365860561, 4.024775947767897, 0.0 ], [ -74.400694704762799, 4.024355623062582, 0.0 ], [ -74.400589784232565, 4.02390039501435, 0.0 ], [ -74.400415066401365, 4.023550265051711, 0.0 ], [ -74.400310199770047, 4.02323512501647, 0.0 ], [ -74.400310145871131, 4.023095051787092, 0.0 ], [ -74.400798893166083, 4.022884734898337, 0.0 ], [ -74.40104328972059, 4.022849622039422, 0.0 ], [ -74.401287547934544, 4.02246430168485, 0.0 ], [ -74.401776089515309, 4.021728687311867, 0.0 ], [ -74.402020381865242, 4.021413404987705, 0.0 ], [ -74.402718335111757, 4.020467590439297, 0.0 ], [ -74.402788093785148, 4.020292454843099, 0.0 ], [ -74.402578471015275, 4.01994233856407, 0.0 ], [ -74.402089410208305, 4.019347188307022, 0.0 ], [ -74.401600457199152, 4.018997178258698, 0.0 ], [ -74.401286077392442, 4.018647102644385, 0.0 ], [ -74.401135694023978, 4.016920413635501, 0.0 ], [ -74.401372498017722, 4.015412389799194, 0.0 ], [ -74.401055681979926, 4.014618865958258, 0.0 ], [ -74.400738951282122, 4.014063436447343, 0.0 ], [ -74.400580419295721, 4.013349209182349, 0.0 ], [ -74.400421863054817, 4.012555620608372, 0.0 ], [ -74.400263352627988, 4.011920770700778, 0.0 ], [ -74.400184017913659, 4.011365248847357, 0.0 ], [ -74.400025609894783, 4.010968485057072, 0.0 ], [ -74.399788045926329, 4.010492392449562, 0.0 ], [ -74.399550419974105, 4.009857563341753, 0.0 ], [ -74.399233692869544, 4.00930212611302, 0.0 ], [ -74.399233270661355, 4.008191029182202, 0.0 ], [ -74.399707582928002, 4.00700036430656, 0.0 ], [ -74.400498185717979, 4.005254039962236, 0.0 ], [ -74.401140750640721, 4.004218574748855, 0.0 ], [ -74.401547400003523, 4.003795818136001, 0.0 ], [ -74.40195406194276, 4.003402189793504, 0.0 ], [ -74.402099271913485, 4.003212694640174, 0.0 ], [ -74.40228838524709, 4.003036988994751, 0.0 ], [ -74.402339348469795, 4.003088072525275, 0.0 ], [ -74.402581792985202, 4.002954198809343, 0.0 ], [ -74.402812077904926, 4.002710884134823, 0.0 ], [ -74.404339256108742, 4.001250923775682, 0.0 ], [ -74.405090707623685, 4.000496620403469, 0.0 ], [ -74.407409554019424, 3.998675685767812, 0.0 ], [ -74.408051481138287, 3.997494164605226, 0.0 ], [ -74.408425909728507, 3.996742301523567, 0.0 ], [ -74.408586280566283, 3.996151596218335, 0.0 ], [ -74.411369571235255, 3.995130306172736, 0.0 ], [ -74.414527347088296, 3.993518221625489, 0.0 ], [ -74.415223112937099, 3.993142081789757, 0.0 ], [ -74.415865466755747, 3.993034435414901, 0.0 ], [ -74.416668514805664, 3.993195190304692, 0.0 ], [ -74.417899675665467, 3.992979911892893, 0.0 ], [ -74.418327823509671, 3.992711270379565, 0.0 ], [ -74.418916458074335, 3.992174095521588, 0.0 ], [ -74.419023268659913, 3.991529720911874, 0.0 ], [ -74.419504950705161, 3.99126105741674, 0.0 ], [ -74.420200776741083, 3.991045992674503, 0.0 ], [ -74.422020788659552, 3.9908304744306, 0.0 ], [ -74.423733634259548, 3.990400217412754, 0.0 ], [ -74.426784088385602, 3.988251190800253, 0.0 ], [ -74.428656833207853, 3.986156345596932, 0.0 ], [ -74.430636638347366, 3.984061451145317, 0.0 ], [ -74.43232106125177, 3.982489597078712, 0.0 ], [ -74.433440909169803, 3.980436408999524, 0.0 ], [ -74.433878265643969, 3.977650387416218, 0.0 ], [ -74.433877363735419, 3.975499931298784, 0.0 ], [ -74.433876580404515, 3.973642713298221, 0.0 ], [ -74.434022358110496, 3.97266517167218, 0.0 ], [ -74.434146996661212, 3.972026231322687, 0.0 ], [ -74.434222826149295, 3.971673725894262, 0.0 ], [ -74.434279748795589, 3.971540330987237, 0.0 ], [ -74.434441186831918, 3.971483106813045, 0.0 ], [ -74.434612205400768, 3.971635456366274, 0.0 ], [ -74.435229764819255, 3.972197240563867, 0.0 ], [ -74.435647936872229, 3.972854383514408, 0.0 ], [ -74.435866567947755, 3.973311551415, 0.0 ], [ -74.436256116082504, 3.973682908571766, 0.0 ], [ -74.436949665787509, 3.9742351473231, 0.0 ], [ -74.437667666736232, 3.975168653661349, 0.0 ], [ -74.438005719845634, 3.975459038906176, 0.0 ], [ -74.439043630629939, 3.97545859262157, 0.0 ], [ -74.439405666960809, 3.975410015707716, 0.0 ], [ -74.441578153542238, 3.975699600602407, 0.0 ], [ -74.443098862079381, 3.975819995235725, 0.0 ], [ -74.443750557478666, 3.975771290193213, 0.0 ], [ -74.444112472536958, 3.975432181176606, 0.0 ], [ -74.444377842058401, 3.975117325537124, 0.0 ], [ -74.444498371715028, 3.974754115071248, 0.0 ], [ -74.444691396313388, 3.974560337756279, 0.0 ], [ -74.445149928773745, 3.974390659795089, 0.0 ], [ -74.445994890418191, 3.974753459086133, 0.0 ], [ -74.446574283115197, 3.974971100945635, 0.0 ], [ -74.447443294456448, 3.975115981305903, 0.0 ], [ -74.448559148464724, 3.975093918886247, 0.0 ], [ -74.449451324662164, 3.974789549021688, 0.0 ], [ -74.450175124236054, 3.974451480037148, 0.0 ], [ -74.450713814267544, 3.974299254673383, 0.0 ], [ -74.451303071364677, 3.974298992099956, 0.0 ], [ -74.451673540181105, 3.974484595647973, 0.0 ], [ -74.451909498860147, 3.975024883645467, 0.0 ], [ -74.452145253621637, 3.975159873143351, 0.0 ], [ -74.452700880489473, 3.975227172522447, 0.0 ], [ -74.453340798077065, 3.975564632700604, 0.0 ], [ -74.453559807343339, 3.975885392027379, 0.0 ], [ -74.45362724836329, 3.976104897586508, 0.0 ], [ -74.454469100938553, 3.97620584116042, 0.0 ], [ -74.455176220594225, 3.976205523026099, 0.0 ], [ -74.455917125887737, 3.976475386905571, 0.0 ], [ -74.456169894740697, 3.976981882390461, 0.0 ], [ -74.456271067499571, 3.977336477168016, 0.0 ], [ -74.456624725243771, 3.977538958150257, 0.0 ], [ -74.456944627892867, 3.977572588028035, 0.0 ], [ -74.457483237974287, 3.977251488820138, 0.0 ], [ -74.458274963658369, 3.976250043904937, 0.0 ], [ -74.459074523550058, 3.975070466530787, 0.0 ], [ -74.459351905343482, 3.974628139030912, 0.0 ], [ -74.460527137093706, 3.97374318848416, 0.0 ], [ -74.460837227444955, 3.973415494765038, 0.0 ], [ -74.461157785864202, 3.970792967098091, 0.0 ], [ -74.461241204319791, 3.970494616940335, 0.0 ], [ -74.461345960458345, 3.970515013523116, 0.0 ], [ -74.461507614988676, 3.970530803847376, 0.0 ], [ -74.461689729547885, 3.970537462309799, 0.0 ], [ -74.461878654235292, 3.970530453449166, 0.0 ], [ -74.46204936198707, 3.970523469680908, 0.0 ], [ -74.462224647553498, 3.970527862653073, 0.0 ], [ -74.462388545177092, 3.970527709409839, 0.0 ], [ -74.462611633693058, 3.970532053989406, 0.0 ], [ -74.46281429272284, 3.970561461451144, 0.0 ], [ -74.463000984198445, 3.970579502030029, 0.0 ], [ -74.463176327257059, 3.970606660130841, 0.0 ], [ -74.463353945748295, 3.970638367134034, 0.0 ], [ -74.463526956780441, 3.970640483861657, 0.0 ], [ -74.463697652854108, 3.970631217577264, 0.0 ], [ -74.463875231819472, 3.970644719109186, 0.0 ], [ -74.464036871078434, 3.970649124626947, 0.0 ], [ -74.464219005400608, 3.970664885375395, 0.0 ], [ -74.464398848120481, 3.970671551005999, 0.0 ], [ -74.464610540608774, 3.970664523327182, 0.0 ], [ -74.464733372647444, 3.970623424578277, 0.0 ], [ -74.464806127202323, 3.970584646879354, 0.0 ], [ -74.464908440821617, 3.970527635028649, 0.0 ], [ -74.465097165184702, 3.970427275055721, 0.0 ], [ -74.465274713607343, 3.97042711285088, 0.0 ], [ -74.465358948631547, 3.970433870787835, 0.0 ], [ -74.465396138884302, 3.970432207516255, 0.0 ], [ -74.465385582781394, 3.970117364307132, 0.0 ], [ -74.465515318373036, 3.970108130278613, 0.0 ], [ -74.465592704641523, 3.970105786821243, 0.0 ], [ -74.465710975035194, 3.970055586647098, 0.0 ], [ -74.46581558115507, 3.970007669884811, 0.0 ], [ -74.466049871662648, 3.96993004452686, 0.0 ], [ -74.466220460836794, 3.969866133992328, 0.0 ], [ -74.466322851711183, 3.969843274746145, 0.0 ], [ -74.466445704411115, 3.969811278252783, 0.0 ], [ -74.466507116837207, 3.969790729305416, 0.0 ], [ -74.466616281907164, 3.969745091462655, 0.0 ], [ -74.466695855573334, 3.969699476917521, 0.0 ], [ -74.466789073750363, 3.969647028252929, 0.0 ], [ -74.466918755443103, 3.969615029959654, 0.0 ], [ -74.467080359667762, 3.969610324222747, 0.0 ], [ -74.467399025336718, 3.969598640982867, 0.0 ], [ -74.467547002118536, 3.969605337091544, 0.0 ], [ -74.467701790825132, 3.969605193705892, 0.0 ], [ -74.467874751551619, 3.969584536318047, 0.0 ], [ -74.46806136397548, 3.969566148903427, 0.0 ], [ -74.468216147292196, 3.969565998348512, 0.0 ], [ -74.468380038627572, 3.969559017260584, 0.0 ], [ -74.46849384619091, 3.969558908825209, 0.0 ], [ -74.468644085828927, 3.969561050648083, 0.0 ], [ -74.468798923942884, 3.969581397965115, 0.0 ], [ -74.468921886237283, 3.969601775751072, 0.0 ], [ -74.469060824170711, 3.969638065755705, 0.0 ], [ -74.469117846529983, 3.969694933386078, 0.0 ], [ -74.469213611430845, 3.969763153567191, 0.0 ], [ -74.469277416968851, 3.969797243492052, 0.0 ], [ -74.46938447189622, 3.969829023115272, 0.0 ], [ -74.469486861872312, 3.969806154906477, 0.0 ], [ -74.469632448237135, 3.969762761049112, 0.0 ], [ -74.46975539615849, 3.96977629396087, 0.0 ], [ -74.469980884074587, 3.969835288169135, 0.0 ], [ -74.470174791716872, 3.970028637333329, 0.0 ], [ -74.470348053378984, 3.97014914481419, 0.0 ], [ -74.470525794939419, 3.970240044065557, 0.0 ], [ -74.470760548977665, 3.970371881657848, 0.0 ], [ -74.470974729799281, 3.970471855392891, 0.0 ], [ -74.471181967542066, 3.970517195670654, 0.0 ], [ -74.471391508565247, 3.970567092914992, 0.0 ], [ -74.471539509601556, 3.970587443791866, 0.0 ], [ -74.471714794269701, 3.970591833179037, 0.0 ], [ -74.471956040432502, 3.970568844009879, 0.0 ], [ -74.472108533045258, 3.970559590270929, 0.0 ], [ -74.472320189600921, 3.970538897956739, 0.0 ], [ -74.472518224103624, 3.970538710659471, 0.0 ], [ -74.47272081845469, 3.970538512608329, 0.0 ], [ -74.472859698895931, 3.970552046403468, 0.0 ], [ -74.473014563959339, 3.970583770435783, 0.0 ], [ -74.473185375915662, 3.970622324094959, 0.0 ], [ -74.473353983406284, 3.970699581066461, 0.0 ], [ -74.473479338812609, 3.970772312428425, 0.0 ], [ -74.473595632014352, 3.970865556858707, 0.0 ], [ -74.473800887175301, 3.971042951470356, 0.0 ], [ -74.474001845694247, 3.971343293589738, 0.0 ], [ -74.474191074012211, 3.971477448470699, 0.0 ], [ -74.474396160289899, 3.97157743641038, 0.0 ], [ -74.47455568401638, 3.971661525600462, 0.0 ], [ -74.474678803515943, 3.971754763657206, 0.0 ], [ -74.474797391913242, 3.971854825048184, 0.0 ], [ -74.474959307853311, 3.971993561003473, 0.0 ], [ -74.475157716953476, 3.972164131134297, 0.0 ], [ -74.475296892042138, 3.972314269741962, 0.0 ], [ -74.475395030291978, 3.972432573238831, 0.0 ], [ -74.47554336819654, 3.972603188982905, 0.0 ], [ -74.475675693631146, 3.972744223454378, 0.0 ], [ -74.475812583405713, 3.97288526148638, 0.0 ], [ -74.47594944802745, 3.973017180206326, 0.0 ], [ -74.476036159706879, 3.973117288044356, 0.0 ], [ -74.476132055761767, 3.973253803112316, 0.0 ], [ -74.476159612481439, 3.973363064259746, 0.0 ], [ -74.476159832568669, 3.973463236579045, 0.0 ], [ -74.476157881427881, 3.97361579098628, 0.0 ], [ -74.476210997912318, 3.973966372435373, 0.0 ], [ -74.47626146885824, 3.974148463129838, 0.0 ], [ -74.476302816514121, 3.974321462291403, 0.0 ], [ -74.476357885935997, 3.974524047072001, 0.0 ], [ -74.476410518228505, 3.974649219277509, 0.0 ], [ -74.476481400694311, 3.974799416579041, 0.0 ], [ -74.476545420929654, 3.974929142999246, 0.0 ], [ -74.476600218161991, 3.9750064990406, 0.0 ], [ -74.476691697200636, 3.97520221732041, 0.0 ], [ -74.476760143435399, 3.975277281870408, 0.0 ], [ -74.476794871405943, 3.975311914636705, 0.0 ], [ -74.476801207223659, 3.975318227145106, 0.0 ], [ -74.476975229758807, 3.975791639149389, 0.0 ], [ -74.476995887417075, 3.975869029163621, 0.0 ], [ -74.477050663988166, 3.975935001281791, 0.0 ], [ -74.477130487385992, 3.976007791328207, 0.0 ], [ -74.477246747350051, 3.976087363454991, 0.0 ], [ -74.477372104553027, 3.976157827970839, 0.0 ], [ -74.477497433908198, 3.976219183085862, 0.0 ], [ -74.477615900134609, 3.976262326576922, 0.0 ], [ -74.477729831665471, 3.976316865545523, 0.0 ], [ -74.477855144850977, 3.976366831442795, 0.0 ], [ -74.477980493070774, 3.976437296830929, 0.0 ], [ -74.478087600998734, 3.976494114704197, 0.0 ], [ -74.478210677379167, 3.976564580977607, 0.0 ], [ -74.478306432398568, 3.976635066960316, 0.0 ], [ -74.478395485985942, 3.976762489083934, 0.0 ], [ -74.478484553048048, 3.976894454679658, 0.0 ], [ -74.478539412264126, 3.977001413129874, 0.0 ], [ -74.478571446187161, 3.977074245201278, 0.0 ], [ -74.478594360413439, 3.977147072785478, 0.0 ], [ -74.478606071749795, 3.977299605003459, 0.0 ], [ -74.478617611507929, 3.977370178746195, 0.0 ], [ -74.478642830811225, 3.977456677097305, 0.0 ], [ -74.478670268953252, 3.977511297536692, 0.0 ], [ -74.478720550354652, 3.977604594077971, 0.0 ], [ -74.47876619465255, 3.977659190311466, 0.0 ], [ -74.4788369324896, 3.977741099441384, 0.0 ], [ -74.478932709068573, 3.977816127914069, 0.0 ], [ -74.479033032021178, 3.977891171614513, 0.0 ], [ -74.479274660866295, 3.978050319081254, 0.0 ], [ -74.479388622041569, 3.978111683912999, 0.0 ], [ -74.479516220541157, 3.978175312417239, 0.0 ], [ -74.479618753349357, 3.978218471040437, 0.0 ], [ -74.479705339264655, 3.97825482518874, 0.0 ], [ -74.47982378662644, 3.978291140800985, 0.0 ], [ -74.479946789345036, 3.978329729945864, 0.0 ], [ -74.480088059304933, 3.978391068768458, 0.0 ], [ -74.480195156453107, 3.978441049774523, 0.0 ], [ -74.480325042063399, 3.978502410992573, 0.0 ], [ -74.480482263407794, 3.978572826909813, 0.0 ], [ -74.480612124763596, 3.97862508143827, 0.0 ], [ -74.480723795234866, 3.978684166420928, 0.0 ], [ -74.48081041798109, 3.978743278283839, 0.0 ], [ -74.480947170313428, 3.978820563171311, 0.0 ], [ -74.48104511812042, 3.978850070706289, 0.0 ], [ -74.481174949831811, 3.978886371057711, 0.0 ], [ -74.481320696096759, 3.97891583019826, 0.0 ], [ -74.481434586305113, 3.978945320702957, 0.0 ], [ -74.481548456750531, 3.978970258764781, 0.0 ], [ -74.481598618675989, 3.979013465738441, 0.0 ], [ -74.481689877627389, 3.979104450939209, 0.0 ], [ -74.48179480444584, 3.979204532945792, 0.0 ], [ -74.481867829393607, 3.979288708284481, 0.0 ], [ -74.482000067691629, 3.979386479099034, 0.0 ], [ -74.482077639013042, 3.979466098395441, 0.0 ], [ -74.482132436245379, 3.97954572485335, 0.0 ], [ -74.482210127941045, 3.979679986833649, 0.0 ], [ -74.482269511971197, 3.979771002429872, 0.0 ], [ -74.482358637423815, 3.979934843561496, 0.0 ], [ -74.482447756588186, 3.980087307155982, 0.0 ], [ -74.482580423382629, 3.980385444143612, 0.0 ], [ -74.482642337068626, 3.980594844432804, 0.0 ], [ -74.482722576386436, 3.980812040259994, 0.0 ], [ -74.482811813230143, 3.981053043986331, 0.0 ], [ -74.482859884775934, 3.98119629049627, 0.0 ], [ -74.482930736699018, 3.981348611369726, 0.0 ], [ -74.483006117927772, 3.98148728389277, 0.0 ], [ -74.483108975926129, 3.981598502029923, 0.0 ], [ -74.483113321077155, 3.981603200529237, 0.0 ], [ -74.483238729484086, 3.981716817636233, 0.0 ], [ -74.483352696947534, 3.981796333650411, 0.0 ], [ -74.483503059654737, 3.981866737636067, 0.0 ], [ -74.483641675991294, 3.981901976816742, 0.0 ], [ -74.483604023106167, 3.981912673224648, 0.0 ], [ -74.483520175255848, 3.981925712160045, 0.0 ], [ -74.483448146539743, 3.981941573061348, 0.0 ], [ -74.483372732971631, 3.981938217887929, 0.0 ], [ -74.483301816369831, 3.981926948842565, 0.0 ], [ -74.483158239536309, 3.981785722374949, 0.0 ], [ -74.483043371062593, 3.981659176564106, 0.0 ], [ -74.48287445365321, 3.981482920551862, 0.0 ], [ -74.482683005598176, 3.981275022431674, 0.0 ], [ -74.482482537559378, 3.981027002829749, 0.0 ], [ -74.482318661495356, 3.980802700605827, 0.0 ], [ -74.48215268337357, 3.980890952357879, 0.0 ], [ -74.482054219035277, 3.980935083159166, 0.0 ], [ -74.482016985663378, 3.980951772120132, 0.0 ], [ -74.482020034545457, 3.980954521501634, 0.0 ], [ -74.482245736260595, 3.981293885439432, 0.0 ], [ -74.482490292715227, 3.981577372673043, 0.0 ], [ -74.482744074867824, 3.981854771387506, 0.0 ], [ -74.48277053115126, 3.981883685564551, 0.0 ], [ -74.48285104176027, 3.981953165615484, 0.0 ], [ -74.482951260508315, 3.982042981916225, 0.0 ], [ -74.482919200534155, 3.982080865617904, 0.0 ], [ -74.482619931288809, 3.982352867569703, 0.0 ], [ -74.48282721394736, 3.982726356166983, 0.0 ], [ -74.483386612841088, 3.982713649714394, 0.0 ], [ -74.483399016778549, 3.98276112035352, 0.0 ], [ -74.483400759510189, 3.98287245929828, 0.0 ], [ -74.483558735439431, 3.983698689111519, 0.0 ], [ -74.483602729532137, 3.983899872704096, 0.0 ], [ -74.483570536607317, 3.984078182161651, 0.0 ], [ -74.48356456191236, 3.984111273189549, 0.0 ], [ -74.483442770122778, 3.984802555982268, 0.0 ], [ -74.483440650996997, 3.984822777462855, 0.0 ], [ -74.483438469887489, 3.984843559928837, 0.0 ], [ -74.483420361648001, 3.985016208244076, 0.0 ], [ -74.483554917599463, 3.985119006638218, 0.0 ], [ -74.483489675655335, 3.985204946774095, 0.0 ], [ -74.483445217133593, 3.985207227458511, 0.0 ], [ -74.483435103900121, 3.985245102053067, 0.0 ], [ -74.483414308799624, 3.985299369791457, 0.0 ], [ -74.483387876770706, 3.985338379794991, 0.0 ], [ -74.483033252439242, 3.985188778558591, 0.0 ], [ -74.482974302295347, 3.985484400017242, 0.0 ], [ -74.48334351796197, 3.985552042671328, 0.0 ], [ -74.483342400457758, 3.985564477548833, 0.0 ], [ -74.483353182037789, 3.985749288160026, 0.0 ], [ -74.483396524851941, 3.985766788928505, 0.0 ], [ -74.483393184915727, 3.985843655554043, 0.0 ], [ -74.48335156596859, 3.985899064938376, 0.0 ], [ -74.483370182654539, 3.985991179413391, 0.0 ], [ -74.483401136802613, 3.985995687905426, 0.0 ], [ -74.483384840465035, 3.986045433660403, 0.0 ], [ -74.483383726554081, 3.986065777881929, 0.0 ], [ -74.483365115258025, 3.986077313024839, 0.0 ], [ -74.483309640695978, 3.986488574996629, 0.0 ], [ -74.483616973219284, 3.986596377261781, 0.0 ], [ -74.483640624962391, 3.986627450973548, 0.0 ], [ -74.483638391750617, 3.986667578402654, 0.0 ], [ -74.483662627398658, 3.986782878660002, 0.0 ], [ -74.483651621239801, 3.986785087648712, 0.0 ], [ -74.483256734417324, 3.986909869961026, 0.0 ], [ -74.482645544054208, 3.987103004524684, 0.0 ], [ -74.481948693040536, 3.98791712950617, 0.0 ], [ -74.480206132967552, 3.989022411989748, 0.0 ], [ -74.479102214874473, 3.989139212949381, 0.0 ], [ -74.478114363607673, 3.988907175672439, 0.0 ], [ -74.477533273993089, 3.988733056713574, 0.0 ], [ -74.474918734545184, 3.988850574625726, 0.0 ], [ -74.474221053488193, 3.987920835046006, 0.0 ], [ -74.473814177749915, 3.987630394155797, 0.0 ], [ -74.474046188333304, 3.986816490237238, 0.0 ], [ -74.473987932587136, 3.986525863455464, 0.0 ], [ -74.473871586384789, 3.986119040094623, 0.0 ], [ -74.473755084773899, 3.985537795792878, 0.0 ], [ -74.473348133577161, 3.985072960106865, 0.0 ], [ -74.472650813642915, 3.984898899481383, 0.0 ], [ -74.471953443403009, 3.984608595529815, 0.0 ], [ -74.470733372245391, 3.98472543923534, 0.0 ], [ -74.469861998334935, 3.98501647977551, 0.0 ], [ -74.469222925163734, 3.985249292418377, 0.0 ], [ -74.468940159766802, 3.986130434542453, 0.0 ], [ -74.467911807057092, 3.986227380093483, 0.0 ], [ -74.467012007756111, 3.986259944999509, 0.0 ], [ -74.466176336488346, 3.986035271407026, 0.0 ], [ -74.465083483842918, 3.985778562449536, 0.0 ], [ -74.464440853343177, 3.98597177255493, 0.0 ], [ -74.463926700793678, 3.986068465412506, 0.0 ], [ -74.463316125776544, 3.986100901280375, 0.0 ], [ -74.461709442178503, 3.986487467365369, 0.0 ], [ -74.46158124180765, 3.987338812375638, 0.0 ], [ -74.461709961404708, 3.987628118854966, 0.0 ], [ -74.462031498089317, 3.988013799731467, 0.0 ], [ -74.462192386356705, 3.988560298057628, 0.0 ], [ -74.462256802749096, 3.988753186691282, 0.0 ], [ -74.462256921326713, 3.989010392973062, 0.0 ], [ -74.462321337719104, 3.989364032660134, 0.0 ], [ -74.462417884154263, 3.989717649791501, 0.0 ], [ -74.462450162419046, 3.990039161734419, 0.0 ], [ -74.462354058853322, 3.990650104425988, 0.0 ], [ -74.462258239155233, 3.991896469982331, 0.0 ], [ -74.462226348962645, 3.99241091186137, 0.0 ], [ -74.462162630561238, 3.993761309618327, 0.0 ], [ -74.462162776088306, 3.994082833419765, 0.0 ], [ -74.462195026505313, 3.994340024590081, 0.0 ], [ -74.462162997073861, 3.994565101859188, 0.0 ], [ -74.462002713372669, 3.995352173279785, 0.0 ], [ -74.46193850269448, 3.995609424093008, 0.0 ], [ -74.462003037664488, 3.996059529481818, 0.0 ], [ -74.462517598049118, 3.996830924353936, 0.0 ], [ -74.462774752477301, 3.996927261961315, 0.0 ], [ -74.463160623807596, 3.997473655779004, 0.0 ], [ -74.463289506898022, 3.998116629551168, 0.0 ], [ -74.463225581884103, 3.999016924253486, 0.0 ], [ -74.463065190385066, 3.99955904931906, 0.0 ], [ -74.462808334197561, 4.000105742481039, 0.0 ], [ -74.462133789250728, 4.000942000524705, 0.0 ], [ -74.46155553112591, 4.001424549897104, 0.0 ], [ -74.460752377074783, 4.002035797751635, 0.0 ], [ -74.460591760996934, 4.002260924882857, 0.0 ], [ -74.460302916700485, 4.003129162482171, 0.0 ], [ -74.460142767746575, 4.004211727477474, 0.0 ], [ -74.459950221950251, 4.004887011005359, 0.0 ], [ -74.459886218782898, 4.0054336271283, 0.0 ], [ -74.459629389544858, 4.006044621075537, 0.0 ], [ -74.459501049935156, 4.006623413398814, 0.0 ], [ -74.459469056436305, 4.006912791932526, 0.0 ], [ -74.459629784803582, 4.006912718450722, 0.0 ], [ -74.459694017041329, 4.006848386031679, 0.0 ], [ -74.459790355965666, 4.006751887393695, 0.0 ], [ -74.459983113764395, 4.006558886498992, 0.0 ], [ -74.460334152919543, 4.006420992460356, 0.0 ], [ -74.460538410950534, 4.006318709316581, 0.0 ], [ -74.460779783775791, 4.006142058931052, 0.0 ], [ -74.460928270800679, 4.005909746876513, 0.0 ], [ -74.461218635944903, 4.005439692971899, 0.0 ], [ -74.461469276688959, 4.00520732426228, 0.0 ], [ -74.461713255526874, 4.004844880739355, 0.0 ], [ -74.461936033225754, 4.004621802853547, 0.0 ], [ -74.462251740742474, 4.004528752230694, 0.0 ], [ -74.462539640011244, 4.004556486312376, 0.0 ], [ -74.462820090449696, 4.004677129422432, 0.0 ], [ -74.463061633056554, 4.004862833641938, 0.0 ], [ -74.463173134644563, 4.005002128581188, 0.0 ], [ -74.463711918999138, 4.005317765832568, 0.0 ], [ -74.464009117627754, 4.005382664720524, 0.0 ], [ -74.464401867358163, 4.005401051333899, 0.0 ], [ -74.464587601229667, 4.005391687764238, 0.0 ], [ -74.464884685772233, 4.005205739919777, 0.0 ], [ -74.465144466874307, 4.004671560920845, 0.0 ], [ -74.465311431346265, 4.004253416883829, 0.0 ], [ -74.465450496840447, 4.003746269708234, 0.0 ], [ -74.465747466398668, 4.003309488520157, 0.0 ], [ -74.465998129600592, 4.00312356529408, 0.0 ], [ -74.466174565010604, 4.00309561519803, 0.0 ], [ -74.466388228402622, 4.003258697139712, 0.0 ], [ -74.466555471352308, 4.003435159065608, 0.0 ], [ -74.466787799041001, 4.003778781047625, 0.0 ], [ -74.466852869406921, 4.003918123665871, 0.0 ], [ -74.466871524720418, 4.004094622190664, 0.0 ], [ -74.466871639704763, 4.004336183638689, 0.0 ], [ -74.466797448743762, 4.004566206548179, 0.0 ], [ -74.466723269460857, 4.00479850106173, 0.0 ], [ -74.466618324676119, 4.005245573408305, 0.0 ], [ -74.466616987084649, 4.005269543756407, 0.0 ], [ -74.466622339247124, 4.005345491822448, 0.0 ], [ -74.466622355416789, 4.005378288064846, 0.0 ], [ -74.466625065634005, 4.005408919277338, 0.0 ], [ -74.466626424785019, 4.005428896505078, 0.0 ], [ -74.466630389948691, 4.005443556149872, 0.0 ], [ -74.466639688410197, 4.005459536676862, 0.0 ], [ -74.466654380356687, 4.005482187032432, 0.0 ], [ -74.466669069608201, 4.005502157089395, 0.0 ], [ -74.46667034880916, 4.005515478824244, 0.0 ], [ -74.466682336826636, 4.005522135210998, 0.0 ], [ -74.466693342087183, 4.005531045341955, 0.0 ], [ -74.466839769275111, 4.005530977236738, 0.0 ], [ -74.467181288084888, 4.005384356597249, 0.0 ], [ -74.467571514447684, 4.004993581373708, 0.0 ], [ -74.467815561557558, 4.005091120616121, 0.0 ], [ -74.468547681327593, 4.005334895189369, 0.0 ], [ -74.468927575267969, 4.005284736596245, 0.0 ], [ -74.469084467828978, 4.005236983189561, 0.0 ], [ -74.469230795303929, 4.005041624241834, 0.0 ], [ -74.469425927349945, 4.004797422131096, 0.0 ], [ -74.469572291655822, 4.004699700940932, 0.0 ], [ -74.469767465024319, 4.004699607744242, 0.0 ], [ -74.470011505845989, 4.00479714702173, 0.0 ], [ -74.470353259116038, 4.004992273036204, 0.0 ], [ -74.470743749583534, 4.005138570246157, 0.0 ], [ -74.470890112092775, 4.005040841927732, 0.0 ], [ -74.470938780119923, 4.004845538492732, 0.0 ], [ -74.471377862257754, 4.004503558654213, 0.0 ], [ -74.471963543161749, 4.004698570931213, 0.0 ], [ -74.472451826027708, 4.005137762840748, 0.0 ], [ -74.47285664462396, 4.005186375633599, 0.0 ], [ -74.473247010225634, 4.005088553228133, 0.0 ], [ -74.473637331809826, 4.004893087606498, 0.0 ], [ -74.474125216722101, 4.004648736695202, 0.0 ], [ -74.47475975250282, 4.004746060909473, 0.0 ], [ -74.474906285691986, 4.005136592506202, 0.0 ], [ -74.474955343587951, 4.005624795721225, 0.0 ], [ -74.474663193491239, 4.007068843057609, 0.0 ], [ -74.474712078910699, 4.007166478833482, 0.0 ], [ -74.474858652524034, 4.007508170800899, 0.0 ], [ -74.475346835676987, 4.007898514686405, 0.0 ], [ -74.475444685567624, 4.008435527790913, 0.0 ], [ -74.47539615677934, 4.008923771154434, 0.0 ], [ -74.475298748859828, 4.009460860651565, 0.0 ], [ -74.475640573995108, 4.009802459360132, 0.0 ], [ -74.475738306206438, 4.010095352231761, 0.0 ], [ -74.475787223965256, 4.010290615880083, 0.0 ], [ -74.475884969651304, 4.010632331632999, 0.0 ], [ -74.476031413907251, 4.010681077620381, 0.0 ], [ -74.476177803365943, 4.010632193631225, 0.0 ], [ -74.476275304710242, 4.010436839556846, 0.0 ], [ -74.476762979416748, 4.009753089623395, 0.0 ], [ -74.476958089004881, 4.009460062211619, 0.0 ], [ -74.47734837914804, 4.009215751197735, 0.0 ], [ -74.477738617188948, 4.008824993038723, 0.0 ], [ -74.478226569474856, 4.008727097586781, 0.0 ], [ -74.478275498911771, 4.008922387549358, 0.0 ], [ -74.478470762111826, 4.009117580684669, 0.0 ], [ -74.47851975712571, 4.009459310369712, 0.0 ], [ -74.478129592746683, 4.009996541101345, 0.0 ], [ -74.478032028520303, 4.010191885423699, 0.0 ], [ -74.478032147996231, 4.010435997208171, 0.0 ], [ -74.477934671804761, 4.010680160894398, 0.0 ], [ -74.477886054981582, 4.010973125140639, 0.0 ], [ -74.477593550050344, 4.011656782649625, 0.0 ], [ -74.477593643475132, 4.011852087146053, 0.0 ], [ -74.477496205911208, 4.012145058141011, 0.0 ], [ -74.477496346048397, 4.012437998563027, 0.0 ], [ -74.477252674434311, 4.013310204096602, 0.0 ], [ -74.47734227689233, 4.016337019021458, 0.0 ], [ -74.477391340178201, 4.016825222713502, 0.0 ], [ -74.477148008127301, 4.018220447366187, 0.0 ], [ -74.477001913316016, 4.018904027117062, 0.0 ], [ -74.476221368063946, 4.019539104580137, 0.0 ], [ -74.476075066640149, 4.019783300491554, 0.0 ], [ -74.476026418375952, 4.020173893002787, 0.0 ], [ -74.476026559411451, 4.020466831438712, 0.0 ], [ -74.476026675294122, 4.020710950903397, 0.0 ], [ -74.475880454718691, 4.020955130333917, 0.0 ], [ -74.475636467795937, 4.021150539241289, 0.0 ], [ -74.475587830311525, 4.021394671046627, 0.0 ], [ -74.475734360805717, 4.021638717649053, 0.0 ], [ -74.47592968059962, 4.021931565948211, 0.0 ], [ -74.475832269086851, 4.022296738584577, 0.0 ], [ -74.475539629408317, 4.022736300976178, 0.0 ], [ -74.474320003815066, 4.023566860845809, 0.0 ], [ -74.474222407249329, 4.023713390401934, 0.0 ], [ -74.474222639912995, 4.024201619247915, 0.0 ], [ -74.473686024989817, 4.024690080787208, 0.0 ], [ -74.473490941452823, 4.024885478941582, 0.0 ], [ -74.473539920297057, 4.025178381631686, 0.0 ], [ -74.47354005863761, 4.025471320060384, 0.0 ], [ -74.473540176316916, 4.025715438921489, 0.0 ], [ -74.473442620175391, 4.025959597137772, 0.0 ], [ -74.473540383827753, 4.02615483637806, 0.0 ], [ -74.47339408689551, 4.026422421153966, 0.0 ], [ -74.47310134031747, 4.026617847567683, 0.0 ], [ -74.472906281034994, 4.027008519242758, 0.0 ], [ -74.472808851555897, 4.027350333730102, 0.0 ], [ -74.472369665213506, 4.0274970023964, 0.0 ], [ -74.471979280747206, 4.02759484989461, 0.0 ], [ -74.471686613220911, 4.027790268858069, 0.0 ], [ -74.471491430869236, 4.027936820952546, 0.0 ], [ -74.471589110079975, 4.028132077640415, 0.0 ], [ -74.471638005380882, 4.02827851945356, 0.0 ], [ -74.471589455033055, 4.028864402038666, 0.0 ], [ -74.47129701747545, 4.029548083076035, 0.0 ], [ -74.470272370316295, 4.030006678175186, 0.0 ], [ -74.47012608057058, 4.030299671319578, 0.0 ], [ -74.469930900015555, 4.030446239091632, 0.0 ], [ -74.469882212225471, 4.030592727981046, 0.0 ], [ -74.469882304751934, 4.030788017186842, 0.0 ], [ -74.469833606182064, 4.031080980478636, 0.0 ], [ -74.469736139872055, 4.031325144253372, 0.0 ], [ -74.469638521746774, 4.031422844331892, 0.0 ], [ -74.47002927003075, 4.032106173742378, 0.0 ], [ -74.470859273827401, 4.032789287516534, 0.0 ], [ -74.471054814606873, 4.033375083514944, 0.0 ], [ -74.471006240004499, 4.033912143457266, 0.0 ], [ -74.470713643445109, 4.034449341042266, 0.0 ], [ -74.469932902360313, 4.034693821916535, 0.0 ], [ -74.46934735889856, 4.034840574386516, 0.0 ], [ -74.4692987842962, 4.035377641424784, 0.0 ], [ -74.469006264093608, 4.036061311606728, 0.0 ], [ -74.468633730948653, 4.03637507655489, 0.0 ], [ -74.468633578235043, 4.03637515272228, 0.0 ], [ -74.468485331958661, 4.036467164729594, 0.0 ], [ -74.468485046294404, 4.036467334986098, 0.0 ], [ -74.468393878072845, 4.036501869281023, 0.0 ], [ -74.468285817930692, 4.03650757108215, 0.0 ], [ -74.468200671116477, 4.036513235247558, 0.0 ], [ -74.468200272264511, 4.036513263026255, 0.0 ], [ -74.468199395508776, 4.036513323960149, 0.0 ], [ -74.468028617688432, 4.036525213241322, 0.0 ], [ -74.467903107771889, 4.036519621659009, 0.0 ], [ -74.467692047697568, 4.03651407040057, 0.0 ], [ -74.467464775727308, 4.036491129679098, 0.0 ], [ -74.467463530662314, 4.03649100422694, 0.0 ], [ -74.467321147689788, 4.036508594413418, 0.0 ], [ -74.467092658502338, 4.036543177095267, 0.0 ], [ -74.466887253322724, 4.036594705673823, 0.0 ], [ -74.466704920472893, 4.036646225288266, 0.0 ], [ -74.466556366972654, 4.036709594750055, 0.0 ], [ -74.466357159270203, 4.036772991089476, 0.0 ], [ -74.46610561392265, 4.036836408930021, 0.0 ], [ -74.465883320415713, 4.036899259542873, 0.0 ], [ -74.465726709925704, 4.03695920503867, 0.0 ], [ -74.465724885447358, 4.036959903090006, 0.0 ], [ -74.465723911673592, 4.03696027675802, 0.0 ], [ -74.465598024464626, 4.037008462907996, 0.0 ], [ -74.465597995718539, 4.037008470972737, 0.0 ], [ -74.465443832239359, 4.037048666718086, 0.0 ], [ -74.464891422238537, 4.03711213292577, 0.0 ], [ -74.464890611958168, 4.037112225222643, 0.0 ], [ -74.46488856290101, 4.037112226118745, 0.0 ], [ -74.464702065461495, 4.037112315727361, 0.0 ], [ -74.46445667357365, 4.037106779706463, 0.0 ], [ -74.464176941787443, 4.037084303174415, 0.0 ], [ -74.463997983908101, 4.037056635613743, 0.0 ], [ -74.463994577496535, 4.037056108715014, 0.0 ], [ -74.463954610551241, 4.037049932888062, 0.0 ], [ -74.463954582703465, 4.037049928407653, 0.0 ], [ -74.463903853941062, 4.03704220593566, 0.0 ], [ -74.463899616587867, 4.0370415598574, 0.0 ], [ -74.463691756312585, 4.037009926217034, 0.0 ], [ -74.463691392494894, 4.037009926217034, 0.0 ] ], [ [ -74.479714745524007, 3.978756423911299, 0.0 ], [ -74.479600449277129, 3.978682711969009, 0.0 ], [ -74.479448983438772, 3.978733499492573, 0.0 ], [ -74.479443766921904, 3.978737749933116, 0.0 ], [ -74.479280528661747, 3.97887079955406, 0.0 ], [ -74.479261370291681, 3.978887989504741, 0.0 ], [ -74.479326761356148, 3.978927653105544, 0.0 ], [ -74.479475781980327, 3.97899781627213, 0.0 ], [ -74.47949163544844, 3.979007753678791, 0.0 ], [ -74.479536612298091, 3.97903595551666, 0.0 ], [ -74.479722156625087, 3.979183961828737, 0.0 ], [ -74.479758795312264, 3.979211877788823, 0.0 ], [ -74.479906808026698, 3.979324646572155, 0.0 ], [ -74.479922092861244, 3.979309558101418, 0.0 ], [ -74.479926430825742, 3.979305273610136, 0.0 ], [ -74.480179047863416, 3.979055867967213, 0.0 ], [ -74.480032520064171, 3.978961367164716, 0.0 ], [ -74.480012487633331, 3.978948447370315, 0.0 ], [ -74.479996654826451, 3.97893823663718, 0.0 ], [ -74.479735941273134, 3.978770093786431, 0.0 ], [ -74.479724463498741, 3.978762691585812, 0.0 ], [ -74.479714745524007, 3.978756423911299, 0.0 ] ] ], [ [ [ -74.484981986649714, 3.982482275564681, 0.0 ], [ -74.484939422674913, 3.982423246415682, 0.0 ], [ -74.484944970670114, 3.982427451133716, 0.0 ], [ -74.485056767803854, 3.98256609927903, 0.0 ], [ -74.485186869009809, 3.982752496742005, 0.0 ], [ -74.48530326821276, 3.982913881841086, 0.0 ], [ -74.485410649228555, 3.9831253085681, 0.0 ], [ -74.485456669920552, 3.983384539209985, 0.0 ], [ -74.485482313228658, 3.983696091187663, 0.0 ], [ -74.485468958873653, 3.983857563027684, 0.0 ], [ -74.485460180536705, 3.984028145040741, 0.0 ], [ -74.485449094427764, 3.984180522743279, 0.0 ], [ -74.48542899372498, 3.984378387796447, 0.0 ], [ -74.485372482507088, 3.984587658024985, 0.0 ], [ -74.485331953216416, 3.984815117227345, 0.0 ], [ -74.485282607859531, 3.985199488365945, 0.0 ], [ -74.485260314369143, 3.985442845870844, 0.0 ], [ -74.485192623617536, 3.985749913667553, 0.0 ], [ -74.485177403461662, 3.986125175084016, 0.0 ], [ -74.485164194633725, 3.986357156689419, 0.0 ], [ -74.485187344218602, 3.986559544942245, 0.0 ], [ -74.485187927225226, 3.986561560364954, 0.0 ], [ -74.485054426794207, 3.986574583992277, 0.0 ], [ -74.485050362815869, 3.98655046433829, 0.0 ], [ -74.485044711514419, 3.986504685833463, 0.0 ], [ -74.485022250937376, 3.986379599667569, 0.0 ], [ -74.485021574505964, 3.986375834079268, 0.0 ], [ -74.485006905915697, 3.986300107396092, 0.0 ], [ -74.484987177115414, 3.986231163605279, 0.0 ], [ -74.484973075362092, 3.986167304519183, 0.0 ], [ -74.484959537750754, 3.9861040099977, 0.0 ], [ -74.484951633474566, 3.986052015825326, 0.0 ], [ -74.484942041263977, 3.986003980806441, 0.0 ], [ -74.484935264373476, 3.985953682129131, 0.0 ], [ -74.484929614868648, 3.98590846905698, 0.0 ], [ -74.484927348419177, 3.985866092273205, 0.0 ], [ -74.48492957354614, 3.985827082294709, 0.0 ], [ -74.484928434482356, 3.98579486776323, 0.0 ], [ -74.484928413821109, 3.985749087424089, 0.0 ], [ -74.484924446860816, 3.985695395038956, 0.0 ], [ -74.484929482816298, 3.985634917953875, 0.0 ], [ -74.484933775865059, 3.985578517417841, 0.0 ], [ -74.484933956426417, 3.985576138158748, 0.0 ], [ -74.484941804108743, 3.985511700113484, 0.0 ], [ -74.484950186288657, 3.985389052201584, 0.0 ], [ -74.484953540597914, 3.985343270943694, 0.0 ], [ -74.484954645525718, 3.985296922424691, 0.0 ], [ -74.484972570508901, 3.985123967687372, 0.0 ], [ -74.484972550745965, 3.985086100256404, 0.0 ], [ -74.484980408309752, 3.985040882655817, 0.0 ], [ -74.484988265873554, 3.984995097793952, 0.0 ], [ -74.484994438197859, 3.984957225876316, 0.0 ], [ -74.485002287676807, 3.984898442448193, 0.0 ], [ -74.485009016058285, 3.984841356311804, 0.0 ], [ -74.485019686247227, 3.984797831513089, 0.0 ], [ -74.48502866940008, 3.984754307608199, 0.0 ], [ -74.485037650756283, 3.984705132618696, 0.0 ], [ -74.485044382731033, 3.984663869679623, 0.0 ], [ -74.485046050902511, 3.984620348456093, 0.0 ], [ -74.485053340731042, 3.984567218775649, 0.0 ], [ -74.485064572367037, 3.984515781907662, 0.0 ], [ -74.48508199339534, 3.984464904230308, 0.0 ], [ -74.485091662861066, 3.984389367353717, 0.0 ], [ -74.485097691454939, 3.984342251681592, 0.0 ], [ -74.485113984199245, 3.984281203653143, 0.0 ], [ -74.485126330644491, 3.984212244458611, 0.0 ], [ -74.485134745163776, 3.984152895510182, 0.0 ], [ -74.485142595541049, 3.984097505723383, 0.0 ], [ -74.485146513992305, 3.984050591667026, 0.0 ], [ -74.485161667672841, 3.983964676502588, 0.0 ], [ -74.485166145774528, 3.983917197867573, 0.0 ], [ -74.485172870562735, 3.983856720651707, 0.0 ], [ -74.485173966507389, 3.983794547925627, 0.0 ], [ -74.485174486631934, 3.983705813462864, 0.0 ], [ -74.485177820279972, 3.983621599145435, 0.0 ], [ -74.485176658758292, 3.983543604065724, 0.0 ], [ -74.48517492141653, 3.983445827471848, 0.0 ], [ -74.485172645085598, 3.983388743923095, 0.0 ], [ -74.485173672758293, 3.983324770805857, 0.0 ], [ -74.48517373653867, 3.983320922758241, 0.0 ], [ -74.485171456614495, 3.983261011862375, 0.0 ], [ -74.485155628299182, 3.983116333671381, 0.0 ], [ -74.485143756164391, 3.983004996551916, 0.0 ], [ -74.485141486121677, 3.982962608864843, 0.0 ], [ -74.485132459849694, 3.982919092032044, 0.0 ], [ -74.485127943120446, 3.982890271090504, 0.0 ], [ -74.485118358096372, 3.982853538077211, 0.0 ], [ -74.485116091646901, 3.982822454365271, 0.0 ], [ -74.485109321044604, 3.982785721348951, 0.0 ], [ -74.485101429344823, 3.982759160482571, 0.0 ], [ -74.485094664132419, 3.982735424267135, 0.0 ], [ -74.48508902450908, 3.982712257103667, 0.0 ], [ -74.485082259296675, 3.982686260806862, 0.0 ], [ -74.485075494084256, 3.982664786461678, 0.0 ], [ -74.485064222024079, 3.98262579425429, 0.0 ], [ -74.485051822578214, 3.982586236576861, 0.0 ], [ -74.485034918979508, 3.982547247054167, 0.0 ], [ -74.485014079861543, 3.982516173188269, 0.0 ], [ -74.484981986649714, 3.982482275564681, 0.0 ] ] ], [ [ [ -74.468683544327774, 4.036350035401327, 0.0 ], [ -74.468724705134107, 4.036329305322147, 0.0 ], [ -74.468724164348302, 4.036329615368292, 0.0 ], [ -74.468683544327774, 4.036350035401327, 0.0 ] ] ] ] } },
{ "type": "Feature", "properties": { "OBJECTID": 6816, "DPTOMPIO": "25120", "CODIGO_VER": "25120008", "NOM_DEP": "CUNDINAMARCA", "NOMB_MPIO": "CABRERA", "NOMBRE_VER": "NUÑEZ", "VIGENCIA": "2010", "FUENTE": "EOT CABRERA", "DESCRIPCIO": "NULL", "SEUDONIMOS": "NULL", "AREA_HA": 6646.7556294300002, "COD_DPTO": "25", "ShapeSTAre": 67213577.561279297, "ShapeSTLen": 38341.232526580621 }, "geometry": { "type": "Polygon", "coordinates": [ [ [ -74.460962244186405, 3.885496952775613, 0.0 ], [ -74.460956828243567, 3.885481574909832, 0.0 ], [ -74.46087119723741, 3.88529674115107, 0.0 ], [ -74.460767373550141, 3.885111815037983, 0.0 ], [ -74.460683821245553, 3.884972526884293, 0.0 ], [ -74.460556980025757, 3.884842111594276, 0.0 ], [ -74.460414220659132, 3.884713887618486, 0.0 ], [ -74.460291797353889, 3.884615369876772, 0.0 ], [ -74.460158003173788, 3.884516792970913, 0.0 ], [ -74.460033301740992, 3.884418267139904, 0.0 ], [ -74.459926984330494, 3.884281132564725, 0.0 ], [ -74.45981379211311, 3.884153062659074, 0.0 ], [ -74.459725546111173, 3.884043339012965, 0.0 ], [ -74.459666878936602, 3.883936043299605, 0.0 ], [ -74.459547089491778, 3.883757862083299, 0.0 ], [ -74.459470377858096, 3.883614052112399, 0.0 ], [ -74.459371283800778, 3.883388174948815, 0.0 ], [ -74.459303606523903, 3.88325806234739, 0.0 ], [ -74.459199712768054, 3.88308906489282, 0.0 ], [ -74.459088876831657, 3.882942803555517, 0.0 ], [ -74.458980107918748, 3.88284435013729, 0.0 ], [ -74.458823532463015, 3.882752483273711, 0.0 ], [ -74.458662199529584, 3.882703859733524, 0.0 ], [ -74.458559915554702, 3.882680564313769, 0.0 ], [ -74.458459824367438, 3.882675499585441, 0.0 ], [ -74.458355132907585, 3.88268178052975, 0.0 ], [ -74.458261845560273, 3.882681295656619, 0.0 ], [ -74.458132203393404, 3.882669249113721, 0.0 ], [ -74.458013945576155, 3.882657260827122, 0.0 ], [ -74.45794802630229, 3.882643257762501, 0.0 ], [ -74.457832264004892, 3.882581202960077, 0.0 ], [ -74.45777778297952, 3.882551325450536, 0.0 ], [ -74.457730170472857, 3.882514660611148, 0.0 ], [ -74.457641794215192, 3.882434529258096, 0.0 ], [ -74.457569399884775, 3.882343089863038, 0.0 ], [ -74.457485626594632, 3.882251601164078, 0.0 ], [ -74.457374699030083, 3.882128099157398, 0.0 ], [ -74.457284297969778, 3.881991050250548, 0.0 ], [ -74.457180326060481, 3.88183799063374, 0.0 ], [ -74.457035211311165, 3.881725691747618, 0.0 ], [ -74.456896826739978, 3.881636195355679, 0.0 ], [ -74.45681052289568, 3.881601600824725, 0.0 ], [ -74.456712929923214, 3.881546467720585, 0.0 ], [ -74.456583658760565, 3.881452470318242, 0.0 ], [ -74.456502047715333, 3.881386028260905, 0.0 ], [ -74.456413764882456, 3.881285407516665, 0.0 ], [ -74.456368475419097, 3.88123964563418, 0.0 ], [ -74.456314255803477, 3.881152869324931, 0.0 ], [ -74.456237541474863, 3.881011325539838, 0.0 ], [ -74.456140340167863, 3.880869680454129, 0.0 ], [ -74.456104395878398, 3.880767059206133, 0.0 ], [ -74.455748750162456, 3.880416922584137, 0.0 ], [ -74.455446482340719, 3.880340240721155, 0.0 ], [ -74.454899018463848, 3.88014392300289, 0.0 ], [ -74.45463119115179, 3.879996841080966, 0.0 ], [ -74.454395492984162, 3.879790747812968, 0.0 ], [ -74.454200994250428, 3.879532503105325, 0.0 ], [ -74.454061458039035, 3.879192594954723, 0.0 ], [ -74.453943537988309, 3.878602373554551, 0.0 ], [ -74.453823160146982, 3.878053128675992, 0.0 ], [ -74.453677572883819, 3.877540172068663, 0.0 ], [ -74.453583962143028, 3.877109434404109, 0.0 ], [ -74.453444945157841, 3.876655698492471, 0.0 ], [ -74.45333027251688, 3.876352343157134, 0.0 ], [ -74.453233333517943, 3.876153786550351, 0.0 ], [ -74.453070179699424, 3.876007251549281, 0.0 ], [ -74.452852147800158, 3.875919622358888, 0.0 ], [ -74.452500744827333, 3.875745354319104, 0.0 ], [ -74.452365815176705, 3.875429908990599, 0.0 ], [ -74.452320794309628, 3.875204575462268, 0.0 ], [ -74.452365657971541, 3.875069341258512, 0.0 ], [ -74.452455471533639, 3.874934081041558, 0.0 ], [ -74.45276994296853, 3.87484379522007, 0.0 ], [ -74.453084531184402, 3.875023952780512, 0.0 ], [ -74.453354159618598, 3.875159049863534, 0.0 ], [ -74.453399979986301, 3.875201191179205, 0.0 ], [ -74.453439129464698, 3.875246956973708, 0.0 ], [ -74.453504378595369, 3.875292718284457, 0.0 ], [ -74.453592654241703, 3.875307760237699, 0.0 ], [ -74.454308828915458, 3.875352182530869, 0.0 ], [ -74.454801208997409, 3.875396701617884, 0.0 ], [ -74.454935447843567, 3.875307173186564, 0.0 ], [ -74.455517286653077, 3.875217445775762, 0.0 ], [ -74.456099006884983, 3.874859298756145, 0.0 ], [ -74.456994008284028, 3.874411535225116, 0.0 ], [ -74.458381197525554, 3.873605659757272, 0.0 ], [ -74.459723808769411, 3.87320243806813, 0.0 ], [ -74.461200912184353, 3.873273983196438, 0.0 ], [ -74.462185782841047, 3.873631435387015, 0.0 ], [ -74.463170490004345, 3.873630991736799, 0.0 ], [ -74.463573388900869, 3.873765019800572, 0.0 ], [ -74.464423795234239, 3.873719902820318, 0.0 ], [ -74.465453126209283, 3.873406282424854, 0.0 ], [ -74.46718449327382, 3.870751615382797, 0.0 ], [ -74.468661443975165, 3.868097085214192, 0.0 ], [ -74.469749521176539, 3.865676886799116, 0.0 ], [ -74.470370835552913, 3.863334953084053, 0.0 ], [ -74.470914452843729, 3.861227230516495, 0.0 ], [ -74.471250948274431, 3.85948353955509, 0.0 ], [ -74.471342805503795, 3.856301741253859, 0.0 ], [ -74.471723327366576, 3.85200245953825, 0.0 ], [ -74.472005050717769, 3.849405205448467, 0.0 ], [ -74.472485053811738, 3.846074134136586, 0.0 ], [ -74.473347595486302, 3.842028970764606, 0.0 ], [ -74.473926516567772, 3.83981476623597, 0.0 ], [ -74.474846542335698, 3.836266226176301, 0.0 ], [ -74.475679835762918, 3.833569381409083, 0.0 ], [ -74.476784890224835, 3.830803226487157, 0.0 ], [ -74.477646900995069, 3.82907141303914, 0.0 ], [ -74.478834218679125, 3.827282687456953, 0.0 ], [ -74.480182816296036, 3.825723704828919, 0.0 ], [ -74.482020820571321, 3.824062393334996, 0.0 ], [ -74.485181268912342, 3.82177981063342, 0.0 ], [ -74.488376924924282, 3.819748869934121, 0.0 ], [ -74.491426010017832, 3.817993831074111, 0.0 ], [ -74.493616575194366, 3.816916935887373, 0.0 ], [ -74.494522427343711, 3.81787226386753, 0.0 ], [ -74.496330996522076, 3.818478875353739, 0.0 ], [ -74.49634801151187, 3.818484581333632, 0.0 ], [ -74.497418018202993, 3.819262324139398, 0.0 ], [ -74.499331612116151, 3.820323953861691, 0.0 ], [ -74.501476912083845, 3.821145265929309, 0.0 ], [ -74.502187355506052, 3.821317669147264, 0.0 ], [ -74.503313129610021, 3.821590867755943, 0.0 ], [ -74.505765038058897, 3.823442916493651, 0.0 ], [ -74.506022309268062, 3.823694590302404, 0.0 ], [ -74.507085699867091, 3.824734849089232, 0.0 ], [ -74.5080897199107, 3.826305010538372, 0.0 ], [ -74.508786590687308, 3.826873241346181, 0.0 ], [ -74.509832816277893, 3.827301700023921, 0.0 ], [ -74.510919263935335, 3.827342438292358, 0.0 ], [ -74.512944074670585, 3.827418346935042, 0.0 ], [ -74.513968560132994, 3.827456754787541, 0.0 ], [ -74.514647736793435, 3.827425650082858, 0.0 ], [ -74.514653349467338, 3.827425393737708, 0.0 ], [ -74.515241304905629, 3.827398465844605, 0.0 ], [ -74.516698724436054, 3.827583111420569, 0.0 ], [ -74.518127457166202, 3.82777850910758, 0.0 ], [ -74.518805042011977, 3.827693878490364, 0.0 ], [ -74.518806094837487, 3.827693745836311, 0.0 ], [ -74.519331506870742, 3.827628122392503, 0.0 ], [ -74.520506964098132, 3.827684043265002, 0.0 ], [ -74.522068500166611, 3.828013303208826, 0.0 ], [ -74.522068554065541, 3.828013313068253, 0.0 ], [ -74.52322232686025, 3.82819057111715, 0.0 ], [ -74.523810134974852, 3.828280879814294, 0.0 ], [ -74.523810170009142, 3.828280885192154, 0.0 ], [ -74.524776477878802, 3.828436724050311, 0.0 ], [ -74.524825817845766, 3.828444680599946, 0.0 ], [ -74.525389172021704, 3.828535534227108, 0.0 ], [ -74.525528602231887, 3.828568708472425, 0.0 ], [ -74.526316010612732, 3.828756043623326, 0.0 ], [ -74.527597323516559, 3.828956022980001, 0.0 ], [ -74.528078774694748, 3.829119234760831, 0.0 ], [ -74.528787451130825, 3.82935947626463, 0.0 ], [ -74.528795616816765, 3.829362244068947, 0.0 ], [ -74.529300240037728, 3.829533309236211, 0.0 ], [ -74.529300277766964, 3.829533322680849, 0.0 ], [ -74.53040683421203, 3.830186101953992, 0.0 ], [ -74.531083827068031, 3.830202899677397, 0.0 ], [ -74.531789911864493, 3.830220419825376, 0.0 ], [ -74.53334125834273, 3.830313992664647, 0.0 ], [ -74.534964223905277, 3.830812387652934, 0.0 ], [ -74.535108461000576, 3.830856681408616, 0.0 ], [ -74.535235533087402, 3.830895702181571, 0.0 ], [ -74.535265920398516, 3.830905293574262, 0.0 ], [ -74.537099055804958, 3.831850444530012, 0.0 ], [ -74.538852555561462, 3.832232710449379, 0.0 ], [ -74.541202480072741, 3.832580186965448, 0.0 ], [ -74.54148755144503, 3.833254288817056, 0.0 ], [ -74.541396313154877, 3.834160330509454, 0.0 ], [ -74.541208867094426, 3.835083377708006, 0.0 ], [ -74.541020389768036, 3.836183907066765, 0.0 ], [ -74.54098115405138, 3.836464814508493, 0.0 ], [ -74.540697490339156, 3.837386783656318, 0.0 ], [ -74.540537879476105, 3.838515643886701, 0.0 ], [ -74.540536502358776, 3.838525383979675, 0.0 ], [ -74.54046316928887, 3.839044030550005, 0.0 ], [ -74.540396826908506, 3.839384930838356, 0.0 ], [ -74.540395615979506, 3.839391153843493, 0.0 ], [ -74.540302678076827, 3.839868723417343, 0.0 ], [ -74.540224116811984, 3.840270611992576, 0.0 ], [ -74.540013710711179, 3.841405617007671, 0.0 ], [ -74.539694029945963, 3.84338392425542, 0.0 ], [ -74.53944257442997, 3.844822316933787, 0.0 ], [ -74.539426441585775, 3.844914599303566, 0.0 ], [ -74.539418996348701, 3.844949156789811, 0.0 ], [ -74.539418984670604, 3.844949215048896, 0.0 ], [ -74.539376362305319, 3.845146990215404, 0.0 ], [ -74.539210338369443, 3.845917355596448, 0.0 ], [ -74.539244497706434, 3.846357198385902, 0.0 ], [ -74.53930268697728, 3.847106455915144, 0.0 ], [ -74.53928258447786, 3.848461214907215, 0.0 ], [ -74.538987162716893, 3.849497923814407, 0.0 ], [ -74.538793661113118, 3.850175419987736, 0.0 ], [ -74.53879178902406, 3.850181971851732, 0.0 ], [ -74.53879032117689, 3.850187115647516, 0.0 ], [ -74.538709156594351, 3.850471322192919, 0.0 ], [ -74.538693652570856, 3.85054715618016, 0.0 ], [ -74.538693364211639, 3.850548569625429, 0.0 ], [ -74.538641237670646, 3.850803687050633, 0.0 ], [ -74.53857175298343, 3.851348563149141, 0.0 ], [ -74.538543230574845, 3.851670139962996, 0.0 ], [ -74.538543227879899, 3.851670167747876, 0.0 ], [ -74.5385183670044, 3.852542260997986, 0.0 ], [ -74.538369244870623, 3.85359755386958, 0.0 ], [ -74.538131080827526, 3.854376483659358, 0.0 ], [ -74.537780400100189, 3.855200159642514, 0.0 ], [ -74.537780376743996, 3.855200196390083, 0.0 ], [ -74.536994902435964, 3.85629590735838, 0.0 ], [ -74.536826533897212, 3.856449882211704, 0.0 ], [ -74.536814990545821, 3.856460438611835, 0.0 ], [ -74.535975228350225, 3.857228441017005, 0.0 ], [ -74.535490988801371, 3.857858545620993, 0.0 ], [ -74.535490859443968, 3.857858715017857, 0.0 ], [ -74.535168313951317, 3.858278418513465, 0.0 ], [ -74.535037922589524, 3.858689589227063, 0.0 ], [ -74.535037175191192, 3.858691946440459, 0.0 ], [ -74.535034434431282, 3.858700588361092, 0.0 ], [ -74.534861591384086, 3.859245615351602, 0.0 ], [ -74.534356548649868, 3.860802968222731, 0.0 ], [ -74.534292055900693, 3.861029225160243, 0.0 ], [ -74.534207289972159, 3.861326604235611, 0.0 ], [ -74.533742649866184, 3.862956651001324, 0.0 ], [ -74.533742629204923, 3.862956701192665, 0.0 ], [ -74.533595413296155, 3.863288469626837, 0.0 ], [ -74.533595402516383, 3.86328849561875, 0.0 ], [ -74.532127635292198, 3.867100318868593, 0.0 ], [ -74.532008475566386, 3.867351876716931, 0.0 ], [ -74.530856366451573, 3.869012448647211, 0.0 ], [ -74.530826039327579, 3.869228285178611, 0.0 ], [ -74.530825936919641, 3.869229011155471, 0.0 ], [ -74.530694349900173, 3.870165510024021, 0.0 ], [ -74.530645197681096, 3.870516104400695, 0.0 ], [ -74.53039410688109, 3.872307124119074, 0.0 ], [ -74.530393611011036, 3.872310659882389, 0.0 ], [ -74.530349012352147, 3.872628773655892, 0.0 ], [ -74.530349474086208, 3.873510559964475, 0.0 ], [ -74.530349662732405, 3.873871052178579, 0.0 ], [ -74.530088224238639, 3.875362148955764, 0.0 ], [ -74.5291287821927, 3.8774679721359, 0.0 ], [ -74.527645457046106, 3.87957350326814, 0.0 ], [ -74.527159795464158, 3.880595053418942, 0.0 ], [ -74.526952013342296, 3.881032106113479, 0.0 ], [ -74.526950324509571, 3.881035657972882, 0.0 ], [ -74.526685961101236, 3.881591723202608, 0.0 ], [ -74.526026568936615, 3.882254401957579, 0.0 ], [ -74.526021243723605, 3.882259753489703, 0.0 ], [ -74.526020076812046, 3.882260926686074, 0.0 ], [ -74.525463829208334, 3.882819946056081, 0.0 ], [ -74.525122250211439, 3.884310421175661, 0.0 ], [ -74.525120704210835, 3.884317160988683, 0.0 ], [ -74.524941126493971, 3.885100743650745, 0.0 ], [ -74.524941813705155, 3.886416497193914, 0.0 ], [ -74.524941818196737, 3.88641654021388, 0.0 ], [ -74.525467063143367, 3.889047728351332, 0.0 ], [ -74.525468601957442, 3.892010090944166, 0.0 ], [ -74.525469219998357, 3.893200110635181, 0.0 ], [ -74.525471303191495, 3.89720403840834, 0.0 ], [ -74.525471418175854, 3.897424345335115, 0.0 ], [ -74.525206787069578, 3.899592448387196, 0.0 ], [ -74.5248057413975, 3.902878176531451, 0.0 ], [ -74.524775482545465, 3.903125739066015, 0.0 ], [ -74.524775478053897, 3.903125782085129, 0.0 ], [ -74.524166830821343, 3.907862881143253, 0.0 ], [ -74.523760790516278, 3.909251913884121, 0.0 ], [ -74.52373092961794, 3.909354069206352, 0.0 ], [ -74.523382297049423, 3.910933382057475, 0.0 ], [ -74.523489983492425, 3.911214066620003, 0.0 ], [ -74.523819567285329, 3.91207313093611, 0.0 ], [ -74.523122312029784, 3.914178811174294, 0.0 ], [ -74.523057417733654, 3.915631221177935, 0.0 ], [ -74.523036094423773, 3.916108405324204, 0.0 ], [ -74.522512057711211, 3.916941762910658, 0.0 ], [ -74.521290254601695, 3.917819570189081, 0.0 ], [ -74.520302767152586, 3.91827775600775, 0.0 ], [ -74.520291409752431, 3.918283025754862, 0.0 ], [ -74.520154938592782, 3.918346349650612, 0.0 ], [ -74.519369675388859, 3.918961128113047, 0.0 ], [ -74.5185488110519, 3.919755683965876, 0.0 ], [ -74.517012415234944, 3.921242868081369, 0.0 ], [ -74.514918080286606, 3.923787289856172, 0.0 ], [ -74.514132605978588, 3.925103447887871, 0.0 ], [ -74.514132614961753, 3.925103492698273, 0.0 ], [ -74.514395606642637, 3.926594274525878, 0.0 ], [ -74.514920009867851, 3.927558785829515, 0.0 ], [ -74.515134348792955, 3.928203705844652, 0.0 ], [ -74.515135619010763, 3.92820752726212, 0.0 ], [ -74.515217687298474, 3.928454462132105, 0.0 ], [ -74.515444737384854, 3.929137635917082, 0.0 ], [ -74.514921761582642, 3.930979847212633, 0.0 ], [ -74.513176571242511, 3.934050837680173, 0.0 ], [ -74.513181888370681, 3.933983089546732, 0.0 ], [ -74.513134728614901, 3.933954844053714, 0.0 ], [ -74.512729021584832, 3.933711850503275, 0.0 ], [ -74.511551730895945, 3.933305239571617, 0.0 ], [ -74.510872090704822, 3.932219686908242, 0.0 ], [ -74.509875600339939, 3.931224797071496, 0.0 ], [ -74.508684291441057, 3.929927943944574, 0.0 ], [ -74.508276570388119, 3.929385205023893, 0.0 ], [ -74.507597082012254, 3.928571121074463, 0.0 ], [ -74.507370264589539, 3.927666319733483, 0.0 ], [ -74.507369409393391, 3.925966023618469, 0.0 ], [ -74.507278494496745, 3.925242134299863, 0.0 ], [ -74.506734686763096, 3.924156506617814, 0.0 ], [ -74.506145924637664, 3.923704342965636, 0.0 ], [ -74.505207766375747, 3.923127614808315, 0.0 ], [ -74.504949057862135, 3.922960491287149, 0.0 ], [ -74.504698495271512, 3.922632518516655, 0.0 ], [ -74.503936739181952, 3.920200557265711, 0.0 ], [ -74.503854345704084, 3.920076249763825, 0.0 ], [ -74.503449362716111, 3.919739591548639, 0.0 ], [ -74.501586747296997, 3.918127876498998, 0.0 ], [ -74.499720287088465, 3.916574943032912, 0.0 ], [ -74.497975696822934, 3.914180363427149, 0.0 ], [ -74.497928084316257, 3.913895697952197, 0.0 ], [ -74.49791064711826, 3.913749974328743, 0.0 ], [ -74.497899231327636, 3.913624631630161, 0.0 ], [ -74.497876431187422, 3.913476508776911, 0.0 ], [ -74.497830861449685, 3.913237224105266, 0.0 ], [ -74.497796105631338, 3.912994556130398, 0.0 ], [ -74.496987364059137, 3.911673349444984, 0.0 ], [ -74.496399225364542, 3.910792566534954, 0.0 ], [ -74.495443553547844, 3.909471439726868, 0.0 ], [ -74.493752726553765, 3.907073111513913, 0.0 ], [ -74.490211852469727, 3.907221679131261, 0.0 ], [ -74.488595585644219, 3.90707561736594, 0.0 ], [ -74.488007140624092, 3.905534026705017, 0.0 ], [ -74.487418873470389, 3.904359538220571, 0.0 ], [ -74.486830819217417, 3.903625598705458, 0.0 ], [ -74.486463214230113, 3.903038390527322, 0.0 ], [ -74.485948670015162, 3.902377836962706, 0.0 ], [ -74.485801347206873, 3.901541898984479, 0.0 ], [ -74.485727709608085, 3.901174823216617, 0.0 ], [ -74.485360324708026, 3.901028147375281, 0.0 ], [ -74.484184363525785, 3.899853951932233, 0.0 ], [ -74.483963763343155, 3.899413507786464, 0.0 ], [ -74.483449179602303, 3.898679529893417, 0.0 ], [ -74.482640781186561, 3.898019115404165, 0.0 ], [ -74.482273293878549, 3.897652168948484, 0.0 ], [ -74.482052664051508, 3.897138310998319, 0.0 ], [ -74.481538313872662, 3.896918287207918, 0.0 ], [ -74.48050964046439, 3.89647823945445, 0.0 ], [ -74.480289183113896, 3.896331497368266, 0.0 ], [ -74.480289078909308, 3.896111225108582, 0.0 ], [ -74.480212402309931, 3.895905625126537, 0.0 ], [ -74.478452157103959, 3.895342420928999, 0.0 ], [ -74.477129628596586, 3.89490250768358, 0.0 ], [ -74.476012409149078, 3.893626477179012, 0.0 ], [ -74.474468853759319, 3.891791628862307, 0.0 ], [ -74.472484892115006, 3.890764626969366, 0.0 ], [ -74.471970498817001, 3.89039774456942, 0.0 ], [ -74.470794570872428, 3.889223518160606, 0.0 ], [ -74.470206407024989, 3.888195868735548, 0.0 ], [ -74.469691573552495, 3.886874492213475, 0.0 ], [ -74.469470888029917, 3.886213783458452, 0.0 ], [ -74.468605328914308, 3.885261562414661, 0.0 ], [ -74.468580857009343, 3.885261699541007, 0.0 ], [ -74.468576859506328, 3.885261717466028, 0.0 ], [ -74.468508206659052, 3.885261748834795, 0.0 ], [ -74.468405781648684, 3.885251054771098, 0.0 ], [ -74.468246556162882, 3.885297468906623, 0.0 ], [ -74.468121688541771, 3.885424141383986, 0.0 ], [ -74.468122940793265, 3.885698811660582, 0.0 ], [ -74.468181607069525, 3.886007941762012, 0.0 ], [ -74.468228424567187, 3.886259433040042, 0.0 ], [ -74.468378904055371, 3.886773692873813, 0.0 ], [ -74.468563734221718, 3.88734557669386, 0.0 ], [ -74.468633677948048, 3.887711222703807, 0.0 ], [ -74.468682314534149, 3.888260563470212, 0.0 ], [ -74.468660500744136, 3.888547134986232, 0.0 ], [ -74.468672368387345, 3.888661287299642, 0.0 ], [ -74.468651124129181, 3.888970458438611, 0.0 ], [ -74.468629261830117, 3.889142284165275, 0.0 ], [ -74.468618632963668, 3.889291497559583, 0.0 ], [ -74.468619270767519, 3.88945144437283, 0.0 ], [ -74.46860926084031, 3.889714829600516, 0.0 ], [ -74.468586804754835, 3.889840887485811, 0.0 ], [ -74.468542429776448, 3.890024590082591, 0.0 ], [ -74.468485650860586, 3.890128046401554, 0.0 ], [ -74.468406351180562, 3.890219640899363, 0.0 ], [ -74.468167828709696, 3.890392699604817, 0.0 ], [ -74.467985518317732, 3.890405216566155, 0.0 ], [ -74.467848771375287, 3.890405844834097, 0.0 ], [ -74.467643365297363, 3.890372023226212, 0.0 ], [ -74.467358038803553, 3.890328072252265, 0.0 ], [ -74.467186948369502, 3.890259759533588, 0.0 ], [ -74.467049603149079, 3.890180697241018, 0.0 ], [ -74.466946588843882, 3.89008918698609, 0.0 ], [ -74.466854825937617, 3.889998230601084, 0.0 ], [ -74.466763009132407, 3.889803841162553, 0.0 ], [ -74.466670612913859, 3.889541070787549, 0.0 ], [ -74.466543889373355, 3.889289622612001, 0.0 ], [ -74.466382818747974, 3.889004272036486, 0.0 ], [ -74.466130546663351, 3.888604800427375, 0.0 ], [ -74.465923281072804, 3.888193433630825, 0.0 ], [ -74.465796529684525, 3.887885467660346, 0.0 ], [ -74.465704139754195, 3.887667907031028, 0.0 ], [ -74.465634850899704, 3.887496680593942, 0.0 ], [ -74.465623561771508, 3.887428304012169, 0.0 ], [ -74.465554276510275, 3.887268386391249, 0.0 ], [ -74.465381994910146, 3.88705142698568, 0.0 ], [ -74.465175944740167, 3.886868972215818, 0.0 ], [ -74.465061661968022, 3.886732242247409, 0.0 ], [ -74.465015493952322, 3.886675180750141, 0.0 ], [ -74.46486685870542, 3.886504559079854, 0.0 ], [ -74.464569071680316, 3.886253745439685, 0.0 ], [ -74.4643517934676, 3.886117638265141, 0.0 ], [ -74.464215025863894, 3.886060608991293, 0.0 ], [ -74.463986525896658, 3.885970280442858, 0.0 ], [ -74.463906595599312, 3.885913799664075, 0.0 ], [ -74.463803613633445, 3.885891237465504, 0.0 ], [ -74.463621265512245, 3.885834798805166, 0.0 ], [ -74.463381533010676, 3.885801572124015, 0.0 ], [ -74.463142363752823, 3.885779631920073, 0.0 ], [ -74.462833964030935, 3.885701207337508, 0.0 ], [ -74.462514304825277, 3.885622227072461, 0.0 ], [ -74.462343224272672, 3.885600262665084, 0.0 ], [ -74.462137826279616, 3.885578312597161, 0.0 ], [ -74.461887419097536, 3.885579551215188, 0.0 ], [ -74.461579598789015, 3.885569521277058, 0.0 ], [ -74.46137420888077, 3.885570741073861, 0.0 ], [ -74.461077654344223, 3.885537524241069, 0.0 ], [ -74.460962244186405, 3.885496952775613, 0.0 ] ] ] } },
{ "type": "Feature", "properties": { "OBJECTID": 6817, "DPTOMPIO": "25120", "CODIGO_VER": "25120002", "NOM_DEP": "CUNDINAMARCA", "NOMB_MPIO": "CABRERA", "NOMBRE_VER": "BAJO ARIARI", "VIGENCIA": "2010", "FUENTE": "EOT CABRERA", "DESCRIPCIO": "NULL", "SEUDONIMOS": "NULL", "AREA_HA": 207.04919209, "COD_DPTO": "25", "ShapeSTAre": 2094403.7895507812, "ShapeSTLen": 11152.969198262421 }, "geometry": { "type": "Polygon", "coordinates": [ [ [ -74.517126717770026, 4.017695158199212, 0.0 ], [ -74.516940226618715, 4.017415577048875, 0.0 ], [ -74.51672540889156, 4.017121948409684, 0.0 ], [ -74.516463177185415, 4.016772924918215, 0.0 ], [ -74.516098414467663, 4.016354368590121, 0.0 ], [ -74.515787357529163, 4.015975054476685, 0.0 ], [ -74.515505274851847, 4.015644900776959, 0.0 ], [ -74.515359706453339, 4.015446950974502, 0.0 ], [ -74.51519488805657, 4.01528606693456, 0.0 ], [ -74.515153831454839, 4.015234951010163, 0.0 ], [ -74.515647547331611, 4.015198421071369, 0.0 ], [ -74.515750066665092, 4.015175663451859, 0.0 ], [ -74.516034878424236, 4.01508449317422, 0.0 ], [ -74.516194441676589, 4.014970306285202, 0.0 ], [ -74.516650395073782, 4.014593405651658, 0.0 ], [ -74.516775924753262, 4.014353379585033, 0.0 ], [ -74.516867242095159, 4.014170501169001, 0.0 ], [ -74.51693572605916, 4.014033336057291, 0.0 ], [ -74.517106746424616, 4.013850534635186, 0.0 ], [ -74.517323357189085, 4.013644919054937, 0.0 ], [ -74.517551352303144, 4.013439321345131, 0.0 ], [ -74.517722347515786, 4.013290828352934, 0.0 ], [ -74.518041493783414, 4.013039588844623, 0.0 ], [ -74.518280836416139, 4.012868299563033, 0.0 ], [ -74.518622762162721, 4.012628513147654, 0.0 ], [ -74.518896285692009, 4.012434405148239, 0.0 ], [ -74.518941879684263, 4.012400141355062, 0.0 ], [ -74.519272266571036, 4.01228613869007, 0.0 ], [ -74.519586186440321, 4.012070031015481, 0.0 ], [ -74.519934747143608, 4.011836555697176, 0.0 ], [ -74.520190411266725, 4.011766436560496, 0.0 ], [ -74.520469244737654, 4.011556333610912, 0.0 ], [ -74.520582841196912, 4.011464178995515, 0.0 ], [ -74.520833611298372, 4.011258598659108, 0.0 ], [ -74.521072976388979, 4.011064445528462, 0.0 ], [ -74.521460544636824, 4.010733216297313, 0.0 ], [ -74.521665773746648, 4.010516140407224, 0.0 ], [ -74.521893935049036, 4.010161870021999, 0.0 ], [ -74.522144929729293, 4.009750420092748, 0.0 ], [ -74.522270471985209, 4.009510402460394, 0.0 ], [ -74.522532792624588, 4.009156154042177, 0.0 ], [ -74.522772251139969, 4.008881945776223, 0.0 ], [ -74.52297755301332, 4.008596252774991, 0.0 ], [ -74.523137436065909, 4.0081847160304, 0.0 ], [ -74.523263033119036, 4.007898947511566, 0.0 ], [ -74.523616795067809, 4.007236016783422, 0.0 ], [ -74.523788110979027, 4.006790174104501, 0.0 ], [ -74.523970747459444, 4.006401541279287, 0.0 ], [ -74.524164728763566, 4.006058652528911, 0.0 ], [ -74.524370264198907, 4.005555671642209, 0.0 ], [ -74.524552968951284, 4.005121286752335, 0.0 ], [ -74.5246900267108, 4.00475546570813, 0.0 ], [ -74.524770102535228, 4.004435332394882, 0.0 ], [ -74.5248500337309, 4.004241002900431, 0.0 ], [ -74.52487297670325, 4.004080910619337, 0.0 ], [ -74.524918961462646, 4.003692121478142, 0.0 ], [ -74.524964755779209, 4.003474873455925, 0.0 ], [ -74.525056325547681, 4.003051821634277, 0.0 ], [ -74.525102119864229, 4.002834578818883, 0.0 ], [ -74.525284922532975, 4.0022972609407, 0.0 ], [ -74.525376203043947, 4.002137248034636, 0.0 ], [ -74.525593105760876, 4.001657150880749, 0.0 ], [ -74.525730156333893, 4.001302772708891, 0.0 ], [ -74.525901495601289, 4.000834061244426, 0.0 ], [ -74.526027146553332, 4.000491100264265, 0.0 ], [ -74.526209787525332, 4.000102467137151, 0.0 ], [ -74.526346605434682, 3.999953934982619, 0.0 ], [ -74.526506628624446, 3.999416596396189, 0.0 ], [ -74.526645933070512, 3.999142134847704, 0.0 ], [ -74.526971078287573, 3.998605406888664, 0.0 ], [ -74.527110398004993, 3.998325379212177, 0.0 ], [ -74.527272991274799, 3.998091999442683, 0.0 ], [ -74.527412363992809, 3.997905301672931, 0.0 ], [ -74.527621468434759, 3.997718561742573, 0.0 ], [ -74.527784011398893, 3.997391872281378, 0.0 ], [ -74.528080736615337, 3.997108145861072, 0.0 ], [ -74.528388049375707, 3.996761664217101, 0.0 ], [ -74.528620342030095, 3.996458270193993, 0.0 ], [ -74.528867651821074, 3.996068294542434, 0.0 ], [ -74.529061600785852, 3.995748281500971, 0.0 ], [ -74.529267089508778, 3.995291046313798, 0.0 ], [ -74.529472548587307, 3.994868122895188, 0.0 ], [ -74.529575256567, 3.994662378879943, 0.0 ], [ -74.529735061466155, 3.994319460124724, 0.0 ], [ -74.529906376479047, 3.993873617585543, 0.0 ], [ -74.530134694986586, 3.993370661480196, 0.0 ], [ -74.530340227726981, 3.992867675494213, 0.0 ], [ -74.530420273906984, 3.992570416764736, 0.0 ], [ -74.530454653331248, 3.992364592417357, 0.0 ], [ -74.530523551418582, 3.991850020569581, 0.0 ], [ -74.530535214245916, 3.991609866856814, 0.0 ], [ -74.530546961514887, 3.99127821932821, 0.0 ], [ -74.530558516544374, 3.991118117346755, 0.0 ], [ -74.530524608735675, 3.99088934794427, 0.0 ], [ -74.53053633624171, 3.990580576718591, 0.0 ], [ -74.530548082612356, 3.99026036259498, 0.0 ], [ -74.530582681225525, 3.98986011515202, 0.0 ], [ -74.530571974205657, 3.989242534172987, 0.0 ], [ -74.530661833581846, 3.98889867041575, 0.0 ], [ -74.530615144543262, 3.988525429267914, 0.0 ], [ -74.530504633797023, 3.988338966799084, 0.0 ], [ -74.53048223430541, 3.987995849148501, 0.0 ], [ -74.530471156281322, 3.987709915871272, 0.0 ], [ -74.530482786769312, 3.987492639420342, 0.0 ], [ -74.530482941279544, 3.987355384708386, 0.0 ], [ -74.530403475411177, 3.987126580204829, 0.0 ], [ -74.530381039986963, 3.986817763654184, 0.0 ], [ -74.530381519687324, 3.986371728853183, 0.0 ], [ -74.530311638843045, 3.986076089790684, 0.0 ], [ -74.53031148972272, 3.985796134908798, 0.0 ], [ -74.530264849193173, 3.985516222946449, 0.0 ], [ -74.530311221126453, 3.985306232455134, 0.0 ], [ -74.530334297049478, 3.984979624981654, 0.0 ], [ -74.530326461045235, 3.984667628106638, 0.0 ], [ -74.530338173279915, 3.984370287550052, 0.0 ], [ -74.530361550138565, 3.983821355198368, 0.0 ], [ -74.530373177033283, 3.983604066070116, 0.0 ], [ -74.530384826385884, 3.983363920701712, 0.0 ], [ -74.530384988980956, 3.983215243032109, 0.0 ], [ -74.530396597909373, 3.983020831444182, 0.0 ], [ -74.53045374513448, 3.982826474475247, 0.0 ], [ -74.530488154203127, 3.982609213760925, 0.0 ], [ -74.530568265061859, 3.982243330705128, 0.0 ], [ -74.530671079941072, 3.981946100394645, 0.0 ], [ -74.530796671604307, 3.981660320943888, 0.0 ], [ -74.530910862748286, 3.981374533328558, 0.0 ], [ -74.53103648046266, 3.98105444645749, 0.0 ], [ -74.531173540018813, 3.980677192383394, 0.0 ], [ -74.531310544777753, 3.980368556226215, 0.0 ], [ -74.531561474779323, 3.98000286395038, 0.0 ], [ -74.531746227690562, 3.979703192616863, 0.0 ], [ -74.53182208322977, 3.980374303226218, 0.0 ], [ -74.531751474750109, 3.984006182331844, 0.0 ], [ -74.532258799205152, 3.985530794228971, 0.0 ], [ -74.532346673304559, 3.985779247998607, 0.0 ], [ -74.532346682287695, 3.985779279363596, 0.0 ], [ -74.532635309191846, 3.986595395090516, 0.0 ], [ -74.532606714019735, 3.986777388897372, 0.0 ], [ -74.532685593288207, 3.987051826800125, 0.0 ], [ -74.53268565078038, 3.987052026639591, 0.0 ], [ -74.532980346702601, 3.987727835991726, 0.0 ], [ -74.533196161559715, 3.988209254141991, 0.0 ], [ -74.533417560344645, 3.988639230023344, 0.0 ], [ -74.533603637372593, 3.989291912314556, 0.0 ], [ -74.533603673305208, 3.989293114932724, 0.0 ], [ -74.533608793702328, 3.989463160823241, 0.0 ], [ -74.53363142136601, 3.989669453681973, 0.0 ], [ -74.533631148278175, 3.989756440031517, 0.0 ], [ -74.533631148278175, 3.989756592375023, 0.0 ], [ -74.533630458372031, 3.989978597147419, 0.0 ], [ -74.533635628176498, 3.990167366798911, 0.0 ], [ -74.533577821587954, 3.990459030916075, 0.0 ], [ -74.533531265500045, 3.990750692241284, 0.0 ], [ -74.533525208160086, 3.990990899973546, 0.0 ], [ -74.533532692024721, 3.99234111994312, 0.0 ], [ -74.533532767483194, 3.992478459851016, 0.0 ], [ -74.533532242867068, 3.992547412975065, 0.0 ], [ -74.53349086377014, 3.993039145498583, 0.0 ], [ -74.533456460091386, 3.993386555317594, 0.0 ], [ -74.533456294801368, 3.993388223023439, 0.0 ], [ -74.533444406496926, 3.993508273640622, 0.0 ], [ -74.533423069712285, 3.993688986236557, 0.0 ], [ -74.533422668165358, 3.993692379895743, 0.0 ], [ -74.533422249550412, 3.993695927689952, 0.0 ], [ -74.533391748153264, 3.993954231083371, 0.0 ], [ -74.533301147666961, 3.994175688975509, 0.0 ], [ -74.533299836126659, 3.994178893548531, 0.0 ], [ -74.533190537207716, 3.994446054169583, 0.0 ], [ -74.533133221099334, 3.994606030043304, 0.0 ], [ -74.533115367981367, 3.994862935183322, 0.0 ], [ -74.53311535001508, 3.994863200438567, 0.0 ], [ -74.533068855910898, 3.995258287305161, 0.0 ], [ -74.532906496203083, 3.996122934356233, 0.0 ], [ -74.532906437812599, 3.996123243521554, 0.0 ], [ -74.532894894461194, 3.996184719020547, 0.0 ], [ -74.532539591003399, 3.99689310236615, 0.0 ], [ -74.532408020153625, 3.99710454162544, 0.0 ], [ -74.532194079182176, 3.997301670530627, 0.0 ], [ -74.532193492582294, 3.997302210897007, 0.0 ], [ -74.532104835151969, 3.997383919128614, 0.0 ], [ -74.531837176723172, 3.997604359883729, 0.0 ], [ -74.531834108078172, 3.99760688876161, 0.0 ], [ -74.531578857180065, 3.997817126127262, 0.0 ], [ -74.531299199954034, 3.998045113069697, 0.0 ], [ -74.531298246841516, 3.998045890909826, 0.0 ], [ -74.531144571147536, 3.998171177823336, 0.0 ], [ -74.530559050143665, 3.998524309042383, 0.0 ], [ -74.530540621205603, 3.998535424622053, 0.0 ], [ -74.530539756127993, 3.998535944376646, 0.0 ], [ -74.530521772754327, 3.998546791117565, 0.0 ], [ -74.530521740414983, 3.99854681441691, 0.0 ], [ -74.530230367360986, 3.998757760379077, 0.0 ], [ -74.529577976665678, 3.999591200581431, 0.0 ], [ -74.529411566454243, 3.99989988149129, 0.0 ], [ -74.529205259366094, 4.000362889644196, 0.0 ], [ -74.529118732739605, 4.000620085117446, 0.0 ], [ -74.528863715403489, 4.001564865211945, 0.0 ], [ -74.528862015790978, 4.001571161388465, 0.0 ], [ -74.528860780607459, 4.001575740588798, 0.0 ], [ -74.52873286320596, 4.002049645568141, 0.0 ], [ -74.52873752366564, 4.002323757550066, 0.0 ], [ -74.528742277550123, 4.002793433287492, 0.0 ], [ -74.528743565734246, 4.003014505250553, 0.0 ], [ -74.528743574717382, 4.003016108415908, 0.0 ], [ -74.528743581005614, 4.003017142542717, 0.0 ], [ -74.528745988490556, 4.003428121809479, 0.0 ], [ -74.528768626934053, 4.003663226887844, 0.0 ], [ -74.528830171412466, 4.004035082909942, 0.0 ], [ -74.528828805973234, 4.004624577247171, 0.0 ], [ -74.528828766447361, 4.00462466058652, 0.0 ], [ -74.528754052666869, 4.004812820191556, 0.0 ], [ -74.528542552418074, 4.005018659335398, 0.0 ], [ -74.528359173030893, 4.0051950975827, 0.0 ], [ -74.528066268349377, 4.005740634570459, 0.0 ], [ -74.528066257569591, 4.005740661454097, 0.0 ], [ -74.528020308742811, 4.006115402039744, 0.0 ], [ -74.527922073474912, 4.006590211264001, 0.0 ], [ -74.527548554878081, 4.006920365038102, 0.0 ], [ -74.527544560070012, 4.006923897540981, 0.0 ], [ -74.52754086979084, 4.006927159415778, 0.0 ], [ -74.527270113072618, 4.007166497651997, 0.0 ], [ -74.527047345255198, 4.0073542578995, 0.0 ], [ -74.526967807521629, 4.007443409187758, 0.0 ], [ -74.526967002631139, 4.007444312475592, 0.0 ], [ -74.526812795134518, 4.007617186335719, 0.0 ], [ -74.526635123642677, 4.007937177713266, 0.0 ], [ -74.526595835823713, 4.008067014497574, 0.0 ], [ -74.526595723534314, 4.008067389971075, 0.0 ], [ -74.526595635499419, 4.008067681209518, 0.0 ], [ -74.526566020739452, 4.008165549856852, 0.0 ], [ -74.526557722102851, 4.008259998906215, 0.0 ], [ -74.526557700543293, 4.008260254299833, 0.0 ], [ -74.526536374538438, 4.008502980367023, 0.0 ], [ -74.526484216556426, 4.008840423283597, 0.0 ], [ -74.526460693272384, 4.009052380101599, 0.0 ], [ -74.526385503384788, 4.009469526995893, 0.0 ], [ -74.526252958761248, 4.009984481170945, 0.0 ], [ -74.526160629916347, 4.010207061145867, 0.0 ], [ -74.526160417913928, 4.010207571931894, 0.0 ], [ -74.526143930235222, 4.010247324526373, 0.0 ], [ -74.526143919455436, 4.010247350513743, 0.0 ], [ -74.526040498213405, 4.010498913482329, 0.0 ], [ -74.525955271449135, 4.010677391897996, 0.0 ], [ -74.525954500694624, 4.010679004905604, 0.0 ], [ -74.52593143465306, 4.010727305520907, 0.0 ], [ -74.52593141668676, 4.010727352118895, 0.0 ], [ -74.525791258841195, 4.011149179462117, 0.0 ], [ -74.525667350620793, 4.011522100248799, 0.0 ], [ -74.525686784773654, 4.011578304542879, 0.0 ], [ -74.525686928504101, 4.011578718547718, 0.0 ], [ -74.525740627096837, 4.011734004396701, 0.0 ], [ -74.525808820006688, 4.011911434089193, 0.0 ], [ -74.525830852087353, 4.012065718915815, 0.0 ], [ -74.52583652494836, 4.012145971280906, 0.0 ], [ -74.52583040382801, 4.012277661455582, 0.0 ], [ -74.525796180710643, 4.012426199437678, 0.0 ], [ -74.525796160049396, 4.012426322205232, 0.0 ], [ -74.525795119800279, 4.012428484526896, 0.0 ], [ -74.525795073986203, 4.012428575930478, 0.0 ], [ -74.525738809805006, 4.012546174678234, 0.0 ], [ -74.525624125485948, 4.012780787857304, 0.0 ], [ -74.525624094943225, 4.012780807571795, 0.0 ], [ -74.525458159940584, 4.012888827717957, 0.0 ], [ -74.525324611000542, 4.013117871458397, 0.0 ], [ -74.525251803445087, 4.01324274474843, 0.0 ], [ -74.525177069003334, 4.013466033556564, 0.0 ], [ -74.525289381770065, 4.014055459261608, 0.0 ], [ -74.525408812787077, 4.014273556674209, 0.0 ], [ -74.525488265180698, 4.014456632211656, 0.0 ], [ -74.525505066371451, 4.014550879804864, 0.0 ], [ -74.525589310378805, 4.015023457293251, 0.0 ], [ -74.525594049890245, 4.015463735116658, 0.0 ], [ -74.525598738197715, 4.015807364587609, 0.0 ], [ -74.525598070749453, 4.015976240029588, 0.0 ], [ -74.525598062664599, 4.015978580667664, 0.0 ], [ -74.525597744660999, 4.016058869388632, 0.0 ], [ -74.525593478561731, 4.016201413503985, 0.0 ], [ -74.525593359984114, 4.016205388644723, 0.0 ], [ -74.525585582370368, 4.016465245955038, 0.0 ], [ -74.525590771039447, 4.016694140834069, 0.0 ], [ -74.52566926493067, 4.017186374111024, 0.0 ], [ -74.525673889457735, 4.017415272372194, 0.0 ], [ -74.525633531745285, 4.017718232074428, 0.0 ], [ -74.525431877930316, 4.018450253989487, 0.0 ], [ -74.525316207261056, 4.018953333573025, 0.0 ], [ -74.525201032461851, 4.019307775779804, 0.0 ], [ -74.525017290155319, 4.019873613567481, 0.0 ], [ -74.524902084813391, 4.020182267999249, 0.0 ], [ -74.524756543364333, 4.020446778409894, 0.0 ], [ -74.524755942391394, 4.020447868969208, 0.0 ], [ -74.524615896835243, 4.02070239221096, 0.0 ], [ -74.524538020086624, 4.020857547284796, 0.0 ], [ -74.524537782033093, 4.020858023116118, 0.0 ], [ -74.524495584570928, 4.02094209381204, 0.0 ], [ -74.524357843193457, 4.021187999069237, 0.0 ], [ -74.524357829718738, 4.021188025056252, 0.0 ], [ -74.524260566427984, 4.02137628300115, 0.0 ], [ -74.524208414734161, 4.021530849206775, 0.0 ], [ -74.524208306936316, 4.021531170907871, 0.0 ], [ -74.524208259325619, 4.021531347440272, 0.0 ], [ -74.524162249413394, 4.021702448513505, 0.0 ], [ -74.524131102127541, 4.022378432668263, 0.0 ], [ -74.523613156890931, 4.022270010532468, 0.0 ], [ -74.523568225855357, 4.022260605935535, 0.0 ], [ -74.523053743624146, 4.02211336371639, 0.0 ], [ -74.523053709488167, 4.022113350274856, 0.0 ], [ -74.522627580158414, 4.02189204601356, 0.0 ], [ -74.522200853449007, 4.021670726458426, 0.0 ], [ -74.521730138036745, 4.021272522263499, 0.0 ], [ -74.521289217945863, 4.020800266512506, 0.0 ], [ -74.521091490666976, 4.020571081551939, 0.0 ], [ -74.521086497830638, 4.020565293613108, 0.0 ], [ -74.520818436956588, 4.020254586350182, 0.0 ], [ -74.520818410905449, 4.020254554090402, 0.0 ], [ -74.520436022343503, 4.019782260113275, 0.0 ], [ -74.520215177819111, 4.019369235198294, 0.0 ], [ -74.520082751773188, 4.019044318820471, 0.0 ], [ -74.519920530405926, 4.018822852426863, 0.0 ], [ -74.51953830803231, 4.018646154563591, 0.0 ], [ -74.518994592825138, 4.018565065873986, 0.0 ], [ -74.518332698852433, 4.018491372745467, 0.0 ], [ -74.517877355411315, 4.018403444056818, 0.0 ], [ -74.517524329182763, 4.018137431107754, 0.0 ], [ -74.51745892733851, 4.018064665411563, 0.0 ], [ -74.517458483570763, 4.018064172552593, 0.0 ], [ -74.517126759092534, 4.017695102640532, 0.0 ], [ -74.517126717770026, 4.017695158199212, 0.0 ] ] ] } }
]
}
